artist,genre_idx
4108,4
10723,4
4902,9
14083,0
9612,1
7634,5
525,6
6792,9
13521,1
11842,10
6054,0
1710,1
11491,2
5892,2
10743,4
13954,1
3469,5
8283,4
11385,3
9642,1
104,2
13061,1
2927,3
13041,0
7650,0
4831,2
11468,1
5943,6
2396,1
11960,1
10102,1
10969,1
13417,1
14510,1
691,1
3717,0
12791,1
1364,5
7261,1
5239,3
4786,7
4681,1
11314,1
2847,4
9728,1
13370,1
752,8
1662,10
2595,0
8748,4
1783,3
955,0
8791,3
12480,1
9376,10
6785,1
1247,0
12715,1
1347,0
9293,0
2926,1
11007,2
8422,5
2338,0
193,5
14414,0
13994,1
6893,5
11014,1
3032,2
2450,8
4136,3
3479,0
10917,1
5294,0
12806,6
3765,4
875,3
3452,1
3840,1
14013,6
12988,1
2743,8
3166,0
6740,0
9551,1
1553,3
8950,1
6382,0
11974,2
14503,1
11585,1
8986,0
11823,8
11734,1
2804,2
10603,6
12137,2
6091,1
6343,1
10037,1
4179,1
12239,5
2613,1
3671,6
10684,1
7371,0
10003,1
196,5
13913,0
7790,4
2451,3
211,4
11187,0
5458,5
8282,2
1704,3
7611,0
13019,0
9011,1
13378,1
9272,2
14303,1
4218,1
4446,1
5894,1
1470,1
13516,1
478,0
5094,1
13722,0
1109,2
4879,1
3169,0
8863,1
11537,1
10649,1
8032,1
13198,1
5933,1
8602,7
11874,1
8318,3
13218,1
12951,1
9068,1
503,8
11290,1
10042,7
3384,7
11332,0
4087,4
2238,1
13394,1
102,1
8664,4
5833,1
4050,1
5557,4
10340,6
1887,2
13628,1
2082,1
12775,1
3473,1
5641,1
4697,1
505,0
10796,7
7684,5
5908,1
10459,5
4539,1
8276,0
1680,6
415,0
4580,0
8010,1
13450,0
2487,1
648,8
4931,3
1187,1
12140,1
4747,4
5099,0
6633,4
9825,1
12496,1
6092,2
10824,1
1505,7
8493,3
10574,1
5359,8
5592,9
7508,0
2300,4
11072,1
7927,1
8378,1
13939,1
3496,7
12641,0
6661,1
9185,0
8985,0
6975,0
13815,0
12226,0
8314,6
13139,3
7864,1
13069,5
3977,1
12630,0
3279,0
14560,1
13343,4
12675,0
9820,1
614,1
12024,0
5336,2
6278,2
10177,3
3612,1
12388,2
123,9
6475,1
5149,8
5593,1
10323,1
8823,1
1229,0
4217,2
2178,0
2077,1
14525,5
9854,0
5952,1
4251,0
4521,5
7868,1
759,10
4967,5
7022,1
6434,1
12548,1
4048,3
9508,1
7905,5
10232,6
75,0
2535,1
8576,8
11073,0
4297,1
10164,0
14413,1
9031,1
12200,2
12232,1
2521,1
14435,1
47,4
6515,1
13158,1
13494,0
318,0
2173,1
1933,3
2420,1
1668,1
2707,0
8358,2
770,1
6987,1
7090,3
52,1
1772,1
3892,1
3616,1
11882,3
12419,4
5727,7
6606,0
12345,1
785,1
5250,0
11530,1
13038,1
587,1
3880,7
3747,1
5364,0
7819,1
13738,7
2598,2
13471,2
9116,1
1150,0
1254,1
4880,0
923,1
1175,1
9906,1
99,4
8338,1
3382,0
13174,1
6769,3
8510,1
11425,0
4622,7
6281,5
8040,0
7059,7
1654,0
10855,0
12702,1
14511,10
4478,5
6138,1
6839,7
4735,0
4575,1
11058,1
10490,1
6176,1
3695,7
12563,8
3011,0
5829,3
12719,1
3988,1
3099,0
4951,1
12869,1
5241,3
13456,1
4648,1
14595,2
10802,1
6171,10
606,2
861,1
3957,1
2856,1
188,2
9680,3
11864,0
2410,6
2678,9
14120,4
10531,4
8861,5
7687,1
6599,1
10813,1
921,1
10823,8
1261,0
1304,2
883,1
1180,1
10657,4
13003,8
293,0
13130,1
11044,10
13298,0
3344,0
1845,1
6326,2
13082,2
6648,5
439,1
4722,0
5686,2
6486,1
9952,0
14364,0
9650,3
9914,1
13024,1
9207,0
3029,1
357,1
10416,5
7286,1
4631,4
4544,2
9212,10
10688,10
2174,1
467,0
11403,2
11199,1
156,1
10415,0
3379,1
4550,1
8900,8
1757,1
13927,1
3357,1
11538,5
550,2
3842,1
2835,2
12380,1
409,5
9453,1
970,0
10306,1
10315,0
1586,1
9638,5
14615,5
7419,1
724,1
7063,1
14464,1
13280,2
9143,1
13799,5
13495,1
8952,1
9404,5
4370,2
1383,5
7318,3
9618,6
11905,0
6308,1
11552,1
412,1
3720,0
5395,1
7886,1
14151,1
710,1
4680,0
4875,1
11494,1
12050,1
13864,4
8450,0
11279,0
5339,0
11434,1
9584,1
10569,1
10546,3
2819,1
1612,0
2356,0
6313,0
1096,1
4850,1
475,8
2777,0
5132,1
1226,0
12993,1
12103,0
4340,4
10589,4
4642,1
13062,0
12159,1
4753,1
11100,1
6002,4
4824,3
7517,1
13571,5
13718,2
6208,1
790,4
5439,8
7615,1
2861,1
4530,4
4096,1
7613,0
9814,0
8887,1
12409,1
12724,0
928,3
11786,1
7478,7
5454,0
3381,1
13334,1
13065,0
1759,0
9023,9
7899,1
6294,3
5944,1
5689,4
4454,1
5630,1
7019,1
2913,2
13200,1
13293,1
9830,0
8498,1
11936,0
4016,1
3462,1
11127,7
14280,1
12969,1
3351,1
10172,1
11269,1
4733,1
9285,7
1523,2
13679,0
9080,2
1561,0
260,0
5197,1
8264,1
3292,1
8258,1
7930,5
12148,1
2903,4
10509,4
2122,1
5748,1
1078,0
735,4
2317,3
9548,1
13689,3
3418,3
7516,3
7168,5
6412,1
7813,1
6627,5
14051,0
6807,7
2002,6
10068,1
279,1
4318,0
12733,0
9908,1
1274,4
8740,0
8689,3
5042,3
5622,0
10307,1
8997,1
10887,0
532,1
5460,1
7289,0
11095,1
5532,1
4577,1
14261,1
6527,1
2101,0
12890,0
10910,0
3918,1
5549,4
4531,1
1914,5
13852,1
3023,5
4897,0
11282,0
8255,0
10598,2
6111,1
9403,1
5985,0
14402,6
12504,1
958,5
13726,1
2484,1
7510,1
126,5
4289,4
5680,0
2026,0
5039,0
3077,1
6909,1
7023,10
12327,6
10439,1
8223,1
3334,1
1873,3
13302,9
4152,1
8384,0
7303,1
1576,1
12463,0
8677,5
1475,0
1855,6
11372,4
6217,1
12591,1
14131,0
1509,1
6108,1
13795,2
2879,1
1664,2
8552,1
8470,1
1450,4
10478,5
9208,1
13479,3
7999,1
4798,1
13443,1
13997,1
5100,1
5412,1
9821,1
13740,1
12229,3
7458,2
284,0
11066,6
5297,6
12989,0
2135,0
7834,1
13951,2
10776,1
12360,1
789,2
7764,5
3651,1
10397,3
792,3
4406,2
4511,1
10228,0
618,1
12643,0
6782,1
2578,3
10457,5
12779,1
1792,0
5246,2
6336,1
8335,2
10320,1
494,1
11727,1
1057,1
2052,0
6200,4
149,1
7522,1
12467,1
10578,1
12254,1
7969,1
3596,0
11984,0
12082,1
7982,8
12145,6
11827,3
3018,0
1053,1
1421,0
14092,1
2421,1
4748,0
14000,1
11749,8
751,1
4847,2
13663,0
10548,1
8139,1
11711,6
5865,1
10034,1
5133,1
14291,1
14375,1
12479,10
8866,1
4934,1
13439,0
3217,1
5379,0
7593,10
2159,1
311,0
9249,4
10765,0
6003,1
8973,1
10500,8
479,10
13392,1
3991,1
4113,0
280,1
13869,5
8189,1
8756,5
13843,1
6019,1
8717,0
1720,0
1623,5
3148,2
12601,1
13109,1
1985,5
13095,0
810,1
9616,2
6664,1
13223,1
12665,1
11055,1
11726,1
14047,1
6779,0
9981,9
13517,9
11016,1
12339,0
11376,1
13012,4
2842,2
4788,2
2207,10
1536,1
4873,1
14032,1
8553,1
13097,0
1396,0
7220,1
10607,4
4554,1
9224,8
7887,0
11554,1
796,1
14330,0
12831,9
8252,1
13091,0
8793,1
13724,9
12393,1
13887,7
1201,1
2501,5
3201,2
2200,1
1373,10
1241,0
14293,9
12002,3
2539,1
7826,1
1578,0
13350,0
12830,0
13282,1
1551,3
11032,1
952,1
8945,2
9289,1
8307,6
9072,4
5708,1
450,2
6187,1
5724,0
2592,0
8362,1
5001,1
14322,2
13090,4
11180,1
9839,0
14017,2
4630,0
14020,1
10709,1
9539,3
12420,0
12782,4
2368,0
5020,0
2867,8
721,1
3897,1
10540,1
10958,1
5579,1
3808,0
9892,0
6005,3
2333,2
14372,1
6529,1
13820,0
11879,1
10437,1
6908,6
8434,8
4292,1
7154,1
849,1
13896,0
4852,1
4363,1
8015,1
6221,0
5755,4
11834,1
11294,0
10624,5
4522,4
2392,0
5722,1
3264,1
3791,1
7327,1
13207,4
3198,0
14104,5
11703,1
12887,0
2114,0
11221,1
11334,0
5994,1
2909,0
14419,4
11191,1
7071,10
7438,0
11927,1
12188,2
9101,0
9229,0
3108,5
3730,6
13813,1
13028,1
5066,1
10147,3
1577,0
5390,3
2211,6
1856,6
2438,3
10077,1
10806,1
14268,1
10701,1
4811,2
558,1
1895,8
12237,4
10059,1
6404,1
1751,1
10309,3
9753,1
13982,7
12899,1
12845,1
5799,0
11482,1
5784,3
7855,1
11821,5
13306,1
9804,5
10458,3
4412,0
485,1
1453,3
12631,5
711,8
1614,1
997,2
11190,1
5010,0
10581,5
12597,1
2878,5
7025,1
4408,1
3448,0
13341,3
7987,7
13681,1
3678,1
8681,4
7846,7
12095,9
12505,5
2455,1
6223,1
13444,9
5493,6
12139,1
2474,1
5770,3
13168,8
8313,8
10281,1
567,0
13704,1
569,1
11283,0
5553,4
2948,8
7178,1
14198,6
342,1
7402,0
3263,10
927,1
9519,1
1299,5
5423,9
6117,7
10446,1
1374,1
11710,1
9351,1
11259,1
3855,1
1972,1
8273,5
3704,7
4197,10
6266,1
624,3
1750,1
6638,1
12514,4
2839,3
22,0
13049,1
2009,0
4516,0
2705,0
8160,1
5148,6
9182,1
5925,1
13618,0
7532,5
6995,1
451,1
343,2
12171,1
9704,1
6152,6
11746,3
8615,0
10497,0
8254,8
8227,1
1684,10
13297,1
13586,1
11379,1
6072,0
438,1
11130,1
7625,1
9374,1
9354,5
8648,0
14241,1
2628,1
10816,1
14007,3
3430,1
11623,5
13016,0
686,2
6663,2
3178,9
6594,2
13800,0
10348,1
6690,7
7073,5
12118,3
14273,2
10777,1
11249,7
4390,4
1515,1
10076,1
8356,4
9344,5
7464,0
98,1
2360,1
12963,0
2448,5
12817,1
2902,7
10411,1
13128,5
7269,6
9157,1
5497,2
2996,2
387,1
14124,0
4601,1
1128,0
5389,1
13534,1
10226,4
5567,1
3306,1
9095,1
4566,4
6076,5
14442,1
3605,1
3674,5
366,1
9300,3
746,8
11830,7
9870,4
1632,1
4224,9
13318,1
13337,1
12314,0
3439,1
37,0
5732,1
12160,4
12853,3
7567,0
11836,5
11421,1
13074,1
12936,0
4540,1
11355,7
5468,0
12926,1
3824,1
1961,1
10072,0
11640,1
11568,1
3512,0
873,1
6866,1
2958,5
5980,0
10175,1
7345,1
5456,0
1250,1
12687,1
5694,0
10013,1
14249,1
13512,2
7172,0
2499,8
7065,0
336,1
3528,7
5601,1
5701,1
3839,1
3686,1
397,0
11822,2
10036,1
2941,5
2744,1
10722,2
8444,1
9983,1
7184,1
2090,0
8564,0
8807,1
2354,1
7487,4
12043,9
3284,4
10594,1
8250,2
1060,5
2828,3
1069,4
8642,0
4857,1
8213,1
3397,6
1801,8
8300,2
5137,1
11430,5
1616,0
9920,1
14048,6
13382,1
6140,2
512,1
14401,5
10501,1
13216,1
1894,1
11302,1
9173,1
8380,1
12135,5
10132,1
11626,1
8495,6
8413,3
8656,9
1066,8
548,1
6350,0
14206,2
12627,1
2102,0
5816,0
12011,1
851,1
9219,1
6030,1
14498,0
12657,1
13004,1
2358,1
9711,2
4608,0
14027,3
390,8
14233,10
5852,0
1155,1
11663,1
9439,1
4415,1
4200,10
12443,1
969,1
7736,2
6298,3
11706,0
9900,4
9198,1
10861,0
10706,1
12342,4
11145,1
3421,1
9356,1
4181,1
10,3
11419,1
6983,1
3521,1
12469,5
10484,1
12564,1
12164,3
14014,0
10736,1
5120,1
8590,0
12596,1
101,1
10641,1
3669,0
237,4
7387,0
8844,1
5760,9
7396,3
13299,1
7108,1
1992,4
3911,1
1072,1
67,0
13958,1
253,1
7627,4
2299,1
14637,0
12758,1
13014,2
7867,0
9673,7
9366,7
3644,0
12245,1
793,5
9562,1
10400,1
13979,0
1828,1
6835,3
14644,3
10868,10
6850,1
8728,10
1298,0
7961,4
14443,0
5321,1
1852,4
11128,1
6273,1
10713,10
11448,0
586,1
2513,5
1703,1
11877,1
3252,0
1891,2
12085,8
4876,0
8121,0
3667,8
7801,0
13702,0
6461,4
5861,1
7815,0
11141,0
6593,10
12433,1
12055,1
1691,3
1725,1
11858,1
9735,0
4520,10
5678,3
8704,7
766,1
9474,0
2366,1
8236,0
1950,1
3943,0
4668,2
6764,1
12927,4
4890,6
8120,6
8108,1
497,1
3542,1
2570,8
7053,2
14025,1
1857,4
4393,1
982,10
13021,1
4845,1
11103,7
9889,1
10993,2
12476,1
10176,1
7640,3
1317,1
4277,1
1645,1
7028,4
4333,7
8661,1
3895,2
7875,2
3050,5
9967,7
2241,1
6519,0
8235,1
9337,1
4526,3
4954,1
1618,5
10759,0
13623,1
6867,0
14133,3
14645,1
4456,1
11950,7
2288,3
6498,1
11602,0
6733,2
6973,10
6609,1
82,10
7223,7
3979,0
1260,3
8209,1
5926,1
5804,1
9856,4
10171,1
6562,1
11143,1
9305,0
12301,5
6146,4
13177,3
12539,2
2666,1
3722,1
6020,1
3156,4
8339,1
8272,1
9395,3
8315,1
3096,1
10253,10
297,1
839,10
14057,0
3067,0
3188,1
2414,1
1537,1
12876,1
9816,1
1119,0
2939,0
1055,2
10637,0
6063,2
1457,1
12227,6
5022,1
1348,0
12125,1
11939,1
10346,1
6584,4
12047,4
10010,2
11796,1
12745,7
6551,0
12935,1
2754,3
13840,1
10939,1
2423,0
10615,6
12042,4
4177,0
3309,7
784,0
3560,3
11722,3
11036,1
3010,2
2116,1
8508,8
11256,1
5015,1
5076,1
2364,2
4042,1
10166,4
1670,1
1897,0
1688,4
6998,1
9803,1
4911,1
8550,1
6386,1
12114,1
10399,5
4418,1
950,10
5984,1
8082,1
10423,1
9575,0
11220,1
5646,1
9861,0
3060,0
12146,0
5429,1
4670,1
9848,0
12842,1
1386,0
221,0
9851,3
1815,1
14232,3
8173,1
9857,0
10812,1
5031,0
5710,10
3540,1
10787,1
9166,0
1130,1
9225,8
4740,0
9640,0
5981,2
12013,1
1140,0
5584,1
1939,2
4414,1
5958,1
6015,1
8858,2
7745,1
200,1
3825,1
6969,1
8819,1
4968,0
9019,0
2401,0
2046,1
6153,1
1643,3
10053,0
7645,1
7757,1
2168,0
962,1
6886,4
10402,1
12449,1
6775,0
13201,3
10519,0
8591,0
9061,4
11860,0
2061,3
5824,1
3055,1
10827,1
6191,3
2242,1
12669,5
2334,7
7034,1
11736,1
2453,7
3593,0
11831,0
287,1
3080,1
4078,0
2573,1
7823,1
9396,2
11854,0
14640,1
9883,0
12787,1
967,1
11775,3
8326,3
13276,1
9801,1
11329,1
13273,6
9836,1
11082,1
11222,2
12896,1
5560,2
4309,0
8775,1
4582,2
8259,6
11657,3
10599,1
13180,0
3105,1
9210,0
10018,1
4417,2
744,0
4025,3
12867,7
7270,1
9269,8
14377,1
10455,0
13787,1
13957,2
2126,1
10892,5
12811,0
4517,4
5661,1
14300,0
3021,0
9713,10
12401,1
1311,1
8812,1
4470,0
11659,1
3069,0
11644,2
817,1
11906,1
8730,1
14379,1
2391,1
8980,0
11633,1
13111,1
13441,1
2608,7
10479,1
8695,1
13005,0
3114,6
8308,6
12755,5
6691,1
1994,1
1580,8
4899,1
14448,1
13945,1
2063,0
4623,1
6010,1
7783,1
24,1
2214,1
1767,1
14622,2
14332,1
3826,0
4227,1
12520,3
13081,0
5332,1
10345,0
797,2
6297,1
14138,1
5527,8
10302,2
8302,1
8716,1
1522,4
12985,0
10980,2
3051,1
10335,1
6481,8
11401,2
288,1
4481,3
4056,7
1502,1
2508,1
3456,1
5472,0
12310,1
2256,1
12609,3
2263,0
6322,1
9917,2
11489,1
4743,2
7479,1
13984,5
12815,3
11957,2
10047,6
5995,1
13423,1
12244,0
1009,1
3194,1
9671,1
5292,1
4942,0
7238,6
1749,0
11820,8
8212,3
4594,4
7413,1
7565,1
6162,1
10830,2
1945,1
8333,1
607,1
5452,2
2748,1
12841,1
11668,6
5362,1
9645,4
6079,0
8710,3
8293,1
3924,1
8445,1
2741,1
448,0
11207,1
4728,0
8247,4
275,1
4843,0
13284,0
13819,7
1721,1
9832,0
4284,1
6087,0
1570,0
12820,1
2606,3
14533,1
2844,1
574,0
5511,1
3570,5
8205,1
12703,2
1366,0
986,1
9512,1
4302,2
4091,1
8975,3
3956,1
2143,9
389,5
7796,6
5090,4
13319,1
320,8
10440,1
2627,0
1325,2
11620,1
14529,1
8014,0
103,5
8571,5
3090,6
6017,1
13876,2
9368,1
10303,1
12940,1
9029,0
11088,4
6149,0
2921,1
2024,0
4381,0
836,1
11902,10
8937,1
7816,2
4620,2
12178,4
11527,1
11762,5
1794,1
14528,1
12063,1
9329,8
5706,1
3795,1
8912,3
1903,4
11497,1
13829,1
9137,4
13283,1
7355,5
6840,1
11968,2
6144,8
12356,2
13721,3
8675,1
10156,1
7143,1
2725,0
11378,0
3428,0
13836,6
9435,7
1249,0
2746,0
2525,2
9694,1
5382,1
10191,2
4613,1
11121,0
4676,1
9740,1
9459,0
6749,1
5768,4
14603,5
12812,0
13730,0
10046,4
4007,0
2070,1
5633,1
3146,3
6804,1
14474,1
6578,8
13881,0
7446,0
10101,3
6257,0
11660,1
2968,0
9002,1
8559,0
7170,0
9951,0
11627,1
5424,1
4266,1
4158,3
5265,0
1135,1
11506,1
2417,1
9907,1
6610,1
12975,1
6849,2
717,1
9025,1
407,0
9373,1
6337,3
5787,0
1531,0
6558,1
2987,10
10116,1
4044,1
12222,0
2258,5
5391,0
4115,9
13413,2
13666,2
5478,1
3365,1
10235,6
10715,1
813,5
345,1
12410,1
3199,1
13250,1
11687,2
3516,1
1177,1
5648,0
12275,1
12303,1
12379,9
14501,1
4487,3
10832,0
393,1
6307,1
5006,0
86,0
1905,0
10841,1
14219,7
14132,1
8499,1
1976,8
7501,4
1511,1
2357,1
2827,5
6039,3
4339,1
7212,5
10370,1
7970,1
11139,1
364,1
13006,1
6338,2
9903,6
6329,1
11339,0
13107,1
13503,0
14114,0
8522,6
9238,1
5299,1
6201,1
12565,0
9491,0
4304,3
3100,4
7820,7
1330,0
3592,1
12878,4
7545,1
6911,1
2279,0
13404,1
13275,1
4714,3
4403,3
306,4
48,1
8148,1
8124,6
2702,1
10908,3
8604,2
6846,1
11533,1
14381,1
13135,0
9774,1
5969,1
8806,1
12403,1
2636,5
8598,2
4013,2
7018,0
13772,1
12020,1
3549,0
5269,0
9391,2
4464,1
2088,1
1974,1
8622,10
4278,1
5688,1
13261,3
1198,1
3961,3
3215,0
10528,2
897,1
13013,0
13348,0
4134,1
12847,0
2846,0
4196,1
11000,1
7925,2
2289,1
12062,1
8948,1
583,1
2424,1
5144,6
7524,0
13565,1
4849,1
5578,0
9950,1
6770,1
12332,4
14367,3
13751,1
11186,0
3718,1
672,10
14305,1
9709,4
4587,5
6492,1
6891,1
3445,6
9578,0
9626,1
11241,0
4886,2
9879,1
10456,2
10354,1
7743,2
7703,0
11546,0
2353,1
10869,0
5717,1
7560,0
300,1
7442,4
3903,3
11435,1
14065,1
11937,1
12573,4
7928,0
8244,3
1086,0
1622,9
3519,1
128,0
6154,6
4649,7
5222,7
9115,1
239,1
6548,1
11126,0
2536,1
10576,1
241,1
7554,8
9823,1
6271,8
2183,8
1997,2
5997,0
9489,5
9891,1
8847,6
3726,1
7839,0
14253,0
6331,1
14571,5
9155,7
3949,9
11229,1
13271,1
2866,5
4720,1
8294,8
595,1
4963,0
6067,1
9525,1
12976,0
2110,3
11490,1
13246,1
1821,2
7242,0
13638,7
3276,0
6722,2
822,1
4683,1
11040,2
11052,1
6418,1
2418,1
1575,5
7418,1
7012,3
14097,1
6093,4
5750,1
7941,1
2823,1
13904,4
3807,2
1045,1
833,1
7117,0
3653,0
10244,3
5793,1
334,1
3420,9
1363,0
12569,1
10366,1
8884,0
7137,1
13085,5
7582,1
9089,1
14049,7
10270,2
7983,4
2686,3
2995,1
9460,2
12589,1
1979,4
9661,1
12537,1
201,9
13583,10
10667,1
7174,1
10529,0
12621,3
13408,3
11892,1
2809,1
8509,4
46,1
7680,1
13867,2
10285,5
998,1
13920,10
10849,0
5945,1
1824,6
14085,0
2030,1
4355,1
4083,3
6450,0
7551,1
987,7
13944,1
5221,1
2234,1
6101,1
10263,0
10144,1
738,1
4893,1
11884,1
4264,3
13409,1
3482,0
12954,5
13088,1
13522,1
9178,1
9958,4
12155,4
6514,2
2128,0
10730,0
7266,1
4779,4
9524,1
1864,1
13665,1
5537,2
11636,10
5910,1
5059,1
2260,1
13448,1
3216,1
2087,1
5463,1
1324,1
1556,2
3944,1
3577,1
4246,1
6385,1
9637,7
10218,1
13351,0
3813,0
1689,1
4926,1
11133,9
5881,1
12025,0
5254,3
2146,1
6539,0
11395,1
12688,0
11804,1
10381,0
6279,4
605,1
13507,1
1911,1
10881,3
9807,0
1012,5
5906,7
1740,1
8643,0
4632,1
10762,1
10275,1
4117,8
14333,4
8479,0
4192,1
787,2
9928,1
12497,1
215,1
7550,0
1059,9
10127,1
6213,10
7648,5
10674,1
7897,0
13171,1
14212,0
13733,1
6303,1
3056,1
5581,2
7441,0
5657,1
8304,4
12810,1
10384,1
4012,1
2076,2
115,4
2457,0
6040,1
9957,3
12866,5
9594,3
10364,1
2829,1
10426,5
5217,10
3569,7
13148,1
5273,1
7112,1
13212,7
6833,6
3204,1
6585,5
12828,4
8394,2
13466,5
13734,1
10582,3
1271,1
13862,3
14643,0
11315,0
6964,1
832,1
10277,0
1025,5
3850,5
2998,2
10891,1
7985,1
8170,8
12204,3
10794,10
1860,1
7685,3
5248,6
4541,2
5663,1
5124,1
13390,3
8019,0
5831,0
3321,0
12294,1
4605,5
10110,2
10872,1
774,3
11358,1
9504,1
2802,4
4293,5
11018,1
2721,1
14625,0
14601,1
14531,2
1004,0
10953,1
14118,1
94,3
3039,8
10974,1
882,10
11958,1
8243,4
1302,1
8207,1
3541,1
5202,3
13277,1
11888,1
13527,1
12329,3
4914,1
5475,1
554,1
7884,1
6773,1
6991,3
6650,1
10895,10
9867,0
428,1
5122,0
5528,1
13650,1
7092,1
3798,2
5471,0
2673,8
10145,8
12399,1
10352,1
9357,9
9964,0
4185,1
5169,0
5555,4
4151,3
5192,9
9647,1
5320,4
4347,1
12789,3
7993,1
7282,1
10274,4
10128,1
11731,1
8424,0
8698,1
10729,5
7771,3
7093,1
13469,7
5564,1
9563,1
13472,1
3484,6
2514,3
13300,1
12312,2
536,1
7578,1
13083,1
13908,3
1397,1
14193,5
1659,4
12825,0
1682,1
10842,2
14271,1
6372,0
13936,1
1886,5
13545,0
5215,1
6953,1
4800,1
7804,1
5070,0
10971,1
5063,3
11499,1
344,0
6366,1
5600,0
65,1
6565,0
394,1
7720,1
9443,2
12265,1
4324,3
11485,1
9109,6
11404,0
12108,7
7352,1
6185,1
9314,1
2557,1
1907,1
755,0
9251,0
11371,1
898,1
12872,0
498,0
7191,1
2215,0
6702,1
9144,1
13548,5
560,1
9874,0
13483,1
13241,1
2151,0
6528,1
7872,6
2034,1
1380,1
5351,0
3453,7
12826,1
9687,1
1896,1
10564,8
9221,4
2479,1
9729,3
12848,2
483,1
10188,1
3472,1
12264,8
7856,3
10877,1
3385,7
11615,1
2888,1
3437,1
6885,1
4763,2
4109,1
3553,5
1496,5
13593,1
6502,1
8365,1
8574,5
13071,1
5171,1
3507,3
8317,1
1091,4
9565,1
929,0
828,0
1391,1
13036,1
14635,1
1543,5
13846,0
6013,1
11318,1
2308,0
10401,3
10167,0
1285,1
12107,2
7633,1
9833,1
7456,10
12017,1
285,1
9871,1
11198,1
758,0
616,0
3882,10
14100,2
4887,3
3611,3
7957,1
8299,3
10482,1
1272,1
11518,1
14371,4
6400,1
9174,1
3506,1
11801,1
7195,3
6032,1
266,1
13415,1
1534,0
8502,1
10537,5
14569,8
12767,0
11059,2
4982,3
700,8
2280,3
11243,1
692,1
6309,6
8694,6
2483,1
9126,2
1357,1
1604,0
10725,4
5021,1
10724,0
10758,0
3363,1
14427,10
6637,1
4770,3
4369,1
5310,0
14361,9
8601,0
5546,1
12452,6
3819,1
5594,6
8046,1
10486,0
3020,1
6942,1
4990,0
3645,1
12482,1
8087,4
6616,0
12448,3
10008,2
7322,5
12036,1
12029,1
14117,4
2209,0
11057,0
1105,0
7384,4
7505,1
11582,8
12192,0
13774,2
2609,0
8435,0
4269,0
8747,3
3843,1
12225,0
8072,1
13690,1
12958,0
4045,4
9692,3
12209,3
4457,1
2218,0
8949,5
5075,0
3299,1
10195,0
9943,1
14335,1
7652,0
642,1
2068,0
4696,0
12153,1
2276,0
4764,1
10838,0
2019,1
9995,1
3345,0
2647,1
11077,9
4261,0
3930,6
9304,1
854,3
7500,0
2432,2
13511,1
8725,2
3398,3
3358,1
8926,1
5317,5
1398,1
7358,2
13634,3
13264,2
2515,1
14276,7
5830,1
6602,0
3889,1
7599,1
6509,0
1389,1
7308,1
7766,4
11504,1
7130,0
5846,6
3975,1
8265,10
7452,1
10182,1
3413,6
11953,3
13427,1
9134,5
7760,0
12396,4
14061,1
625,0
9560,9
3860,0
6576,2
12100,1
382,7
11743,1
1465,2
4836,5
6571,2
5209,2
4853,1
6566,1
9609,4
2574,4
10236,2
1795,1
8436,0
13714,2
10839,1
5453,3
7637,1
10178,0
14607,1
1840,1
7686,4
7901,3
13242,3
4848,1
12581,0
4834,1
4426,0
10197,2
2506,4
13309,1
14508,5
1033,3
13163,1
2618,0
352,1
669,1
786,1
9306,1
8732,0
12984,1
11179,1
3181,2
13288,1
13055,1
916,0
2115,0
7758,1
8852,2
9319,1
820,1
4144,0
6316,5
93,1
12273,1
6023,3
11794,1
3485,4
1918,4
12904,1
14019,1
1627,1
11600,0
12571,5
11619,0
119,1
14098,5
3913,5
4708,0
2492,1
1624,3
10201,3
10593,1
8968,0
1125,1
10602,0
2162,5
10093,1
6107,1
6292,0
5407,1
4262,1
7275,0
7664,0
14202,1
9475,7
7377,1
7940,5
7523,0
6235,8
2220,0
13745,1
6815,5
12102,0
2572,1
6655,0
11914,6
8055,5
14160,5
5665,1
5370,0
6359,2
14016,0
8967,1
1248,5
9325,1
12732,0
10666,4
150,1
10271,1
3000,0
4784,4
7340,1
8001,1
1730,8
1052,1
5526,1
2266,9
14336,3
12921,1
11851,10
10790,1
12191,1
11771,5
502,1
6006,2
8379,1
13485,8
9398,3
8347,5
7330,1
8959,10
658,1
12586,1
9371,1
4413,9
3511,2
8628,1
9498,2
12169,1
8669,1
3659,1
2711,1
8668,1
11197,1
5309,6
7290,3
13240,7
14602,1
4176,0
10137,0
9461,0
9382,0
10324,5
13053,2
4672,0
9852,2
4633,1
10815,6
210,1
400,0
3316,9
638,1
14538,1
719,4
5343,0
14357,1
13501,1
4092,1
8137,1
9925,1
9026,0
7995,2
6703,1
11870,0
5884,1
317,1
6861,1
12157,2
3888,0
1061,0
5271,1
1595,1
12446,1
14069,1
8195,1
3487,1
466,4
11985,5
3857,1
2172,1
3356,3
14612,1
4896,1
11182,1
5464,2
11138,1
13535,2
13946,0
13755,1
7164,0
9838,0
11217,1
5875,1
13817,3
4891,1
8421,10
2282,0
3668,1
5477,1
10239,10
8453,1
11583,6
8345,1
11885,3
14562,0
7979,0
6750,7
9243,1
13179,0
2529,1
4912,1
11232,1
3908,1
14395,1
12790,4
12154,7
6068,8
5675,0
1369,1
11959,0
14642,1
6346,1
9118,1
4089,0
11346,0
6456,0
10444,1
740,5
13948,1
2031,2
12962,1
6195,8
9133,10
6704,1
6718,2
14255,1
7225,0
2471,1
570,1
4820,5
3495,3
13973,1
12168,3
5188,7
139,5
3459,1
977,1
8539,1
12121,0
12502,0
10767,1
3893,1
8585,1
9275,6
10121,1
11070,6
2568,2
4860,6
5779,1
706,3
14245,0
10600,3
5482,1
2857,2
10687,1
11990,2
2094,0
11845,7
7462,7
2345,6
3886,0
5817,1
7898,2
4062,0
13606,1
3815,0
8611,4
1549,2
5664,6
11672,1
10850,1
8841,1
10646,1
8633,1
6823,1
1387,1
5525,1
14397,8
4826,1
9159,1
4241,2
5653,0
4161,1
13888,4
58,3
6801,6
2316,0
10035,1
7535,1
9156,1
8186,1
2219,0
10092,1
11327,1
14189,3
1798,3
9678,1
13009,1
3389,0
6758,0
8109,1
14328,0
4441,1
10514,4
1313,1
14512,1
8412,1
6612,1
2287,9
3065,4
8998,1
8897,3
11995,1
13346,1
6391,1
430,1
12123,3
6499,3
4155,0
7375,1
856,1
6937,1
321,1
4462,6
8757,1
9773,10
1124,1
2253,0
9294,8
12680,1
5562,8
3699,5
5540,1
7649,1
9253,3
1552,0
2099,1
5436,0
5947,1
3220,0
12364,1
13715,1
12766,7
14012,1
12484,2
2309,1
14240,1
11798,10
9788,1
8683,1
11161,0
8665,1
6796,0
7111,1
7725,0
11079,1
4634,1
5998,1
2503,0
14021,1
7224,1
6985,2
6993,3
14551,1
9485,3
5946,1
11366,1
78,0
14001,1
2326,3
10553,2
4579,0
1264,1
3224,0
4097,1
2132,3
9712,8
14597,1
13902,1
7779,0
6586,0
1702,1
1770,1
5327,1
4837,0
5986,5
8383,1
277,7
4970,3
4994,6
6587,1
12338,1
182,1
13831,1
1613,1
2708,0
12532,1
11607,8
1284,0
5470,4
9380,1
12150,1
821,1
6707,1
10198,0
11826,3
1084,1
9410,1
8709,0
10316,1
11041,1
7601,1
2915,0
7692,1
6832,10
1793,1
1290,3
4047,3
4561,0
6095,1
13431,1
644,6
4488,1
8084,3
9946,3
1980,1
5289,1
14126,1
9362,1
14215,1
2612,7
2700,0
2059,1
5788,2
13498,0
274,1
1081,3
1372,0
12271,1
36,3
13336,0
5749,1
6977,1
4119,3
11941,9
5199,1
11061,1
7586,1
5276,1
5103,0
12558,9
8132,3
10086,1
10403,5
11423,1
9742,1
7671,1
8376,0
1913,0
11933,9
8589,1
983,1
2873,0
1111,1
368,4
7977,3
9624,1
2095,5
3998,1
7840,3
7045,1
14641,1
3228,1
2104,1
12764,2
1075,0
3958,2
7388,1
12966,1
7668,1
9698,1
3280,4
12778,1
14312,1
53,1
7015,4
145,3
11345,1
9247,0
12081,4
11555,1
9546,10
12398,0
495,10
12653,1
4562,1
8372,1
2372,5
8269,1
14283,1
2237,1
636,2
4851,1
9507,1
8958,8
10241,0
8463,1
6814,2
5448,0
13205,1
7959,0
8352,6
12445,0
5742,1
3929,1
4348,1
8976,1
2255,1
13369,1
11328,0
12221,0
11262,0
5312,4
9533,0
10383,1
106,1
5712,1
4684,1
3037,7
9927,1
8443,1
14535,1
2106,0
7218,2
12897,1
2773,1
5590,9
12124,0
14171,1
10066,1
7647,6
6536,4
9520,1
7149,1
7946,1
1049,1
2558,10
9081,1
12269,4
7670,1
9473,1
10425,9
7406,2
12422,8
3128,0
10419,5
13092,1
8446,0
7799,1
11693,1
8469,2
2398,1
2642,1
14422,1
6373,7
6448,8
2441,2
6453,2
8147,1
13616,1
3696,1
8077,3
6720,1
1760,1
11172,1
9107,0
10040,1
6965,0
12679,5
10240,1
5376,3
6954,1
12096,0
9189,0
7655,1
8095,1
14223,3
2594,0
4447,1
3005,9
4225,3
12163,1
661,1
11260,0
1088,6
7907,1
11122,1
2532,10
11340,1
2807,1
1237,1
161,1
6884,3
9188,1
2533,8
7949,10
5580,0
7539,0
13129,1
319,1
1752,0
14058,4
168,10
12131,1
7952,1
5896,7
2956,1
8217,0
5003,0
7512,1
92,6
1877,1
4373,3
9128,4
14428,1
11006,0
2604,1
7891,1
12749,1
5226,1
14324,0
9850,0
8261,1
3001,1
12235,1
5431,1
6124,1
5300,1
2283,1
7299,0
3778,1
11724,2
7704,1
1486,2
2406,5
14350,7
360,2
8671,0
10669,3
11594,1
4761,1
3025,0
10293,0
2657,1
11997,4
731,0
9274,0
5563,1
8128,1
708,1
11299,8
12250,3
1535,1
6938,1
12768,1
11930,1
11492,10
13938,1
11593,1
5005,6
9668,1
10566,1
663,0
9785,1
8778,2
13716,1
10656,0
2371,1
4123,1
11026,1
4018,1
9106,2
5658,1
6462,1
3171,1
7160,1
8672,0
6687,1
10334,1
12503,0
9758,1
12743,1
4248,1
14536,5
9674,1
432,1
2048,1
3261,0
14500,0
2669,0
9748,2
14028,0
8152,0
2930,0
14306,1
2745,0
1227,1
3360,2
3615,8
6384,1
4535,0
1142,2
8838,1
12166,1
2830,0
5901,1
17,1
7563,0
11763,0
11532,0
9911,8
14304,1
3534,5
9385,1
12905,10
9511,1
9449,0
9592,1
13882,1
585,5
13788,1
6931,1
8811,1
2349,1
7666,1
14471,1
2742,0
1480,1
14444,3
13614,1
11099,1
9050,6
4881,1
218,4
1820,0
2596,1
3046,3
13278,8
7994,0
7048,8
9067,3
4663,4
1166,2
7835,6
1365,1
5131,1
3912,1
8059,0
13968,1
4627,6
12045,3
2910,1
7963,1
9595,4
10369,0
11228,1
1095,0
7873,1
8623,1
11603,1
10386,8
6050,1
9066,1
4053,1
2380,9
765,7
507,1
566,2
8275,1
11267,0
9972,1
1958,4
12689,0
11056,4
6047,1
12251,1
251,0
13713,1
7333,2
7695,3
10210,3
11142,3
13255,1
9409,4
5280,0
4163,0
7236,0
12038,0
11773,1
9653,1
12761,2
3524,5
4556,1
1723,6
9787,1
1400,1
11652,5
2637,4
7751,0
7744,0
4734,0
10141,7
4972,4
9326,2
9555,2
5603,1
10552,1
6626,1
3502,4
11163,4
14038,3
906,1
13889,2
13981,1
4162,0
13166,3
9506,5
9929,2
10840,0
5335,0
5168,1
8939,1
9042,1
11477,5
6159,1
12289,1
11900,1
4721,5
6183,1
13673,1
7529,1
6732,7
8375,5
3990,1
11776,1
13314,5
9111,1
14071,1
3907,2
1841,1
11227,0
3751,2
482,7
4460,3
2152,3
6760,7
9085,1
8126,1
10831,3
7638,3
13905,1
7861,2
9918,1
11441,2
13425,1
2871,1
13805,1
3591,1
4512,1
1602,1
12860,0
2224,1
7966,2
13127,7
12720,6
11230,0
4524,1
12912,1
2959,2
6265,1
492,1
3640,1
5211,0
4612,7
11784,0
4802,1
10106,2
4120,2
1843,0
14026,1
4114,0
9930,1
3922,4
4568,1
7530,3
11045,1
13118,1
13096,7
1773,1
14405,1
13697,8
9701,1
14573,1
6695,3
9336,1
11200,0
2784,0
4548,5
7678,0
328,1
5307,5
7496,1
8475,1
13996,7
3517,0
3594,5
11307,0
8701,5
14076,1
4583,4
1407,0
11023,0
6136,0
2051,1
470,1
8889,1
2307,0
3185,9
11147,3
1931,0
8013,1
679,1
2412,10
12285,9
10632,1
3314,1
9598,1
13067,1
7434,1
14146,1
3019,0
1163,2
5954,1
14269,1
13182,1
418,1
5949,1
5025,6
2304,3
6827,3
5421,1
14581,4
12143,1
11795,0
8289,1
9681,1
10789,1
10521,2
5888,1
11153,0
8091,3
13850,8
5677,1
1724,1
7658,1
9697,1
5023,1
5796,3
6125,3
4444,1
4427,0
12698,1
11263,4
4425,6
6941,4
2870,1
9257,0
11465,0
6082,1
7231,0
1901,1
3636,1
216,1
9170,1
8492,1
1168,1
140,2
12557,8
12488,1
7122,3
7311,1
4929,0
9770,1
1909,1
3467,1
3235,2
4211,1
3458,9
6288,8
12272,0
12197,1
2397,0
11081,9
6477,0
14386,0
3191,1
4652,0
1005,1
11886,0
5234,3
11184,1
6772,0
5037,1
14496,0
3665,1
7978,1
10520,1
14006,1
4099,1
4000,7
4691,3
14481,1
8484,1
2199,4
9063,1
12331,2
7754,2
213,1
10508,1
14385,5
1399,1
5358,1
7057,9
12112,8
13570,1
3499,6
8194,1
11206,5
8641,1
649,0
9948,6
1707,1
6219,0
8062,1
13964,0
3310,2
7663,2
1955,1
2771,10
6787,4
1367,6
1878,2
660,1
9393,5
11474,0
6038,1
371,1
6534,1
383,1
4105,9
7186,1
5740,1
4142,1
14173,1
10965,3
1044,4
3951,6
8034,1
11557,3
13187,2
8134,1
3584,1
8414,0
1605,8
12436,3
7579,2
2007,1
12875,1
4143,3
1874,0
7857,1
12439,1
2197,1
7245,3
13344,0
12747,0
10223,3
4371,0
5919,7
8234,1
9791,1
13100,0
5425,1
8930,0
2141,0
5583,3
7383,2
2820,1
5728,3
11890,1
14278,1
1178,1
6202,1
655,1
4360,1
9759,0
14456,1
6845,0
10738,1
1214,2
13619,0
7900,3
9627,1
10052,1
3999,3
6556,0
13909,3
1392,1
2350,0
13150,0
2591,3
8458,1
4145,1
11596,1
13597,1
3095,0
9947,1
3313,1
12201,0
4188,1
4607,8
14366,0
2062,1
991,8
8956,1
10645,1
25,1
1640,5
6693,10
14421,0
9209,1
6971,7
13803,1
3390,1
226,10
152,4
1203,8
876,10
2716,2
7249,1
5800,1
7883,5
8532,0
11264,6
6723,7
13930,1
14086,1
11177,1
2505,1
10889,1
9969,1
11634,1
5135,1
6961,4
10475,1
5205,4
11050,0
4015,0
7817,1
11785,1
4726,5
3948,1
6685,1
9139,6
12863,1
10761,1
5515,1
14347,2
9532,0
4921,2
2719,1
9873,7
1732,8
5175,0
3779,1
10518,8
1002,1
9348,3
9723,10
10793,1
14161,1
7337,1
716,1
2696,2
4775,6
5044,1
7042,0
14073,0
12729,2
9162,0
10874,1
12986,3
13407,1
1649,5
8631,0
13210,0
7043,6
6974,3
11681,1
2974,6
7135,1
7001,1
7086,5
14502,2
12660,9
10028,1
11467,1
13231,1
8031,3
14608,1
12044,1
8006,1
13056,1
7491,2
666,0
3110,2
1850,1
12287,1
7417,0
564,0
6844,0
12620,1
3727,0
9235,1
6245,8
13414,2
6204,0
4476,1
3302,0
8145,3
6436,1
11012,1
4799,0
12280,1
5159,0
3372,1
1428,3
6066,1
10586,1
7400,3
14459,5
3764,0
10331,0
12570,1
6870,1
12326,1
1417,2
3873,0
13222,7
6955,1
12652,0
2359,0
6457,0
981,1
8216,0
13025,9
11768,1
10373,0
12550,0
4741,1
7818,5
5801,1
8344,1
3002,1
1714,1
9763,0
4323,6
1633,1
11631,1
3526,0
488,1
7583,1
2689,1
2821,9
13960,0
6151,6
2340,1
1745,1
9601,2
639,7
8673,1
12255,0
2520,1
13467,1
43,7
9451,0
7597,2
5979,0
11515,1
1131,4
9960,0
5400,10
6508,1
5797,1
12737,7
13753,1
353,7
5033,9
7814,0
4723,1
14430,6
9292,3
13834,9
10821,9
11651,10
13220,0
10443,0
9516,6
3138,2
3831,7
5219,7
6186,1
3529,1
8809,1
6148,3
2640,2
5850,6
11643,1
13698,5
1984,1
11712,1
12531,1
14553,6
9240,1
2121,1
11980,1
5043,5
3773,0
12588,1
8028,10
5319,1
12658,1
5089,2
4593,9
8420,1
12851,1
14431,7
2227,1
5739,3
2050,1
8310,1
1454,6
10735,7
10915,1
1865,1
2274,6
3566,1
2587,1
12460,5
11335,0
3053,0
1504,1
11904,0
14506,1
12983,1
5693,0
71,1
14572,1
323,1
11341,1
6986,3
7609,1
7436,9
11576,6
2717,1
5419,9
1472,1
7183,0
946,5
10835,1
1071,7
14087,0
13737,1
11525,1
11972,0
3732,5
32,1
13260,2
7482,4
8580,1
3375,1
11063,1
12510,2
6777,2
10185,7
11298,1
4534,1
10436,1
9620,1
205,1
3664,4
9479,0
8871,0
10927,1
12120,6
13975,1
3854,1
1188,1
14265,0
11757,1
870,1
13356,0
4334,1
3466,1
3995,0
5091,1
13154,5
10975,0
11866,0
11818,10
11748,2
11514,10
2704,5
9977,7
4983,0
7879,6
11096,1
6226,1
1788,1
6085,4
4214,0
4029,10
5026,1
10929,0
9765,0
10140,5
1040,1
12182,7
6530,1
8738,1
1784,9
9591,3
6353,3
4749,6
10261,1
10992,2
2541,4
372,1
4625,1
10438,1
3736,2
1283,4
5923,7
2325,9
2755,1
13165,1
13732,1
2447,0
97,8
2682,1
9547,1
12407,0
3800,3
11919,1
696,1
8769,1
9265,4
14174,0
2616,1
13131,2
12035,1
13573,1
14115,0
11486,7
5455,0
14489,3
5267,1
2610,1
2615,1
3684,4
10995,1
14494,0
11732,0
12354,5
5713,0
14420,2
8626,1
429,1
3190,5
8181,1
14626,1
6507,2
2443,1
11046,1
2393,0
6356,3
4060,4
1608,1
5191,1
6809,1
8334,9
1890,5
2105,0
7573,2
8821,0
12199,1
6405,1
7258,0
6875,1
10979,1
9048,6
13801,0
3964,1
8462,1
19,0
2551,1
7533,0
8909,7
9599,2
3033,4
10870,1
4037,0
13473,1
2817,1
9931,1
4139,1
10099,1
1478,1
2734,1
9277,0
2072,4
13967,1
5284,1
1206,0
9510,1
13364,3
7860,0
12884,1
4335,1
11922,0
2626,0
9414,0
9161,0
7830,1
13146,1
9206,0
247,0
378,1
3558,6
5843,1
4430,1
8693,5
7719,0
2244,1
2922,5
13691,4
3617,7
10633,1
2182,2
2697,5
7543,1
13325,4
6778,1
4468,4
7746,1
9545,0
5855,1
14108,1
5576,7
2386,0
940,1
13928,1
11326,2
3522,2
13075,2
9030,3
10143,1
7075,1
994,0
14044,1
9869,7
1506,1
3697,1
6522,1
7260,0
6388,9
924,6
20,0
3399,0
10146,1
296,1
7148,4
1228,7
7697,10
5508,1
9273,1
9419,1
10327,10
4035,0
7894,1
12663,8
2389,1
762,5
1910,1
13980,1
7590,2
5285,1
45,8
13234,10
9515,1
771,1
5466,3
2186,1
10222,1
10857,1
6746,1
7735,1
8801,0
13233,1
13147,0
13304,1
4079,1
11853,1
5238,1
13084,0
12685,1
9706,1
2,0
4916,1
2248,1
7683,1
901,2
5243,1
6022,0
634,9
8616,0
7128,0
14521,1
1495,0
9223,8
2553,2
13214,1
8090,4
8586,2
1243,8
9463,3
10739,5
729,0
1097,1
12358,4
6130,1
11174,1
14627,1
8658,1
2714,4
10791,7
447,1
11160,1
13221,0
9478,1
11956,5
11629,4
9588,0
14447,5
2124,1
10941,1
12509,3
236,1
4771,0
9777,1
367,1
10091,1
12572,5
10125,1
3814,1
1854,1
13352,0
5823,1
3623,0
834,3
7577,1
9321,6
4971,1
2254,0
5786,1
14008,5
13050,1
3578,1
14629,2
12757,2
1548,1
420,3
7259,3
1426,1
5628,1
10978,10
13098,0
291,4
12070,1
12455,1
7359,10
12072,0
7465,1
12094,0
2385,1
2973,1
4137,1
5316,1
3026,2
8039,1
8636,1
3463,0
652,1
843,1
13783,1
12077,1
3963,1
4584,8
10826,1
14210,4
5873,2
4125,1
10090,1
14308,10
2100,1
8824,1
2625,1
3200,4
5176,1
8692,1
12712,3
1823,2
14594,1
5353,5
8348,1
12602,1
40,1
6392,1
5341,1
12305,3
1827,1
935,1
14600,1
391,1
11889,0
6512,7
3009,1
9619,7
5414,1
9629,2
13451,6
2336,1
6537,6
9413,1
7956,1
7313,2
2528,1
1712,0
3183,10
5921,1
2793,1
4558,7
4452,2
7722,0
4868,1
2901,1
9614,1
4650,5
8274,1
12833,1
12057,1
2247,1
5726,1
3212,0
6021,0
3450,2
3537,1
3865,4
11364,6
14631,1
3403,1
13849,6
2593,1
8007,2
2944,10
12518,0
4964,3
87,0
13696,1
12898,1
5544,1
7793,1
1904,0
10568,6
801,8
10535,1
9324,1
9365,5
6557,1
805,1
12656,0
12718,2
3296,1
7980,1
10304,1
6,2
12813,2
12682,1
12540,0
6681,0
8925,9
687,0
9885,8
14196,8
9922,1
11709,0
11664,0
9949,0
858,1
12855,2
945,0
3955,1
6267,1
3223,5
7831,0
2071,2
3848,8
12236,2
4070,0
11412,10
10955,1
7681,1
8346,1
1653,2
2467,3
6795,1
3987,4
8946,0
4643,1
5068,0
6656,0
6315,3
14490,4
10109,0
2713,4
11239,0
9394,1
11278,0
3202,2
2726,5
14389,3
9705,8
5608,3
14292,0
11292,0
11733,1
3986,1
11521,8
8432,4
9617,1
10280,1
1986,7
11835,7
11201,1
7908,5
8226,1
5530,5
9817,0
7934,1
4729,1
13792,1
6207,1
10049,1
14068,1
13106,0
9876,6
6700,1
9893,10
11908,0
1041,9
3603,1
9919,1
9660,1
11650,8
13254,1
7353,5
13611,1
12822,2
5776,1
11275,8
9643,1
8316,1
460,1
5851,1
4103,0
3681,5
3446,1
7702,1
6622,2
11779,1
2559,0
6517,4
10705,1
1962,5
10512,2
12284,2
3501,1
11843,2
13525,1
11614,0
3916,0
8182,1
11809,1
8482,8
7942,2
6211,1
1074,1
1022,0
5304,0
8166,5
3582,4
8536,8
6552,4
9772,2
12030,10
5112,1
9147,1
7146,1
4839,3
7373,4
2089,1
12529,6
2675,8
596,5
10476,1
9665,1
8680,1
10503,1
5181,1
10583,3
6889,1
14110,1
13406,1
4682,0
4590,0
3441,1
8644,1
11723,10
12914,1
9295,1
575,0
8605,0
14129,1
14353,1
35,10
8578,1
9438,0
7035,1
2463,1
12997,1
8303,0
5095,5
1592,0
11772,2
9840,1
14218,1
489,2
3801,10
909,1
7991,10
3556,3
5538,5
7728,8
11986,1
12592,1
9307,0
13381,5
9630,2
1278,1
13412,5
978,1
4399,3
1215,5
2131,8
9433,1
3122,5
11481,2
1011,1
966,2
13595,1
5838,7
7504,1
1497,1
7903,0
3129,1
8789,1
13468,0
7202,1
8519,3
6383,3
7739,5
8741,3
9330,4
7853,1
9024,1
10298,8
944,2
11928,0
8477,3
10085,1
1483,1
7617,1
13519,1
1240,1
14592,1
13175,1
1344,0
3394,1
9915,1
985,10
1327,4
10278,5
8682,1
1541,3
2537,5
1481,1
9812,0
6282,1
1885,1
7167,1
7157,7
10609,6
7499,1
9311,1
11903,1
739,1
6328,1
9782,1
2938,1
5869,9
3976,1
6559,1
1867,1
14583,1
9731,1
4592,1
5753,0
6632,2
8296,4
2147,5
8037,1
2722,1
5596,1
13861,0
10005,1
10255,1
110,2
4987,1
1488,7
10556,3
12697,1
11157,1
14125,1
5667,0
5868,1
628,1
9495,3
5340,4
844,2
13368,0
12298,0
4830,1
4027,5
12788,8
14302,2
6721,4
9990,1
12477,2
14181,1
7277,1
4993,1
1774,7
1660,1
12553,1
14167,0
7140,5
10611,4
12207,1
13326,1
13952,7
6781,1
5145,1
4712,0
8773,6
1507,2
6729,1
9252,1
7772,0
764,1
13373,0
10928,8
2932,1
2977,0
8860,1
11250,1
7273,2
4719,0
10703,1
6479,3
6739,1
8047,0
12214,0
13281,1
1410,7
3707,1
7527,2
6304,8
14543,1
800,1
10021,5
9180,1
4533,1
7919,1
12861,0
3427,1
7171,5
3945,4
6555,8
80,8
13542,0
11599,0
12195,1
8280,1
1047,6
7316,1
9455,1
1394,0
1503,1
1650,1
2343,2
14142,2
6119,1
7520,10
6296,1
2027,5
13190,2
9590,1
1921,0
4995,4
11257,1
10152,1
5024,1
10130,1
1056,3
7285,1
8654,1
3508,2
13440,2
12113,4
10683,8
2850,4
1554,10
12901,1
6510,1
6503,8
12593,4
6618,1
3761,0
5252,1
5185,3
7922,1
6284,5
7309,1
10154,9
8805,1
10608,1
9297,9
1062,0
8877,1
8438,1
7304,6
4812,9
11595,1
4827,2
6918,1
9097,0
565,1
138,1
6946,10
8408,1
10825,1
5777,10
5682,1
1181,0
8452,2
13192,1
862,1
1377,0
14387,1
7484,1
13877,0
9901,0
10108,3
1761,8
5834,0
1132,4
6430,7
4388,1
8155,0
11476,1
5108,1
8538,1
11347,1
11065,0
355,0
4402,8
11855,6
12670,4
2322,2
10283,3
1776,1
9596,5
4688,5
6716,7
12390,6
3562,5
4757,1
12408,1
3393,1
10311,0
2240,1
2522,0
192,0
13362,5
13161,3
2723,5
3042,1
3093,1
9466,1
5856,7
12862,2
11729,1
8818,1
14158,5
12109,1
6670,1
2452,1
4759,5
2767,0
2933,1
249,6
3339,8
402,0
3650,1
3698,1
1742,1
9070,5
7293,1
6458,1
7895,0
10814,5
9824,5
4609,8
10590,3
6357,0
11691,1
1600,1
8476,1
10227,9
1204,1
5754,1
9954,0
2206,0
6174,1
1148,10
13932,4
4201,2
14228,1
5102,1
13933,0
4920,4
2445,1
826,1
13034,2
14412,1
13156,1
7536,9
116,6
3735,1
11297,1
2786,7
4199,0
8102,1
8879,2
14604,1
11569,1
6930,1
4846,1
1334,1
13290,1
14614,1
12784,1
9477,1
263,1
2960,1
13104,1
7971,1
6441,1
12777,1
13374,0
5810,4
14078,0
1046,1
3580,1
3989,7
1869,5
4543,0
14406,1
5737,3
2597,7
12721,1
8556,0
13274,1
12466,1
14234,6
8246,1
11076,2
6828,0
7385,1
13332,1
7763,1
1342,1
2281,1
11311,0
5696,6
8903,1
12307,1
8566,1
4704,1
4380,0
9683,6
10107,0
14617,6
10605,0
10820,1
4483,5
6444,0
4128,0
8547,1
14279,4
965,0
3078,1
4525,1
557,1
4467,3
4011,1
7844,4
7357,2
9726,3
8180,1
9800,7
6177,5
13735,3
3206,2
4067,0
1518,1
13398,5
11214,1
8355,1
5375,1
6629,0
14582,1
12173,3
9730,1
12843,1
7696,1
56,1
9123,0
2362,1
9559,2
13464,2
2210,10
5792,7
3236,5
4010,9
1947,3
5531,0
6957,1
7923,1
7306,2
5009,1
13312,0
3783,1
1273,1
4687,1
2078,1
573,0
13764,10
11815,1
10948,0
11894,5
13194,0
5260,1
10100,3
14598,5
12428,1
7541,1
1455,1
10742,1
6247,4
9090,10
4057,0
12930,0
3841,1
1631,8
12334,0
6355,1
7876,1
5079,7
14345,1
7756,0
12726,1
5573,1
14309,1
7467,1
2025,1
9417,1
9343,8
5859,1
7620,4
8744,1
7230,1
5602,1
1267,4
1499,1
11742,4
3926,8
7759,1
6044,6
809,1
11148,2
1333,5
14035,1
3331,1
650,3
5153,1
4639,1
3742,5
13186,0
11274,1
12073,1
14036,5
11117,2
11067,1
12515,1
8882,1
3937,1
11728,8
100,7
11666,1
5,1
8357,1
5247,1
4150,9
10596,1
5656,1
4731,0
3789,1
13245,1
9427,1
6882,7
8397,2
9586,4
12274,1
10009,1
3478,0
281,1
4815,1
5127,0
8172,1
8761,0
3931,0
5461,1
3770,4
10560,1
12156,6
3583,2
3777,0
4353,1
7657,1
3367,0
3600,1
11739,2
2732,1
9727,1
424,4
8094,1
1448,1
7662,1
12375,4
7791,1
10689,3
3377,4
13372,1
11413,1
7639,2
8178,2
4311,5
3160,0
1748,9
13105,2
7869,1
13767,1
12835,0
1568,7
13063,4
11196,1
5844,2
7131,1
12429,1
1889,1
10258,3
5597,1
4455,4
14493,5
4438,0
2656,1
10184,0
10981,1
1810,3
206,2
1693,1
3084,0
12486,2
1116,1
11507,0
1017,1
529,1
9714,3
4416,4
14286,1
3728,8
11234,1
6061,5
7694,1
7098,1
2788,6
12253,8
10265,1
11181,1
13934,1
7698,5
1946,1
10808,1
10469,1
1747,1
1687,4
11471,1
6520,0
11251,9
9985,10
12481,1
12807,0
10023,1
12299,1
7449,1
9955,5
3846,1
8800,1
4480,5
13453,0
6024,0
13845,0
6321,1
11717,1
10435,10
10558,5
1001,0
7076,0
11849,9
7488,1
13391,9
1194,1
8501,0
5930,0
6065,0
11898,0
14224,3
12324,1
6642,1
10901,1
1501,0
12616,1
13841,1
13995,9
13316,0
7126,1
6237,1
8836,0
6417,1
608,1
12453,10
2976,1
9894,3
12260,0
11392,2
11800,0
3729,2
8354,1
13236,4
12487,1
1597,1
6189,5
14599,1
10561,1
55,1
6532,0
8711,1
6416,1
12793,8
6854,0
14362,1
5126,1
6325,1
7974,1
8544,0
10410,0
7410,0
9792,2
13197,4
7292,1
6137,3
8176,1
2929,0
2170,0
9124,2
1321,1
11611,1
13185,2
462,2
10951,7
6230,0
1154,3
7243,0
4043,0
5970,1
11566,2
9195,1
5152,0
7013,6
2502,4
4991,1
3938,1
3086,1
670,1
9688,0
12340,4
3710,1
631,1
10628,1
2552,0
9215,2
10944,1
3802,1
11051,1
13886,3
8053,1
10205,8
2330,0
9602,7
12533,1
2169,7
3440,1
13001,10
1319,1
7115,1
11451,1
8368,1
425,1
461,1
12083,1
4502,4
2951,1
6037,1
7561,1
6254,6
2935,2
13047,2
5509,1
3245,0
4600,1
2277,1
5342,1
9802,2
6347,0
10926,0
14130,1
6837,1
7506,8
10408,5
7332,1
13693,4
380,2
11344,1
10064,1
8562,0
2257,1
5903,5
6423,4
7587,0
7921,5
5513,4
13202,2
3774,0
6546,0
11235,1
7689,2
6910,1
7616,2
930,7
11114,1
9490,1
10935,10
11565,1
514,6
51,10
3786,1
12060,8
12534,0
5821,1
1463,1
13588,1
10875,8
2923,1
14113,9
220,1
10264,9
2177,0
12183,1
4664,0
10818,1
8350,0
7515,3
684,1
7405,10
191,0
13863,1
11370,1
12347,5
10363,4
4537,1
5822,4
7415,7
8964,3
6099,1
8886,1
4844,9
14070,1
242,0
3273,1
14128,4
4236,2
7107,1
1965,1
2376,3
9733,3
2198,0
12359,1
8896,2
11011,1
7389,0
3581,2
14259,1
5143,7
10392,4
8992,4
8153,0
10126,0
9651,10
3820,1
10301,7
10325,1
8329,2
12888,1
7407,0
5050,1
11649,0
6106,1
10515,8
14628,1
13482,5
6968,1
14426,1
10670,3
6330,2
11029,1
13294,0
8893,0
13196,0
12051,3
4303,0
8892,1
7133,1
7430,5
2145,1
10563,0
12367,1
2582,1
5173,0
7665,8
11993,4
1669,3
5639,0
2703,8
4809,1
9482,1
8618,10
1259,0
7426,10
1129,1
11308,1
3454,1
1032,6
14176,10
4490,2
11970,1
9480,3
5071,1
12034,1
806,1
3746,1
8563,1
11496,8
4336,0
1164,1
6726,1
14200,2
541,2
5105,0
6181,4
12296,1
3091,1
3300,7
6086,1
8133,1
6007,5
2303,1
5818,2
8913,0
4173,1
3075,1
10714,1
2065,1
1661,1
11777,9
3557,3
4915,0
12554,1
1262,3
12306,4
11427,1
3092,0
13703,1
11098,5
8119,1
5113,1
5659,0
11469,4
8558,0
1106,1
5684,3
1473,0
12282,1
3242,4
2629,1
1764,1
6800,1
3744,1
11802,2
13020,1
8635,3
8960,1
8167,2
8242,1
9696,1
4509,1
5849,5
10259,0
11799,0
3832,5
2231,1
5551,6
9372,5
5347,4
6538,1
4066,2
11216,7
8058,5
12473,8
9222,1
5083,0
6227,1
8262,6
4071,1
7404,10
7981,2
13639,9
3125,3
2824,1
10744,2
11524,1
11847,7
13099,1
14513,1
13594,1
3978,1
4170,8
10096,2
1233,0
8506,1
11655,0
5121,1
7123,1
2365,1
8982,1
7101,1
6628,1
4865,7
3471,0
8989,1
2370,0
10885,0
4985,1
3874,1
11120,0
7718,1
12010,0
6799,0
10314,1
1521,3
10511,2
12000,0
7784,3
8817,2
4768,1
3162,4
5156,2
9760,1
4801,1
2000,1
10967,1
1281,2
10810,0
10909,1
6252,8
10395,0
5179,1
14550,1
8737,7
14340,6
6784,3
5442,1
10797,5
10033,1
5743,0
50,1
7926,1
10719,1
2562,1
11218,0
10038,1
4937,10
6858,1
8115,7
14194,3
12594,1
11417,0
135,2
12979,8
1525,10
9953,1
2942,9
1516,1
9231,0
5138,5
3793,0
8846,0
4710,1
1003,2
2638,6
1458,1
2814,0
2018,0
4316,1
6319,3
5709,0
1532,0
1442,1
6890,3
613,1
41,2
4928,1
11550,1
7463,1
1755,7
95,5
14515,1
3891,2
1585,2
9847,1
10333,1
2216,1
2826,1
3013,0
96,0
15,1
5323,1
10592,1
8813,0
10694,6
14252,4
12494,1
12577,1
5666,4
6608,1
9001,1
8933,7
5232,1
4378,0
14281,1
853,1
10638,8
11529,2
12395,1
2091,1
7862,0
12814,4
11572,1
6675,1
13076,8
1359,2
11765,4
1360,1
14636,1
5352,1
2055,0
7209,1
4433,1
9636,1
12193,3
9622,1
12693,5
5028,8
5571,1
7021,1
12371,2
1263,0
3386,1
9074,1
10650,1
1093,1
7654,0
5354,0
9280,4
1558,6
14540,1
10217,1
1676,1
6976,0
14425,1
627,2
5485,1
7221,4
6184,5
3157,0
7197,1
14082,1
11810,1
14326,1
13875,1
9204,6
9904,4
11559,0
10542,0
3685,3
8298,0
7113,4
12780,1
10554,1
13475,1
14537,1
12881,2
1800,2
3655,0
6351,1
13658,0
11387,9
5836,7
44,1
10357,3
298,9
4036,2
1944,3
2456,1
299,1
7386,1
7741,1
9938,0
14563,2
1244,1
421,1
9183,1
2565,1
13561,0
4204,1
1533,1
4641,1
10356,2
7031,1
14023,1
707,1
12202,0
2730,4
5374,0
646,0
1928,1
2729,1
2972,0
1320,1
9859,3
13339,9
10693,8
11947,1
6341,7
4305,0
3794,6
10190,0
4498,5
11159,3
5180,1
1443,0
6233,2
8388,0
9718,1
12854,2
3400,1
8999,1
3142,7
12949,8
4106,1
9058,1
9933,1
13577,1
4705,1
9462,1
8666,0
6641,1
3249,1
12485,5
2436,1
6755,1
8163,1
5274,0
9246,4
10985,1
11219,0
6253,0
3613,1
13885,0
5200,5
1915,1
12172,1
13998,1
4797,1
11353,1
4966,2
9431,1
1173,0
3538,1
11567,0
2889,0
11024,4
524,8
4182,3
3045,2
6280,0
8612,1
14263,4
7329,1
12418,4
3383,9
9424,2
3923,0
4948,4
8895,0
8361,1
4319,0
10377,5
11867,0
640,0
14352,1
8646,1
2477,7
10276,0
9910,1
13641,1
9641,6
3638,1
13230,9
11630,1
5279,4
3752,1
8772,0
8829,1
11992,0
1930,1
14319,1
11306,1
12836,1
8657,1
8457,1
14145,2
2765,0
9268,1
11744,3
14390,1
7699,0
11770,0
9184,0
14122,1
14041,5
10675,7
5514,1
7753,3
1157,10
6167,8
12170,5
8097,2
2858,1
5184,1
1446,1
11704,1
8549,4
2760,1
1708,0
8543,1
12773,1
1029,1
6843,1
13659,0
4781,2
10663,1
8073,5
2138,3
13195,0
5098,1
12964,6
13243,1
14211,4
3607,1
11543,2
2885,1
9179,0
3781,1
11887,0
5627,1
13155,3
57,6
10233,3
13193,1
10347,7
657,1
8526,0
6805,4
9051,1
8963,1
2564,1
6888,0
4165,0
5927,5
3713,0
4762,1
9605,3
10273,1
4807,1
11333,8
6588,4
10449,7
12849,1
331,1
2163,1
11131,1
8497,1
11112,1
10708,1
7201,2
2837,1
28,1
8904,1
2720,7
3415,1
11791,2
6990,1
270,0
4157,1
8327,5
3392,1
2970,1
8030,1
6401,1
6682,2
4617,2
11580,1
12058,1
6422,1
2125,1
10523,1
163,5
9187,0
3906,0
9518,4
14429,2
9663,1
5233,1
2123,1
10977,3
9654,9
9131,8
3343,4
10269,1
4979,2
637,0
12065,1
3634,1
4230,1
3712,1
3981,1
2733,1
13972,4
12741,1
13816,1
14285,1
10766,1
8859,1
6377,1
976,0
2204,6
2621,1
9389,2
8713,2
361,9
3505,1
3089,7
12311,1
10473,0
2137,1
3233,1
5287,0
10862,8
10930,1
12302,1
8052,1
9483,4
6630,1
12106,6
5586,1
8795,4
12297,1
8012,1
12404,1
1350,1
12754,5
11682,4
1362,3
5154,0
13287,3
7451,2
3349,1
6028,3
9880,3
7428,3
419,0
12152,3
1981,0
11454,3
9033,4
5839,0
12352,1
4397,4
9875,3
5556,9
13624,1
14231,3
8428,1
11017,1
9882,0
2999,2
3552,0
4253,8
6560,4
1620,1
14050,3
351,1
8917,1
9279,5
162,1
1186,8
12946,4
7932,1
11542,0
13089,2
10988,1
11365,1
5523,3
11277,1
14064,1
14156,1
9192,1
1833,1
11406,1
6495,1
5295,1
7180,4
3213,5
14341,1
8322,1
2796,1
8686,1
6696,1
5518,9
6834,4
11261,5
9007,1
8494,1
855,5
10525,1
8697,4
5078,0
225,1
177,1
8204,0
6205,8
4379,0
7566,4
7204,6
7792,0
11375,0
13329,5
1403,1
9194,0
3290,0
13077,2
5738,0
8177,0
1999,0
13054,3
3575,6
13059,0
1529,1
13790,2
13458,1
2805,0
5588,0
13940,1
9262,0
5012,0
6270,1
1183,0
7832,5
11778,5
8427,1
12353,8
329,1
3035,1
568,3
12004,1
1152,0
10330,6
12917,1
3266,1
7350,3
6903,1
6742,4
6573,1
3149,6
5654,1
5170,0
9110,5
2799,0
4461,4
5681,1
5775,1
12304,0
12405,1
11587,0
5082,0
13189,10
7250,1
4049,7
5539,1
10308,1
6653,1
13719,5
8603,9
2980,2
1571,3
13560,1
9623,0
1479,1
13651,0
9392,0
3435,1
261,1
9226,8
8135,1
13308,0
4693,1
8726,0
7470,1
1665,2
10428,1
12800,1
1977,1
3510,1
5524,4
12980,10
4660,3
5258,5
11850,1
11500,1
10204,1
6646,1
5067,1
13428,1
6753,2
4055,6
4924,5
7889,1
6649,1
2460,1
13371,2
5155,1
11208,9
12613,5
401,1
10289,1
10804,2
12647,3
7660,1
4193,0
13645,0
697,1
7144,2
13033,1
3410,0
3863,1
14483,2
9989,0
8056,1
11354,1
3734,1
11211,0
5397,1
860,1
10466,1
611,4
14182,1
2990,1
3307,1
728,2
8541,1
1851,1
2986,0
8129,0
440,4
8060,0
13279,1
8222,1
4925,1
9860,0
12919,0
1526,0
11976,1
13010,1
6929,1
5220,1
13416,8
11808,1
1409,9
14127,3
6332,1
6595,1
8577,1
2208,9
8206,1
11588,1
2623,0
1839,1
6451,1
9679,0
2212,8
4542,0
1609,0
1996,7
597,1
13953,2
6000,1
4713,0
7200,5
3967,8
5719,1
10238,4
3041,0
4596,1
517,4
6806,1
11389,0
9191,1
2982,0
3723,5
2975,1
8290,1
8557,5
4350,1
12645,8
4065,2
2575,1
12216,1
2886,3
4772,1
8624,1
2015,1
9105,1
2164,0
725,1
4345,6
11400,3
911,3
5558,1
1064,1
3559,1
10685,7
7081,0
11551,4
1493,0
4263,0
5794,1
5303,3
6640,1
11377,0
5208,1
179,0
14282,0
14066,0
3775,1
11324,0
6379,0
8387,9
979,5
6317,4
14526,0
13890,1
10532,1
7147,5
13963,1
12031,1
12397,0
4431,1
3167,0
6318,1
14355,1
4751,5
2806,0
11280,0
10234,1
13132,0
13824,0
3123,1
939,3
2144,7
1883,8
4923,1
5765,4
9447,6
7610,0
13380,1
4888,1
1190,9
14216,1
14159,1
1167,1
10682,3
8783,1
1179,10
176,7
3232,1
10933,1
1797,1
11535,0
14235,1
14383,1
11087,1
13807,4
445,1
7944,1
4640,1
11940,3
3875,1
5496,3
2831,0
4829,1
254,5
2792,1
5017,1
8237,8
10573,0
11445,1
7450,4
9299,1
10317,1
14015,6
1563,5
1862,1
8183,1
682,1
7008,1
8208,4
1619,2
10105,1
9015,0
8551,3
2495,3
12283,0
108,0
13269,0
7369,7
4702,1
2096,4
4354,1
3716,5
9018,1
7398,0
12048,2
3465,1
6103,7
4325,1
1436,1
9806,1
14307,3
1811,1
13574,1
4624,1
8203,5
208,1
5629,2
2066,1
1861,1
4659,4
112,5
11696,1
4778,1
11632,0
5345,1
7354,3
743,1
14574,9
12456,1
4750,0
8873,1
9963,2
2305,3
230,4
10251,4
4510,4
13429,0
12320,1
10897,1
3488,1
12474,1
9942,0
8114,1
12499,1
5956,4
737,1
13919,0
4346,0
6525,1
10104,1
7734,4
2400,5
10007,1
10545,1
8606,1
1427,0
5207,0
3776,0
12122,2
10754,1
1880,1
118,0
13123,1
4656,2
11440,0
13215,0
8742,1
6342,1
11769,0
7033,0
4337,10
12069,4
925,1
13918,10
10570,1
9415,1
5705,0
11152,0
12646,7
3658,0
8608,3
13066,1
5745,6
8512,6
5897,4
3804,1
11089,4
2992,1
13093,10
4527,1
14163,8
3853,1
3376,0
7996,3
1982,0
1221,7
13821,1
13965,1
803,1
13929,0
13120,4
3120,0
9020,8
11564,4
2631,6
9014,0
14227,1
13502,1
12276,1
5862,4
8870,4
3139,7
472,1
5147,1
12511,0
14382,2
12144,0
3941,1
1943,1
4765,0
9237,1
8881,10
2991,1
13760,0
8962,0
13937,1
2149,1
10043,1
3111,1
12507,7
12823,3
7190,1
7810,8
446,0
3260,1
1098,2
14555,1
13781,1
2645,1
2519,1
11988,1
5516,4
3740,3
5367,1
6714,6
1607,1
9993,0
10243,4
8979,4
5365,2
13257,1
13087,0
10763,1
10118,1
245,1
9912,10
12859,6
7070,5
1590,8
13149,1
13225,7
7642,4
4658,5
12423,1
13828,1
2607,1
10962,3
3530,9
9540,1
10310,4
7182,1
8138,3
6348,1
3919,2
10339,0
501,1
5056,1
2550,1
10318,0
8423,1
8621,1
2001,1
11523,0
5676,8
12366,0
6907,1
4342,6
3409,1
6362,1
3211,0
7880,0
8645,10
3749,0
825,1
5982,1
2067,2
436,1
13323,6
936,6
4492,1
11975,3
12206,10
7382,1
7768,0
12368,0
10349,7
9233,3
13826,10
3370,0
1469,1
11754,1
6874,1
244,9
7374,5
7288,0
5643,0
8066,1
9902,0
10613,0
8876,1
3282,0
9974,9
38,4
8429,0
13249,0
12666,7
11047,9
6239,2
2622,0
13552,2
1276,1
4295,1
10158,1
5437,0
2769,5
11064,4
10179,2
5879,1
9536,2
11969,1
699,1
11300,1
705,1
1626,7
5915,1
4677,1
9585,1
9420,5
8573,1
7558,2
11484,1
9580,1
9544,1
1636,1
1216,0
2547,1
9084,7
2664,1
10597,1
11459,1
2800,8
6611,1
3833,1
3432,6
2272,1
9108,7
3006,1
14472,1
5640,4
8617,2
2778,1
6597,1
3366,0
7962,7
13133,3
7600,1
7712,0
3124,1
13526,5
13490,0
11645,1
2109,1
9436,1
5161,10
1136,1
13080,3
10863,5
2795,0
6484,0
9361,1
1251,0
2890,1
10865,2
4737,1
11106,1
12748,0
8649,5
1544,1
10422,6
1101,1
2187,5
9517,2
1292,1
9472,2
2179,3
3286,0
5029,1
7216,1
2119,9
4961,6
7700,0
10463,0
5703,1
1418,2
5669,1
9689,1
4940,0
9429,6
3335,0
9577,1
9853,1
8723,1
3097,3
6709,1
9745,1
7691,0
8342,1
2650,0
8670,1
5427,0
9557,1
1158,4
12252,1
10122,1
3586,2
11289,6
7394,4
4518,4
11541,4
4635,0
6540,0
151,2
1912,1
1949,5
2569,1
3136,1
1445,1
4189,0
1726,0
7198,0
10755,7
8150,1
13804,5
5718,1
6447,9
990,7
6485,1
3285,1
9256,1
4466,4
1779,1
8491,1
14624,1
2290,4
4529,1
1343,1
6097,0
932,10
4081,1
6838,1
3038,5
2709,1
13258,1
989,0
456,1
2275,9
1466,2
4076,1
11699,0
14246,1
3327,1
11407,1
8674,2
9634,6
468,1
11002,0
14342,0
4560,6
143,4
4051,6
12438,1
1635,1
835,1
10252,1
4031,1
13263,8
4242,1
10453,0
11715,1
4477,1
1756,0
12973,1
5759,4
5507,10
11654,1
12683,7
3016,1
14311,1
13847,3
2233,1
13183,0
5621,1
4475,4
11085,1
589,3
10620,8
2478,1
3876,1
8045,1
6395,1
5936,0
561,0
3257,1
13582,4
10297,7
2694,1
4014,1
6409,1
750,4
5426,3
8159,2
7547,8
4752,1
5369,1
11510,7
8268,2
3721,2
13706,0
9621,2
12376,3
7468,1
4885,1
9635,1
4020,3
11938,5
1557,1
9581,1
13935,10
12543,2
6545,2
11883,5
11005,1
10727,0
12638,1
1837,1
14288,1
9994,1
6521,0
12361,3
4482,1
12039,1
1461,4
14144,1
3176,1
12566,1
3104,0
4838,1
8535,1
11575,0
3476,1
9913,1
13239,1
233,5
13854,1
7628,1
9843,1
11978,1
6549,8
8831,1
2510,2
9450,0
1709,1
3947,3
12167,2
2458,5
13463,8
1832,0
11961,1
7761,3
11641,2
680,5
3703,1
3546,2
7485,0
1754,1
6324,1
8620,5
12868,1
8610,4
1133,1
10753,1
9561,1
3007,8
392,1
1393,1
8050,0
2978,1
1538,3
3434,7
3898,2
2154,0
12223,8
11266,0
3868,1
6813,9
7948,5
2736,1
8239,1
4984,5
8241,1
12472,9
13499,1
8483,7
4515,5
4547,5
9142,4
10721,1
12257,0
11137,1
11410,0
593,1
8042,0
11367,1
12612,2
1110,0
13916,1
11320,4
2103,1
5655,9
23,2
6639,7
11509,1
131,7
5432,0
2950,1
6064,1
4287,10
13114,5
13630,7
12052,7
10487,1
8141,1
9312,1
13252,3
11911,1
10272,1
14055,0
1230,0
4864,6
3470,1
11667,2
581,1
7215,3
6121,3
693,1
12089,2
3996,1
1993,1
1701,2
7559,1
11625,10
11528,0
4391,0
7078,0
10161,1
709,3
6978,1
1935,7
7929,3
14262,3
14578,1
9176,4
12351,2
9397,0
9496,10
3107,1
185,0
1489,0
2374,2
1452,0
9458,3
5529,1
7052,1
7328,1
4894,3
11977,0
7321,1
4936,0
3342,0
16,2
1016,1
8392,1
3946,9
1408,3
8161,1
5841,1
510,0
1978,1
6580,0
10336,9
9316,0
11647,4
1010,0
11452,1
14547,4
14434,1
2652,2
9423,0
5293,0
14334,1
9695,3
5040,1
10676,6
6027,1
10242,1
3887,9
4647,0
6830,10
408,3
8486,0
12071,1
3017,1
5093,1
4585,0
7821,3
4774,1
2581,1
9281,3
14349,1
13880,1
5446,4
2692,0
12517,1
8857,5
6745,3
13345,3
133,1
6506,8
704,1
8531,4
3076,1
2422,2
13437,0
4434,1
5048,0
780,8
3030,0
12464,5
7011,2
12136,1
5886,1
562,0
8410,1
8215,0
8500,0
10157,1
13906,1
1358,0
276,1
1564,1
9549,1
2822,1
5136,1
6871,3
7575,1
2158,1
79,3
322,1
13612,1
5746,1
14184,8
8291,1
7320,7
2690,1
11449,0
7118,1
10679,2
9043,1
8113,2
12681,0
14226,5
10398,1
5498,0
656,5
2749,1
8117,1
2074,5
1482,1
13361,0
6868,1
600,1
13032,1
5368,1
11606,1
5415,2
4275,2
2459,4
2801,6
961,1
7933,1
10004,1
5325,0
2905,5
13607,1
6299,1
410,1
6210,1
3442,4
499,3
491,3
4450,5
1121,1
9342,6
890,5
1375,1
1433,3
14221,3
10200,5
11415,0
5782,0
1514,0
5697,1
3328,1
12208,0
4832,1
1934,4
889,0
3062,1
895,1
13942,1
4486,1
11119,0
808,4
477,1
992,1
7596,0
8437,3
3959,1
11998,3
8370,1
14559,1
11760,2
12575,1
3527,1
1734,1
10686,7
1099,3
171,3
2435,4
8401,1
6127,2
2107,1
9500,2
13674,5
5652,1
1790,1
8920,4
10326,1
14045,1
1711,3
5813,1
12230,0
7598,7
2136,6
14480,0
1036,1
1690,1
4194,10
10562,1
4565,0
12211,1
5027,4
9241,2
14314,0
12978,0
10000,5
13289,0
12378,2
1648,2
2545,4
9716,1
1013,2
63,1
9160,1
10579,1
61,2
2259,0
4376,2
1406,0
10098,1
6935,1
9541,1
9470,0
6892,4
4423,1
10471,0
10661,2
1328,2
5913,0
4338,0
272,0
6822,4
3543,8
1210,1
1922,1
8853,1
5795,7
8928,0
3701,1
13140,3
5210,1
14074,4
10216,1
3352,1
9755,3
12684,1
301,1
10026,1
6046,3
1908,7
8337,5
13101,4
6802,1
10964,1
10896,1
4206,9
4484,1
13213,1
11113,1
8111,1
422,1
6789,1
8565,0
1667,0
11702,0
4646,1
8808,0
1019,0
878,0
8096,7
11513,8
2403,1
5780,1
14152,1
3161,1
12387,0
2165,9
1925,0
9444,9
3980,1
3884,1
10279,0
8511,3
11396,4
3483,4
9236,1
2404,1
11337,1
8284,1
13313,5
5435,1
11899,3
13617,0
325,1
1459,2
9426,0
457,1
3106,1
4208,4
10639,1
7852,4
4745,6
1983,8
13768,1
2045,5
7367,1
1220,1
160,0
13907,0
256,1
5832,1
5263,1
5867,0
3175,3
3797,5
5645,2
9094,1
13405,0
5035,1
2965,1
7335,6
147,1
11450,1
14046,1
8842,10
3879,7
782,1
12856,9
4313,0
11679,1
14270,7
12161,9
6494,1
11215,8
2297,5
10080,3
5313,10
13142,1
10048,1
10150,1
6368,1
6759,1
8202,1
8156,0
12459,0
11917,1
11519,1
5237,7
8143,1
13860,0
11022,0
12607,1
14359,1
6070,0
5270,0
2377,2
4127,1
9315,1
9766,4
6352,1
13656,1
165,1
6659,7
8191,0
6970,2
9775,3
10768,7
6283,0
5972,1
8647,0
7433,1
4782,1
7621,1
10131,1
11316,2
4978,0
7166,1
5695,10
10434,1
5612,2
5206,1
1068,1
8915,0
14514,0
13044,0
1729,8
9301,5
9228,1
4586,0
8794,0
5533,1
1287,1
9386,2
9809,2
899,1
2780,0
10368,1
458,3
760,8
6988,3
1236,1
838,1
5502,1
7380,0
7752,1
10170,1
7656,1
14491,9
9234,1
6992,1
3289,2
4973,1
11303,0
2006,7
14191,0
5164,1
2881,1
10418,1
6756,1
2480,6
1641,1
8099,1
8699,1
8295,1
5819,10
1927,1
7614,0
4245,1
654,2
10904,0
1384,0
1871,7
8076,1
6923,4
11764,1
9203,7
5845,5
6706,0
2093,1
12087,0
8331,0
553,10
3135,0
347,1
3144,3
69,1
9132,1
559,1
6232,1
4343,1
6925,3
13707,1
5261,1
1437,1
13668,1
6853,3
8965,8
7000,1
10355,1
12625,1
10231,2
11949,1
14621,3
7326,8
3497,1
13217,1
2130,7
8935,1
365,1
3731,1
12,1
449,4
12021,1
8932,1
10588,2
7055,4
11581,9
3262,1
7896,5
12115,0
3081,2
10660,9
10783,0
13709,0
14439,7
3227,0
8123,1
5333,1
5139,3
3268,0
10359,5
13789,2
6241,9
9053,0
2032,3
11420,1
13125,6
7569,1
10680,1
10477,1
4828,3
3904,0
3997,0
3902,0
13052,1
6950,7
2758,1
9537,3
5344,1
11030,5
11194,3
10836,5
12462,10
3336,1
4471,1
3203,5
7631,1
6069,0
2875,1
14136,1
13487,10
8851,2
13670,5
5187,0
12350,0
2512,9
12889,0
11493,1
4545,1
2531,1
7755,1
1218,10
11642,5
2465,2
13725,3
8343,2
2327,0
4281,1
13791,0
12516,0
12028,5
4571,4
5837,0
11674,10
10954,4
13064,9
11236,0
2171,5
6913,3
8715,1
10056,6
6783,2
11638,1
3164,1
1420,1
13403,0
7331,8
8707,1
3680,1
5996,0
5781,1
9583,0
292,1
4448,2
10851,2
9921,5
1539,1
6053,1
14039,3
5522,4
8880,0
8592,1
11273,10
14468,2
6285,1
14299,1
3431,5
1162,6
3326,7
12290,0
2680,2
4756,5
5166,10
681,9
9998,0
6206,3
13228,0
6577,1
312,4
14180,1
8540,1
7607,0
1024,1
11589,3
1508,1
10745,10
4669,1
338,1
1929,0
6959,1
13969,1
3771,4
14374,1
13683,1
881,1
3950,5
12133,5
2538,1
5774,2
13592,7
9114,2
2221,3
12725,1
9582,6
11078,1
14005,7
3116,0
10296,0
815,1
5624,1
10557,5
4555,1
12642,0
6948,1
12710,1
4154,9
2481,5
12323,1
2971,1
9448,0
1312,1
3531,4
4046,1
6962,1
54,1
10120,6
3031,1
13814,1
8619,9
14287,1
1819,9
4570,1
10389,3
6614,1
11386,1
9789,0
12224,0
6697,1
11245,1
14556,1
11021,1
3983,1
3274,1
9049,4
386,1
12369,0
10619,3
13640,0
5357,1
9796,1
14620,1
9320,1
11033,0
5231,1
10305,9
1134,0
6676,10
11074,6
6761,3
13267,1
2022,1
9044,1
1430,1
1353,0
1054,0
5402,1
8238,3
13584,1
85,4
7960,1
7234,8
11136,1
13866,2
5230,1
10060,2
11035,0
8104,0
5863,1
3711,1
9538,1
12750,0
12846,6
77,7
11503,1
13853,7
4205,1
14040,1
5789,4
6666,1
5964,4
8990,5
12925,3
14462,1
13678,10
3197,5
3301,7
5931,0
13152,1
11540,1
1971,1
10024,6
10266,0
7990,1
7612,1
866,8
13305,1
1920,1
4581,1
2332,1
7721,9
6671,1
11258,0
8798,1
1354,0
363,1
12874,4
6435,5
3533,4
11999,1
10890,1
2728,1
8402,8
4588,1
13436,3
11270,0
9,1
1651,1
6212,0
9334,1
13357,3
7336,2
9550,0
1314,1
12402,0
14486,4
3475,7
4104,6
9553,5
11926,1
580,1
1902,0
5253,4
8211,1
5487,7
9971,5
4884,1
1932,3
3661,1
7310,1
11237,3
4392,0
9146,1
5158,0
10906,1
2012,0
11092,0
1900,2
3152,1
13625,1
14229,1
1937,1
2286,1
3821,6
2877,3
11601,10
2042,1
9734,4
6816,1
8771,1
7943,0
1789,1
12523,3
1291,1
6104,1
13955,1
12317,1
7379,1
11336,1
4947,1
1258,1
10474,1
7099,1
3974,1
5051,1
769,1
13580,2
7644,1
443,8
6363,1
11881,1
10720,1
4996,1
3493,2
1888,1
13426,5
6984,3
9606,8
12716,0
487,1
5978,5
3288,0
7203,0
6312,0
7947,1
2294,8
4730,1
427,5
4069,1
4,0
12799,1
12579,1
5909,3
10934,0
11178,1
12246,1
12064,2
10774,1
4228,1
9387,3
9988,4
6302,2
1021,0
1395,0
9060,1
14002,2
6365,1
3705,1
12705,4
13119,1
3920,0
463,1
11265,1
7542,0
14532,0
13224,3
10461,2
13248,1
14344,1
5721,1
3766,9
11238,3
1672,2
10655,10
12493,0
12220,1
6679,7
10580,4
8706,4
9608,1
1456,0
10115,0
2014,4
5236,1
10920,1
5967,1
6841,0
10932,1
13806,1
13827,0
3059,1
2964,1
12694,8
10151,0
12411,1
9863,1
4133,1
11983,4
6788,1
13251,5
2440,6
6645,0
14408,1
3340,1
5762,8
10445,2
10811,4
13859,8
14451,1
2849,1
2679,0
8249,0
13818,4
2402,3
13988,9
519,0
9944,1
1020,5
3113,10
2430,1
12664,8
2838,1
6927,5
12992,1
12217,0
10016,1
11508,0
6852,2
7774,0
10002,8
3984,1
6689,5
3256,3
14588,1
10946,10
8285,7
6420,2
12277,0
5373,1
10921,0
609,4
7006,5
11093,1
8825,0
4997,1
5055,1
4501,1
4661,8
7420,9
2962,1
2644,1
3628,3
14037,1
376,3
14323,7
7950,1
2466,0
14166,1
5700,1
3074,1
9012,1
5073,1
12458,1
12695,1
8382,5
14449,1
698,1
2302,7
4706,2
8555,1
7009,1
14080,1
12490,0
4219,7
8782,0
5014,1
5934,1
2225,1
5404,0
4493,0
8390,0
2556,1
10136,10
12425,5
2614,1
12104,1
13544,3
1989,5
4818,1
11349,0
6474,1
11097,1
12939,4
11848,6
13990,1
6264,0
864,1
13858,9
455,5
2166,1
12215,1
3278,2
8700,1
14238,0
5731,0
798,1
3433,1
4597,5
18,2
5363,1
12400,1
8048,1
3829,1
12903,5
603,6
10095,1
685,1
1637,0
8125,4
158,0
3332,1
14470,0
3866,1
8518,1
602,8
7411,1
6306,1
11782,0
13347,0
13872,0
129,8
1092,0
2373,1
10163,10
10809,1
12461,5
490,1
2954,5
535,1
4938,0
11158,8
933,0
6963,1
10843,1
617,1
12450,7
238,0
5401,1
8199,1
12006,1
7027,2
4166,2
6074,9
13892,1
5447,4
4803,2
11604,1
1731,0
14441,1
4910,5
8106,1
12116,0
4132,0
13662,4
6259,0
5329,1
13596,5
13844,9
9676,1
5162,7
13317,1
9384,1
7847,9
12027,6
1546,0
91,1
1282,3
8754,0
5535,2
4810,0
1542,2
13652,1
1050,0
7595,1
14084,1
3606,1
12765,7
2411,1
14213,1
7976,1
6425,1
6728,1
4003,3
2925,2
4131,2
9868,1
3878,1
1673,4
3214,1
5117,0
13042,1
12098,1
14148,0
2097,0
12701,1
8667,0
7116,2
13550,3
4314,1
8995,1
3940,1
7502,1
7177,0
13699,2
9492,1
7364,10
6335,1
4231,0
643,3
5223,1
5406,1
8359,1
10911,0
7284,1
3455,2
1763,1
9649,8
1266,8
10214,9
8777,1
7511,4
13227,1
13786,1
4271,9
11918,5
8393,1
13750,0
11517,2
13739,2
4546,1
11624,0
14457,1
5118,1
7679,4
12268,0
9702,7
11671,1
4854,6
13812,0
2803,1
10972,1
1959,1
9940,1
7246,1
14274,1
11129,0
5193,1
13899,1
3788,3
8405,1
7425,0
9416,1
591,0
3864,0
4004,1
3244,1
1806,0
5262,1
10772,5
1361,1
9764,3
3207,2
10142,3
4375,4
712,1
2983,5
9693,0
11669,1
1802,1
4308,1
8481,0
10923,4
5469,9
12634,1
14343,0
3054,1
8353,1
9657,0
11027,1
1026,10
8663,0
4310,1
7039,6
13528,1
848,1
5907,8
8803,7
1990,1
5016,4
5204,7
8703,0
3297,1
8638,1
2387,4
3757,3
9573,4
13769,1
4445,0
7097,1
2020,1
8596,0
2439,0
6290,8
9260,1
8790,3
2113,8
3003,1
10417,1
3672,7
12902,1
12512,1
13031,0
3247,8
13576,5
4553,1
6541,0
12022,1
546,2
1039,1
8978,1
6895,1
10900,0
3760,1
8038,0
10526,1
5119,0
12300,1
1591,0
5937,1
3,0
2134,2
14638,0
14410,0
9738,1
14150,1
13686,0
9909,1
5574,1
1200,1
4500,1
3255,1
403,1
4276,1
10424,5
9923,1
1601,1
5416,1
7653,1
6698,0
9406,4
9846,2
2863,1
12101,5
7767,5
4451,1
14188,0
14217,0
2907,1
8749,3
9996,1
12959,0
2566,0
7461,1
7414,1
4496,1
13692,0
7058,1
4969,5
10606,3
5172,1
13144,0
13376,5
11363,1
1165,1
8826,1
12672,0
109,1
3361,1
6590,1
13002,1
7298,0
5966,1
4285,1
7892,6
12067,1
513,1
12736,8
5904,1
2120,6
13048,1
4814,8
6880,7
6730,1
7471,1
7194,7
4499,0
4618,1
8478,2
14488,1
937,1
7453,5
12671,6
5418,1
7089,1
5785,1
14393,10
6744,1
11498,0
2584,1
3563,1
6932,1
9980,1
3571,1
1948,1
11053,1
14534,1
2752,1
4975,1
4209,0
10388,3
7325,0
3635,1
6896,2
14354,1
8454,1
10973,1
5004,0
3799,5
9034,1
11203,1
14339,9
5512,3
12185,1
3639,0
14067,2
3186,7
1137,1
11730,1
11910,0
10343,1
13134,1
11683,1
8192,1
13353,1
1447,0
3494,1
5196,1
7005,1
10507,1
2378,6
2180,1
3218,0
10658,3
8905,6
3330,5
4298,8
14318,1
2409,1
3250,2
5484,6
4322,0
1113,1
6678,1
2446,1
7688,0
4986,1
7811,3
5268,0
5618,1
718,1
11780,1
3354,0
11547,0
1405,1
3677,0
2832,1
5599,0
8822,10
8468,1
7294,6
1942,3
13057,6
996,1
840,1
2759,1
6433,1
11952,1
7346,0
10882,1
12918,1
4424,1
7619,3
10595,1
11610,1
2156,2
1924,9
3068,1
2862,7
11700,4
9962,1
3790,2
6524,1
4943,1
12723,1
373,2
4458,1
1424,3
7936,1
2918,3
12546,1
4244,1
13285,6
12281,0
2222,0
974,1
2658,5
4766,1
11042,0
3849,3
4883,1
4021,5
6619,1
6166,0
11442,9
7493,1
8810,1
1766,1
3222,1
2388,1
2649,3
11725,0
3184,1
8140,1
7737,1
857,0
10360,1
13900,1
10805,1
6169,9
11846,0
2540,2
3468,0
6016,1
1744,1
10245,1
2934,1
7984,3
6049,1
6327,0
12651,0
7568,9
8033,4
10262,1
4469,1
11511,5
3180,1
5417,1
7,1
3579,1
6735,3
10361,1
4514,0
3589,1
1117,7
7787,1
2217,1
1048,7
9264,0
12714,1
13349,0
9975,2
11373,4
5405,7
10654,2
7104,1
5163,0
7247,1
8070,0
13272,1
6452,1
2516,1
4773,1
10505,1
12308,8
9088,1
8419,3
6261,0
8065,1
4595,0
8460,7
14396,0
6901,1
9216,1
11987,0
13474,1
6112,0
8529,5
13632,1
6767,1
794,5
9122,1
749,4
2937,0
5305,4
7356,1
11979,1
4863,5
9211,1
13153,1
10991,1
3572,9
3811,1
1777,6
5751,1
8927,1
3243,4
13320,1
6564,0
5547,1
3871,0
8739,0
1696,2
13921,0
7217,1
5734,1
154,1
8875,1
1683,7
14360,6
1530,1
11841,1
4988,1
9613,0
10031,1
1185,8
10189,1
8320,1
5853,1
11455,0
10533,1
11793,1
10267,1
12046,1
3008,1
4058,9
3318,1
10196,1
8856,1
9780,1
2047,1
21,1
3443,0
11418,1
10344,1
7858,1
7281,3
5123,0
1780,2
10543,2
8245,1
11192,0
8520,1
3337,1
9322,4
6129,0
12801,0
9245,1
5736,1
11948,0
13015,1
12632,0
2834,1
3837,1
8301,3
5296,2
1778,1
6161,5
4901,1
6147,1
12330,1
14519,1
11091,3
7054,4
8731,4
12177,1
7368,1
13723,2
959,5
3118,1
7659,1
9259,3
8735,1
3401,2
11038,1
10640,0
11549,1
3670,5
194,8
2782,1
2969,6
13870,0
6665,1
7119,2
3585,5
13676,0
9202,2
7185,5
8785,9
4061,1
7440,1
5125,0
8768,4
11356,1
736,1
11916,0
2543,1
4212,0
9890,1
9690,3
6096,1
1234,1
9805,0
11444,0
1615,4
11414,1
8597,1
14095,1
5476,2
132,2
4616,0
6776,6
9664,0
10432,1
2979,1
13684,6
3088,0
2189,1
11068,1
13070,0
13798,1
12709,1
7553,0
10057,1
8411,8
2261,5
11909,10
10710,1
10485,2
202,0
7588,0
14584,9
8815,1
1042,1
11825,10
13541,1
12267,10
2485,1
6122,2
14455,0
7937,5
11488,0
4019,2
9323,1
10565,1
9065,1
12802,1
12977,6
3270,0
4233,1
741,1
8069,4
11932,3
6454,0
8219,1
8201,6
12552,2
1892,1
3461,4
10321,5
4191,1
1145,1
8311,5
6228,2
369,2
13030,1
2278,0
4716,1
1822,1
2188,0
14139,1
11301,1
184,0
1468,0
4198,0
11895,0
11562,1
4626,7
13654,1
8267,1
6135,0
7080,1
8107,1
4317,5
9670,1
1765,2
9932,3
2029,8
2054,5
555,1
6344,1
6098,1
2223,0
7114,0
5940,1
5411,1
3782,1
6173,0
12945,3
8545,1
9769,1
14284,1
4629,0
1419,3
9767,1
7150,1
12483,8
64,0
3405,5
9040,3
7109,9
14450,0
9564,2
9078,4
5711,1
7255,1
11426,5
13598,5
1716,1
5259,1
2892,1
10044,0
13855,1
8008,4
1835,0
1926,7
8750,6
10394,1
7749,1
2825,1
3642,1
9149,5
12900,0
9970,0
8594,0
4610,1
1080,1
5422,1
12238,1
3130,1
3624,2
10300,1
1916,1
3682,1
4795,1
9062,1
5916,0
13759,1
4777,0
10618,3
7850,1
9086,1
9411,2
11168,1
9656,9
7192,4
10957,0
7347,1
9352,3
2740,9
9175,1
6073,1
3608,0
3844,1
13379,1
13622,3
8029,1
7295,1
10819,1
1562,1
7732,1
8883,0
9700,1
5687,6
13653,4
791,3
5647,1
7594,3
12633,1
6198,1
8835,1
4866,1
74,1
1630,6
327,1
10027,1
13987,2
7301,1
1351,0
3272,1
7584,3
2429,0
3621,1
753,1
10907,1
5854,1
3034,1
5842,1
2810,10
12074,0
590,5
12138,1
1171,3
10499,6
3371,1
197,0
12740,9
5983,4
7473,4
6625,1
9476,9
3900,2
2493,1
11792,1
886,7
3311,0
884,3
12792,6
14296,1
690,0
9831,1
9412,0
8000,6
4927,1
3660,1
963,0
6994,1
1491,8
11110,1
11409,1
6442,1
819,6
8461,0
1741,1
6535,9
3909,2
12130,9
10011,1
8954,10
4315,0
2586,1
10014,1
3359,6
13209,1
14209,4
4221,1
180,1
11973,0
6600,3
14576,1
7997,1
13644,0
2351,1
1588,0
8022,1
1882,6
14054,3
2292,1
4599,5
2335,6
4288,1
8230,2
7378,1
726,8
2542,1
5767,1
346,1
5874,3
7848,0
11646,3
675,0
12205,0
11437,2
11338,1
2757,1
10828,8
13848,1
5939,0
2774,0
3925,1
5858,1
11225,2
6752,0
12739,1
5052,1
10290,3
5291,1
4602,1
3047,1
11380,3
13108,1
6429,2
5018,1
3085,1
14346,1
6289,1
9369,6
13509,1
5330,8
6242,1
871,1
10752,1
14446,5
13720,0
8609,1
2791,1
7726,1
6390,2
7029,8
3438,1
9778,2
1791,0
5104,1
273,4
3914,1
6036,0
1256,1
13486,2
9401,1
6196,2
6865,7
10202,0
1090,3
7592,2
12381,6
715,1
6157,9
12023,1
308,1
13365,1
8961,9
896,0
6554,5
6662,0
14,0
12536,0
6523,1
14356,1
4871,0
13556,3
2157,1
13400,1
3689,1
10968,1
2428,1
9897,1
12879,1
11309,1
6982,1
7777,1
10032,9
8774,0
9720,1
1898,1
13825,1
3625,0
7083,0
5756,1
10997,1
14250,0
4249,9
3422,1
2585,2
5917,1
8630,0
2943,3
827,7
2554,1
3823,1
4917,1
3694,1
3856,1
5457,5
8431,0
9353,4
13701,1
4186,2
3333,2
5702,1
4449,1
11747,1
5835,1
5623,1
7549,0
8063,1
1681,1
2899,3
4396,2
6333,1
10248,1
2643,1
10224,1
7163,1
7632,4
7139,1
10513,1
3881,1
2953,1
5049,1
14399,1
11996,1
9984,1
2710,1
4504,0
5183,1
12056,1
13604,1
11787,8
314,3
6470,1
5134,1
10292,1
8425,4
10510,1
10764,0
12882,1
2081,1
1906,1
359,3
10041,1
11313,2
8850,1
11590,2
13515,8
7360,1
10697,7
12088,2
9076,6
8287,2
3905,1
5283,1
12981,10
164,5
10089,3
9530,2
14542,5
3172,0
10229,1
1413,1
4742,7
2475,2
1252,0
7343,0
13296,1
12561,3
4603,1
1195,1
579,0
13359,1
772,0
1253,1
6134,1
11080,1
11466,1
13333,1
9407,9
5595,1
5203,0
12343,0
8364,3
4237,0
11688,4
9924,3
12008,1
4980,0
1847,1
6489,2
307,0
1876,5
14476,0
7161,5
313,1
2661,2
7274,6
13770,1
10103,3
904,2
1555,2
9631,1
6831,0
1120,1
6960,1
1073,1
9686,5
1038,1
6394,1
2041,0
6877,1
5716,1
9827,0
1988,2
9193,2
9751,2
14242,3
538,1
9968,1
5501,0
333,1
10165,2
10690,4
10784,8
845,1
10050,1
9501,1
76,1
9939,1
252,3
5462,1
8490,9
178,2
4028,1
1956,1
2985,5
3787,1
3753,8
10212,7
10733,1
6607,0
527,4
14313,3
3460,2
7910,7
11374,0
5911,2
6449,10
4489,1
8266,1
2753,1
10199,1
11382,1
3657,1
3792,0
6413,0
13835,1
7570,5
12578,9
3219,0
863,8
1217,1
4320,1
14570,1
1336,3
9798,1
2936,1
10133,3
11037,1
2310,1
10846,1
8101,1
6465,8
8373,1
10284,1
623,2
4655,5
203,0
11684,4
13838,0
9979,0
12731,1
3587,0
12470,0
12865,1
13510,3
10019,1
4352,1
13539,1
14101,1
13923,1
7992,1
2069,1
6482,2
6218,1
4282,5
5443,2
14267,1
11116,0
8083,5
2588,4
12261,1
5054,1
2319,1
5142,1
13017,0
12014,1
9973,5
3523,1
9864,3
2766,1
13363,4
1739,1
14119,4
922,1
12704,1
3489,0
6131,0
13667,1
9736,3
8221,1
1322,0
7003,5
8448,1
6194,0
7674,1
12346,0
11797,1
1460,9
5360,4
3643,1
2252,1
8970,2
7951,1
10506,1
7800,1
500,0
14153,8
12468,0
2681,8
6141,5
11783,8
8814,1
10775,1
222,0
4321,10
13138,1
2268,1
11166,0
5434,1
8907,1
576,8
10961,1
6411,1
10029,5
5013,1
12821,1
1077,1
3407,1
4110,1
1686,3
10148,0
9218,2
973,10
1222,1
4738,7
5212,1
5929,1
4075,1
1875,1
12913,7
12923,2
3457,4
8485,0
4877,1
2011,2
8652,1
2672,3
8722,10
1785,1
8593,0
3939,1
2295,0
7918,1
375,4
8515,0
8799,1
6426,0
1379,0
995,1
459,1
4234,6
7455,4
9318,1
3676,4
8168,1
4054,1
720,3
4906,1
773,3
8767,6
14295,1
8804,2
11648,0
13402,1
3391,8
9008,0
5914,1
3662,1
13457,1
4645,3
5257,3
12213,0
4835,3
1153,7
10396,1
10867,0
8637,1
13601,1
10451,10
8,1
10884,1
5182,1
10155,1
12615,3
3936,0
13488,1
10614,1
6810,2
10575,5
2433,1
3675,2
14485,1
13051,4
4598,1
10834,1
7228,1
11635,3
9445,0
10700,7
13956,0
7026,1
10017,1
271,0
13873,6
10924,1
12662,4
10113,0
2683,4
3052,1
10527,1
10664,4
7317,5
6939,1
7711,1
4703,5
11271,2
2509,4
7100,3
13094,1
2239,1
12293,3
10963,1
5744,0
3474,1
7256,1
534,1
9505,2
10112,3
13188,3
2646,3
1368,1
2955,1
4141,1
11954,1
3690,2
11676,9
2328,0
13145,3
3885,0
11167,1
3419,1
12233,1
5032,8
8514,1
11164,1
11924,1
3265,0
8175,1
9148,6
107,1
5650,0
4870,0
3952,1
588,1
2874,3
9556,1
3424,3
12003,1
6592,7
12608,1
10847,0
5769,2
13184,0
8441,0
10495,5
10382,1
5976,1
12084,1
7661,5
12728,4
2663,2
1355,2
8595,1
6370,1
8570,1
5097,2
9799,1
6110,1
11571,5
13235,0
2843,4
8560,6
4082,6
12005,2
33,1
11107,0
8720,0
11244,1
6222,1
7707,9
6857,0
7641,1
7134,0
9790,1
39,1
4174,1
9997,1
12309,2
14140,1
11531,1
511,1
6397,1
267,0
187,1
9130,0
7521,0
4711,3
2449,0
9168,1
9359,0
9499,1
13878,1
3567,6
9523,1
5348,3
3070,1
14301,1
11680,3
3845,4
3500,1
7676,0
10770,1
6460,1
9022,1
7795,1
13752,1
4491,1
12639,1
4389,0
6615,0
3425,1
9064,0
12894,0
2226,2
13931,9
13442,3
3504,1
13397,0
11175,0
9421,6
11946,3
8112,2
8764,0
12243,1
2904,9
5953,6
8572,1
8575,1
2080,1
14348,1
335,1
72,1
893,2
1960,1
8908,1
11384,0
9464,0
2040,1
9884,1
13637,0
13773,1
2098,6
5889,3
6380,1
1952,1
604,3
9163,8
8174,1
9666,0
6829,1
11896,0
2984,9
5617,4
88,1
12644,0
8011,1
4358,1
14440,1
4739,1
4918,0
6291,0
13113,0
10074,6
10468,6
2949,1
6727,8
10731,1
7635,9
2840,1
8537,1
8662,1
7409,1
8426,1
5957,0
3486,3
6504,1
4574,1
823,1
34,2
302,1
5000,5
2957,1
13569,8
10947,1
900,3
11563,0
9302,1
3423,0
7403,1
6793,1
1476,2
5932,1
13160,1
14482,1
8786,1
4257,1
10549,6
8188,1
12165,1
6001,0
6926,3
9976,1
11951,3
3189,1
12542,5
520,0
5899,1
10732,1
11814,0
3083,0
5714,1
6751,5
7730,1
10180,1
10502,1
8026,1
349,0
10319,1
2764,1
11019,1
2394,1
6738,2
2497,1
9862,1
13395,2
8044,0
13396,0
14417,8
1449,0
423,6
12383,2
11622,1
7837,1
3691,1
8885,1
12932,3
10800,3
6428,1
8341,1
3652,1
4576,5
1305,6
8914,3
7265,1
7445,1
14225,1
13776,0
7435,0
3127,1
8136,1
11456,1
189,1
7156,0
1753,1
12495,2
10858,0
1122,2
10039,0
6048,6
13901,1
11478,1
3369,1
13603,1
13232,3
584,5
5266,10
13358,0
29,6
1467,0
703,9
9849,1
5178,0
12955,4
9991,1
5130,0
12187,1
8902,4
13677,1
12279,8
4411,0
7241,1
9494,10
5030,8
11803,1
2028,1
12119,1
7067,1
7036,9
2605,4
7882,7
14373,6
12991,1
7750,8
12556,9
7062,1
7222,1
11861,1
5568,3
903,5
1803,1
5301,1
5570,1
14610,3
3155,1
6214,1
8797,1
3877,9
7497,1
6647,7
10489,1
530,0
12967,2
2390,0
9141,1
9052,1
3101,1
90,1
12544,0
2775,1
14587,1
11408,1
6731,1
12090,0
10405,0
2003,4
9290,2
2454,4
9009,3
13478,1
6300,0
7690,1
6437,3
6725,4
8198,1
9298,0
8442,0
3141,0
13452,1
14546,2
4946,1
6997,3
2464,1
60,1
1315,3
1713,3
12600,1
14590,4
8988,0
4572,1
2808,2
14094,6
11880,3
12111,1
14549,1
304,3
3346,1
12372,1
13411,0
10778,1
12636,1
332,1
10636,1
4497,0
2133,1
3012,0
3267,1
12263,0
6408,6
677,2
6699,2
1416,3
8507,1
5141,7
601,2
10460,1
11788,1
1031,1
4495,0
11008,5
11707,0
3610,0
13324,0
5649,2
13122,1
6224,2
1936,9
8164,8
14568,1
6255,0
14157,6
4118,3
14520,3
3115,2
4981,1
2895,1
11288,3
13633,1
8190,1
5988,3
9639,2
846,0
5883,1
4776,1
4690,1
4485,1
13497,1
13636,1
9270,2
12328,1
12611,5
12922,1
5826,2
8984,1
324,1
6132,5
5486,0
12134,7
8684,1
6056,2
8708,3
9752,1
5413,1
13292,1
9703,9
5474,1
2961,5
11913,1
3928,1
9017,1
10237,1
5872,0
3816,1
8142,1
13572,2
2021,2
13537,1
4229,6
5758,9
4259,2
10530,3
2023,5
9834,9
5355,3
10617,1
6155,0
10329,1
2486,5
7457,1
7622,1
2235,0
1388,5
6686,0
414,1
10982,1
11388,1
13782,1
9027,0
6945,1
2073,0
6920,1
8165,1
12654,1
9405,1
12097,0
4453,0
3315,1
11317,1
3374,1
3838,5
8921,1
1172,1
12318,1
10741,5
4637,2
7624,4
7278,1
3631,1
7885,1
141,1
6511,3
3547,1
2196,1
8534,4
5101,7
7785,0
13970,1
3140,6
10430,1
10124,9
6172,1
3373,1
10695,5
12606,5
12392,2
2267,2
13327,5
12707,6
5761,1
5334,10
11662,1
493,0
3851,1
5438,1
3396,1
3932,3
6031,0
14351,1
13568,1
11738,0
14492,8
10899,1
5077,5
10913,1
10268,0
6055,0
5962,1
4872,4
8719,5
4059,1
13903,7
3436,1
5195,2
12999,1
12582,1
4945,8
11678,1
14290,0
14438,3
6009,0
6310,3
6158,3
11048,2
12809,1
6919,0
12426,6
2008,1
10282,0
11558,0
7904,10
5963,6
4679,1
6188,1
7124,1
12742,8
10629,1
2724,5
13421,4
13117,1
3646,4
539,2
8312,1
6575,9
11929,6
12769,1
2367,10
13007,1
11495,0
13073,1
11536,1
12500,1
4666,0
10084,2
4962,2
14411,1
10351,0
1423,4
8528,2
653,0
2872,9
13621,0
4628,1
14244,1
8765,1
8389,1
11352,5
3168,1
733,2
7381,1
13557,1
8455,1
7291,1
622,1
9335,1
7842,0
3509,1
11348,1
867,1
81,3
2190,1
9041,8
11609,2
13832,0
9916,0
14168,1
13462,3
9037,1
13950,7
8702,0
12286,6
4615,1
4563,2
4349,6
8081,3
1034,7
12667,1
7060,1
799,1
4569,3
1830,1
10859,3
11591,0
14197,8
2967,1
4367,1
13749,4
14317,2
6966,1
62,6
1998,5
4148,0
1146,1
5399,10
6375,1
8796,1
8130,1
3598,1
12772,1
4653,0
5388,1
3210,1
12527,1
6550,0
10385,0
3048,1
3417,5
7953,1
7193,2
11686,0
1698,0
14321,4
1289,8
9487,8
2751,2
7365,0
5545,1
12489,0
12348,5
7669,1
3022,0
13608,1
8092,9
10134,1
7004,0
7422,0
1082,4
13496,1
7514,5
13393,1
5298,1
5062,0
4930,1
13635,0
7056,4
7480,1
951,3
11325,0
10807,1
6869,1
3544,1
2155,6
5589,1
9878,1
10795,1
13520,6
7557,1
2043,1
4156,4
1197,1
7094,0
11915,1
4898,0
3063,1
7675,3
11390,0
6947,1
7141,0
5990,1
10494,0
8406,0
8833,5
6821,4
258,1
6143,3
1836,1
8504,1
9129,6
2583,1
12974,2
4436,1
4671,1
1587,0
2017,1
2265,1
6667,1
5060,1
6922,1
7780,0
1335,1
3896,1
11034,1
7091,1
12374,1
5922,1
13143,1
10288,0
9675,0
6692,1
9959,2
8582,0
11761,4
522,1
4913,0
14081,1
2731,1
283,0
8751,6
3649,1
6077,1
6771,1
1768,1
7066,7
6825,0
3965,2
7229,1
5827,2
12824,6
6464,0
5489,6
9978,1
12491,5
13438,1
5275,1
4754,1
3828,4
7776,1
8098,8
5977,1
13675,3
31,1
7911,5
6567,1
11391,2
3609,1
5337,0
12617,1
5088,3
11479,0
155,3
9099,1
6582,1
9677,1
868,0
9672,1
10504,1
10903,0
12344,3
473,1
4252,0
11293,0
6358,1
4178,9
2318,7
14289,1
10414,1
11453,1
14147,0
5625,1
5480,0
5290,5
5387,0
8753,1
4232,1
9469,2
9542,1
6029,1
1736,1
1831,1
5871,1
362,0
4002,0
9378,9
4160,7
11661,1
13418,1
12551,1
14516,1
10547,6
9887,1
13295,3
8659,9
665,1
3147,0
7431,1
11224,1
1812,0
582,1
11010,0
3192,1
13388,1
678,2
4878,1
3058,2
7189,6
879,0
11101,1
14325,1
13874,1
7809,1
11429,1
11246,8
417,3
11832,1
7032,1
8079,1
3319,1
7975,0
269,2
3205,0
5554,1
11460,1
3040,1
14079,0
2590,3
1494,5
14596,0
6424,0
10433,0
14518,1
3325,3
14320,2
841,1
13000,1
5948,1
12655,1
12147,0
4950,5
5644,1
10491,0
11865,1
4183,1
11439,1
13238,4
2662,0
1844,1
9117,1
12610,1
14523,1
2523,0
1332,10
3627,3
9046,1
7748,1
9757,1
10450,0
8923,0
234,1
309,6
2407,0
8898,5
6579,5
3480,1
3809,0
11573,1
7448,0
1196,1
13500,4
13058,1
4100,1
59,1
2142,1
11526,0
9941,1
3601,1
10757,1
14609,1
14392,1
913,7
10990,0
9845,1
6371,1
159,0
5408,0
515,8
4032,4
13244,0
9388,1
7564,9
11013,0
10406,1
7349,3
12934,6
11487,4
13256,3
2727,2
3910,1
8391,0
10054,0
1308,1
13389,1
1634,1
5642,3
114,1
4955,0
3241,1
598,1
9057,0
12413,1
6487,8
11134,2
8583,1
1439,0
8816,4
7874,1
11457,1
105,2
5638,2
12391,10
4977,1
6360,0
13562,1
2444,1
14024,5
3758,1
2882,0
14504,0
4718,3
3248,1
13037,2
7169,4
12179,3
8718,2
7854,1
4254,6
12431,4
3532,7
7494,0
1144,4
11501,1
8433,4
6501,1
474,0
578,9
11169,7
7909,1
5609,1
12595,0
7432,0
1582,0
8746,1
465,1
917,1
4187,6
1951,1
13884,0
10803,2
2712,1
1519,1
2693,0
1692,1
9552,1
14063,2
7630,1
9360,1
12355,4
7845,0
5668,1
7361,1
6287,0
6269,4
11665,1
3706,1
14185,1
7421,0
8581,4
14363,1
6518,1
9310,0
7158,8
13664,0
3251,1
999,0
1796,4
3836,1
7017,1
2772,1
9434,1
1621,0
10883,1
2763,0
12406,6
14606,3
12950,0
1957,1
5828,1
9220,5
11189,10
8286,1
5240,5
12335,0
8743,1
8041,3
12711,1
702,1
9047,1
10001,0
377,8
7196,1
12908,0
8292,0
2917,5
7077,6
9571,1
11901,1
13335,3
356,3
9263,6
11781,1
12478,1
12942,1
12759,1
9721,1
7176,0
11695,1
2249,8
2112,0
8473,1
2781,1
4532,3
11436,7
11735,0
6757,4
7849,0
8184,1
3969,1
7483,1
6041,5
11828,7
1919,1
3027,2
8251,1
9100,1
5302,0
11897,8
8171,0
1309,1
255,1
3061,2
3762,0
2285,4
8447,3
540,5
4474,1
6415,0
5433,1
3784,1
533,1
10970,1
556,1
4064,1
6115,1
7906,1
8210,4
10792,0
5685,5
6531,1
2989,1
1280,10
13754,1
12322,3
1087,5
13386,1
9200,0
2518,1
6374,1
14380,2
6569,0
13648,1
5707,1
9153,5
7366,2
3163,2
4724,1
471,0
9813,1
5479,6
14199,1
6949,1
4654,1
2337,2
10728,10
8336,0
7603,1
7605,7
1881,1
2016,1
12971,1
14236,0
3772,1
7030,1
5481,1
5174,1
8919,6
5882,1
10081,1
1678,0
14004,5
3862,0
10149,2
431,0
2004,0
13977,1
5394,1
4992,0
3870,4
13661,1
12319,1
7693,1
5860,0
9468,1
11920,1
6133,1
5773,0
7914,1
12158,1
14190,0
8075,4
5840,6
4432,9
4505,1
6431,1
3187,8
3982,1
12691,1
12892,7
14137,9
3632,5
852,1
70,1
7110,0
1987,1
11982,1
8971,1
8869,8
3024,1
3305,3
6438,0
12126,1
14497,1
8232,0
4908,0
3548,1
7724,1
869,2
2993,1
8416,1
4386,3
5898,0
11287,1
10584,1
11805,1
7828,0
14164,5
10601,1
9119,1
3269,1
5002,1
888,5
14091,1
1565,0
2473,1
9521,0
12501,1
5198,3
13310,1
4933,1
13383,3
8922,1
12580,1
6156,0
6881,10
12895,5
326,10
7283,1
10740,2
6277,1
8760,1
1018,4
4190,1
2329,1
13514,1
1356,1
11319,1
2589,0
13322,1
9684,1
6258,1
10873,8
5495,2
3229,5
10322,1
5047,1
3867,1
4268,0
13491,4
5288,1
5766,1
10786,0
14465,0
4088,5
396,1
3972,5
10945,0
11570,1
3618,0
6734,0
2816,1
804,3
4384,7
9039,0
12957,1
4026,2
12947,2
9895,7
8374,5
11360,1
6263,1
14509,1
6058,0
186,1
1435,0
2865,2
5107,0
7064,1
10717,0
12053,0
7518,1
11193,1
388,0
6570,3
13779,1
4280,1
7778,1
4326,6
1341,1
2284,1
8328,1
1629,4
14544,7
1035,2
542,3
13079,1
11574,10
7412,0
9286,1
6301,1
3412,1
7439,1
5918,2
2092,1
11811,1
8005,1
5673,9
8834,0
12249,3
8527,1
5500,4
144,2
5891,1
8064,0
4102,2
4889,6
3693,1
27,2
10295,1
10159,1
10208,3
13647,1
2498,0
9036,0
9073,4
370,1
8131,6
6916,2
9795,1
6657,7
14632,5
9615,10
199,4
10206,1
761,1
9016,4
1671,1
4377,2
6102,0
8061,1
1139,3
6894,5
8004,1
2053,1
7082,0
8714,0
7105,3
12762,1
3225,1
7341,1
5490,4
13432,1
3796,0
13504,1
2762,4
5057,0
5878,1
6669,7
2201,1
3408,1
1151,0
2010,1
14370,6
12437,5
2408,1
11105,9
8027,1
9271,0
12049,1
14011,5
745,3
4260,5
1438,1
10898,4
14059,5
8947,1
11824,1
1846,1
1295,0
4479,1
5186,1
10160,0
7088,2
1205,1
1006,3
11357,3
8784,1
12357,0
2815,5
11991,1
13600,0
2671,2
1625,1
11155,0
14256,4
6711,7
14096,2
3429,3
3852,1
10711,1
6445,2
13610,5
6042,1
2603,2
10247,1
1859,1
14062,3
10577,5
9377,9
5151,1
13796,1
4732,0
5965,3
12574,8
14257,10
4856,0
8548,0
9527,1
10429,2
4727,1
6236,0
647,1
7136,2
5444,6
4153,1
1917,1
2117,1
13695,1
5864,4
8369,3
12829,1
4383,1
12457,1
818,2
4023,1
12218,1
1000,1
13748,1
1787,3
8474,6
6440,6
7437,0
12804,0
13480,4
7016,0
10886,3
11753,0
9905,0
4840,1
11891,8
537,0
3137,6
2339,0
13481,0
777,5
11944,3
6295,1
11670,1
13926,4
7210,1
7454,0
14109,1
4274,0
7472,4
1051,0
113,8
12751,2
5384,5
1425,7
12893,1
8118,1
1498,3
10192,1
763,3
5692,0
12291,6
10069,5
6059,3
2213,1
9296,1
11545,0
3281,1
3043,1
4549,0
4819,1
3234,1
10082,1
13976,1
227,1
2654,1
12295,1
6345,2
2947,8
7213,3
641,3
941,1
9610,1
13435,5
4869,1
10585,1
7206,1
7589,1
1239,1
13727,1
9313,2
859,1
6192,1
11934,1
11852,1
4859,1
10771,7
9375,0
7769,8
4905,0
11697,1
1083,6
10866,3
13035,1
11745,5
3073,1
1863,0
5935,0
8724,0
2194,1
10230,3
11639,4
10393,0
13865,10
4513,0
12080,1
11994,0
2395,1
13649,0
3620,9
4619,1
7395,5
1104,1
10643,4
8319,2
8016,4
2384,2
11708,0
14111,7
8418,7
4874,9
10073,7
330,1
5561,2
7138,1
3126,0
12619,1
10798,9
1829,7
14365,0
3822,7
7072,1
7789,1
6940,0
4822,1
1293,2
9865,1
7623,1
4701,1
10183,1
13338,1
3153,1
5548,0
2033,5
10138,8
3402,1
11833,4
7805,1
9514,0
5607,5
9956,2
8278,1
2314,0
8977,0
3294,2
8103,0
5671,1
10250,0
13529,0
6476,1
6075,1
1560,0
2876,9
4435,3
13912,1
7276,1
9699,1
1899,0
7525,2
11713,1
5783,8
167,1
10045,1
12430,1
7673,1
9513,1
4494,3
5635,3
11342,6
10750,1
2415,0
544,1
9287,1
1642,3
7219,1
6126,9
2296,4
9239,1
4769,0
14103,0
7540,4
6488,1
12132,1
1126,1
8386,0
8309,1
10427,7
6490,1
9091,1
1112,1
14248,6
7237,6
10894,1
1326,3
9600,2
2695,0
7770,0
14060,0
14254,0
9828,0
2228,1
2761,6
426,0
551,0
2567,0
3688,1
398,6
1848,3
1242,2
207,2
5521,2
8023,0
2779,2
8332,1
7079,0
10312,0
11399,1
2845,1
1781,1
2634,1
5550,1
12873,4
8691,1
13797,5
12412,0
12870,8
6972,1
4294,1
8655,5
14460,1
10943,1
2057,5
1679,0
11812,5
3741,1
12525,1
13785,4
1147,1
8400,1
13384,5
1160,1
14075,1
10111,0
7490,2
1014,0
6268,1
5893,4
14378,6
12288,0
13211,6
13566,2
5428,10
4651,4
10541,1
4686,1
2619,1
12189,0
11310,1
10287,0
3416,1
11694,1
9165,1
3994,1
2419,2
13307,0
1611,1
3221,0
12099,10
8440,1
6818,1
5451,1
13303,10
4842,8
4909,2
2375,3
6256,3
727,1
10539,10
2496,1
5385,1
3869,1
5870,1
4146,3
6533,1
7208,3
8734,9
7762,0
6493,6
1771,0
783,3
12837,6
5214,1
14369,1
435,0
5725,1
9358,1
8827,0
4789,1
14580,4
4422,2
4957,4
124,5
6574,1
5900,3
10922,1
11043,1
13894,5
13253,1
635,1
6859,1
12734,2
12151,1
6419,1
3554,5
7342,1
13470,6
9201,4
8279,1
8679,0
4804,1
12508,1
10760,1
5465,0
7240,2
1385,1
14575,1
6168,3
10692,1
3208,1
8127,1
12796,1
12696,6
4273,1
4700,1
11863,3
1296,1
11123,4
14169,1
8399,1
5086,1
3254,3
11758,1
12041,1
10194,5
12066,0
11806,0
14541,1
10788,8
13328,3
9744,3
14409,0
4552,1
571,2
9113,1
2794,1
14495,6
8430,1
13682,1
4001,0
117,3
9328,0
190,1
6182,2
11893,1
2425,1
11751,1
12752,1
6248,1
6381,2
14052,5
2049,0
2851,1
5803,0
10925,2
1879,1
5920,3
13103,0
12938,1
4351,1
10976,3
13169,5
5281,5
1329,0
12162,1
4250,1
5763,1
111,1
11463,1
814,1
543,1
14121,0
10623,2
10996,4
6197,0
12692,0
7165,2
2783,1
12219,2
12794,1
10225,5
3708,0
4171,1
12333,1
9266,0
8017,0
11873,1
7773,1
11359,0
2192,3
7280,1
2416,1
12883,1
9140,1
5361,1
12629,1
8465,1
11060,0
9926,1
7618,1
12738,0
3320,4
8676,2
12270,4
10213,6
10454,0
1127,1
12650,0
358,1
5041,0
5069,0
5459,1
7466,1
1316,3
1579,0
9441,0
5080,1
8955,1
5961,1
14391,1
3968,5
2035,1
5366,3
4359,2
2193,1
73,1
5620,3
1286,0
9446,1
5324,3
5672,8
5356,6
9509,1
7476,1
6958,9
13208,4
8471,0
13766,0
8149,4
14033,1
8002,1
9724,1
14155,0
8256,0
6797,1
3277,1
13989,2
2841,1
12915,3
174,0
13992,1
13830,1
10097,0
9425,1
2352,0
3098,1
9422,0
4172,3
5857,1
6491,1
1975,4
6399,6
6128,0
3737,8
12194,0
2507,1
6376,4
5473,8
13777,1
3810,10
5634,1
2426,2
14106,1
14204,5
3293,6
1170,1
10413,1
1870,1
13551,1
13553,3
1159,0
7924,0
3158,1
9339,4
11876,1
988,0
316,1
3271,0
13717,1
7967,6
3464,0
14605,1
2633,1
4564,1
14616,0
6542,4
13157,1
6251,0
10937,0
379,1
830,2
8513,3
6979,0
268,1
10162,10
6944,1
14552,9
265,1
6591,0
6876,4
6012,1
4094,3
8554,1
5244,9
8640,1
12128,1
12016,7
12248,10
14018,1
1300,1
8020,1
6774,1
9568,3
8089,1
7574,1
2489,2
12785,0
5542,8
6819,1
7155,1
4327,1
1970,1
10716,0
13581,10
6179,0
12454,1
13167,0
14469,1
7829,0
11470,1
1349,2
5575,1
2571,4
7339,8
3755,0
9145,5
11398,1
3406,3
5177,1
10734,1
3028,0
10989,0
7443,0
1953,1
12590,1
13027,0
6851,1
9347,1
1697,7
12174,1
2500,7
2699,4
6180,1
4689,3
13736,1
756,0
8634,0
7020,1
12175,1
3915,1
3619,1
4806,9
2079,1
3312,3
8456,5
12990,1
441,1
4030,0
10612,6
2379,5
480,1
14475,5
3954,1
2482,1
12349,1
2490,0
934,4
6624,3
3743,0
7251,1
12435,1
993,1
2906,0
1967,1
2869,9
2997,9
13589,7
12440,0
6811,1
12037,2
3763,1
4409,5
10621,1
12933,1
12624,0
6178,1
12547,1
1232,1
7572,2
9000,5
10065,1
6314,1
626,1
12960,0
2321,1
5887,1
2472,0
1297,2
2667,1
1102,0
6467,1
8792,2
2517,0
8074,1
9793,1
1352,1
11718,0
11586,9
8396,2
5150,1
7486,1
469,1
12906,1
11343,0
5441,0
6601,1
5380,0
4428,3
7014,1
11205,1
6432,0
910,1
13102,4
659,1
12640,0
4813,0
5328,1
12798,1
9127,3
7519,1
6826,1
10367,1
13449,3
10833,1
13137,0
14619,3
1485,1
12943,1
676,5
11104,9
8584,0
26,1
11247,1
5504,2
6899,2
11226,8
8607,3
9819,1
214,4
6340,0
14477,3
3131,1
5213,1
2202,1
4644,0
6906,2
4290,0
11838,5
7302,1
11872,10
7544,6
14437,0
7827,3
12001,10
10522,3
577,2
11,10
7709,0
12567,2
829,0
10634,1
9982,3
13530,1
11817,2
1617,1
8868,4
4129,0
5812,1
12864,1
9611,8
9104,1
11921,1
2655,6
14297,0
9288,1
12416,1
9261,0
1583,1
3322,1
7935,0
1306,4
2687,4
6244,1
10799,1
4952,4
12242,6
5569,1
2246,1
13771,8
12545,1
14329,1
630,8
14203,1
8144,10
14135,1
13434,0
11424,2
246,1
14499,4
13206,3
4989,1
1963,1
1581,0
1574,5
12603,4
12907,5
7822,1
8837,1
3551,1
6393,0
13802,1
12256,1
4124,0
4559,3
3901,1
10662,0
6034,3
6981,0
3719,4
6790,3
2798,0
9881,1
13775,10
8151,1
7271,0
4159,4
4405,6
2653,5
10174,0
4793,5
3748,0
9150,1
13914,1
8297,0
12538,1
8078,1
10801,1
1991,0
7010,1
10186,0
1058,4
13538,1
9454,3
10078,0
5992,7
3803,1
3324,0
2931,1
259,6
7397,6
837,10
2083,1
7902,5
4226,1
5420,7
9471,1
1628,1
1401,1
10362,1
13237,6
2175,1
4858,6
1547,0
5565,8
14107,1
11597,1
9151,1
1572,8
2797,7
2405,1
6748,1
1487,1
12196,1
11592,1
6680,0
12808,8
701,0
10448,3
11135,1
3119,1
8924,7
10999,4
183,1
1675,1
1512,1
9554,2
12247,1
13839,1
13311,1
10075,1
3426,1
972,2
6220,4
6193,0
3387,1
12341,1
3231,0
4780,2
13808,7
49,5
4382,3
8524,1
4443,1
10257,1
6402,2
399,1
4238,1
2195,0
5771,0
13898,0
10704,1
7199,1
10998,1
2893,1
5950,4
13262,10
13219,0
667,2
14463,3
10129,1
12190,1
6260,0
9135,5
5007,9
14473,0
10516,6
9691,0
4787,3
4717,1
812,2
3992,1
9682,5
12953,7
13247,5
12819,1
8525,5
6873,4
5577,3
11154,10
8253,2
13741,1
4808,0
10659,4
4939,1
6250,1
13642,8
4638,1
10517,1
13991,0
12852,1
4368,2
8003,1
10756,1
1212,4
7074,7
12394,5
12910,4
7469,7
7562,3
4239,1
12181,5
2966,1
13259,1
9164,1
2576,2
13060,9
776,4
11653,2
4034,1
9096,1
9810,1
651,0
4999,0
7495,0
4465,1
12442,1
7232,1
1647,3
902,6
5699,1
8480,2
10845,6
3308,1
8849,3
12363,2
290,0
9743,8
12117,0
11935,0
6361,4
6105,1
6516,3
10782,1
3933,1
8878,1
10447,1
13687,1
10769,1
7841,0
14586,2
11240,5
3477,5
1656,2
4792,1
6459,0
4760,1
11473,1
9992,2
1610,1
5959,1
1444,0
7705,1
1603,1
5392,1
5941,1
5488,4
8901,4
11656,8
13173,1
504,4
13072,1
1268,0
12744,4
11248,0
4240,1
11618,1
9083,1
12961,1
1404,1
3817,1
14639,1
3378,6
7782,5
14112,7
4725,1
1746,10
3733,0
7798,0
2355,1
12033,4
8025,1
7085,1
5690,0
8567,4
6654,1
13385,1
10117,6
14558,1
7408,1
1849,4
1573,1
14031,2
2770,0
14183,0
14090,1
8599,3
10260,9
13857,1
10135,0
11111,7
11252,1
9333,1
5350,1
10604,1
4341,1
9797,1
10749,1
7998,1
9497,1
7264,5
4017,3
4006,1
5084,1
13559,1
3395,5
13868,1
9576,3
2963,1
9303,1
13112,2
3835,1
12382,8
9087,1
2038,1
1923,1
12937,3
1381,2
6928,3
8068,1
14207,1
9844,1
1727,1
2118,1
5278,1
7179,1
13971,1
381,4
8035,7
9593,5
13026,0
11475,6
3362,1
5190,0
6934,1
195,1
12583,5
2776,0
13315,1
5637,8
10173,1
14423,1
209,1
13366,1
8830,0
4538,1
8371,1
2739,1
7102,1
5074,1
3847,0
3568,1
748,5
1370,0
6472,1
3555,0
13949,1
3714,1
2526,1
6272,3
8745,2
4361,4
217,3
5085,0
3170,0
671,0
7492,0
4855,1
4387,8
4022,1
12891,10
6406,2
4073,0
4606,4
8523,0
6820,0
8736,7
13646,10
8944,1
10726,1
11204,1
3353,1
13756,0
8994,1
9205,1
7576,1
5503,1
6323,7
5393,4
4332,1
10959,2
9120,1
1700,1
1520,8
2884,1
12530,1
13925,7
13110,2
9217,7
11520,1
13602,0
8802,1
8712,1
1735,1
7812,10
1743,2
9715,1
1318,8
9055,9
1853,0
12506,1
8938,1
3444,0
3259,1
9574,1
8951,2
7279,3
8271,5
4736,1
12858,0
3154,0
11869,1
14149,1
8196,1
8931,1
9125,3
12880,2
6142,1
1199,0
2086,1
7087,1
11432,4
3883,7
3414,1
14337,1
13629,0
2264,1
12414,8
11577,1
4578,4
1666,1
120,0
6766,2
8843,3
2579,1
10949,1
3654,5
14053,3
12026,0
1584,1
11965,1
7429,8
8779,1
6921,8
8855,9
1114,1
4086,1
8911,0
10748,1
148,0
5679,2
13746,1
12850,1
5811,1
6483,3
8629,1
1338,0
13705,4
11394,2
4385,0
1524,9
12970,1
10779,1
1382,1
6933,1
2852,9
842,2
13711,0
4040,6
5960,8
2715,2
6118,1
12774,6
9278,4
10852,1
4421,4
14310,0
11789,0
10371,2
7047,1
2544,2
14042,4
12753,8
13591,0
6710,1
10854,6
8957,1
14466,1
14376,4
3648,10
11837,4
9842,5
10747,1
964,5
2896,8
12628,1
7775,2
13871,1
10181,0
1429,1
13162,8
4112,0
6936,0
2245,0
7797,6
11689,5
12198,2
742,1
8024,1
5019,10
6286,1
13355,0
5314,0
12078,7
1872,7
1143,3
6848,0
13266,1
14368,5
5720,0
10328,3
5733,6
10421,1
12622,0
5483,5
9092,4
2427,1
6275,0
2676,2
3182,1
3633,1
8867,1
4825,1
8377,3
12626,2
13910,0
4785,0
453,1
13506,0
14633,3
7319,1
10209,4
11312,1
12678,1
384,3
7248,0
12677,1
4147,6
2919,5
13524,0
7267,1
13747,4
7513,0
7651,1
13993,9
6403,1
10696,7
4557,2
7423,1
10481,3
7571,1
3738,4
12834,1
1037,0
3404,2
3725,1
12920,1
3258,2
11109,1
6114,0
13484,1
14258,7
6794,1
5895,3
5398,1
8464,1
1161,3
2651,2
12528,4
5277,2
7729,7
9338,0
12522,1
13558,1
13460,1
3637,1
9481,0
14230,3
136,1
10094,1
8472,7
13531,1
3323,1
4551,1
4329,1
10058,4
13,1
13121,1
14453,2
2184,0
1412,1
11502,3
14277,1
9707,2
1694,1
12054,6
2342,1
673,2
8916,2
7051,1
2577,2
9112,7
2293,0
4216,1
8085,2
5216,7
2747,3
9045,1
8788,10
125,1
5605,0
9056,2
6604,1
6090,2
5386,0
3303,6
2981,0
2560,1
9399,6
13454,1
6116,2
2859,9
3338,1
4932,1
13022,1
14105,1
12149,0
7954,5
2462,0
12700,1
7095,6
7207,1
3768,6
14239,6
4904,1
14298,1
13563,1
1510,0
3756,0
9818,0
8820,6
4063,9
5381,1
2617,1
9350,1
11003,0
11069,0
9171,0
3518,5
2790,1
1813,2
3015,1
13321,0
11553,7
2916,1
3449,1
12786,1
6262,4
7989,0
908,6
13199,1
10987,1
12316,0
7931,0
13974,7
11254,1
7297,0
10837,1
8496,1
2946,2
11020,1
5396,1
956,2
1657,0
1231,1
9646,1
12076,1
9190,1
6791,1
13367,1
1085,1
6100,10
9531,1
1471,3
3490,1
599,1
1477,2
4272,6
12032,0
11981,1
10677,4
7916,1
2685,1
3283,1
12385,2
2262,1
452,6
4331,0
9858,1
7050,1
3317,0
5096,0
8367,6
6684,1
10893,1
11083,6
10648,1
2488,4
14029,8
12995,1
14407,1
13587,0
13181,1
8874,0
5201,1
1108,5
10822,1
5224,1
12668,0
13685,3
7972,3
11062,1
2632,2
2491,4
6651,1
11150,1
10390,1
6917,4
9098,5
13523,1
11253,1
9028,4
6229,1
4175,0
12763,1
4673,1
7958,8
4437,1
6652,1
2811,1
14294,1
6369,6
4589,3
6478,1
12735,0
8832,5
3179,0
6427,1
5109,2
5092,1
3993,1
4138,1
3805,1
2660,1
11737,1
5378,0
1156,2
7253,0
11962,0
6952,6
7528,1
14530,1
4667,6
7701,1
6762,8
12498,10
2511,1
2494,2
13377,3
947,1
257,5
13763,1
4247,1
3196,4
8569,1
130,1
13342,0
13540,5
3492,1
13784,2
5115,4
14548,0
9021,0
7915,8
303,0
11075,2
9987,6
10651,1
10379,1
10067,5
3769,4
1265,3
10524,1
10375,1
243,10
9756,5
5167,1
1973,1
3072,1
1070,7
3588,1
7390,1
11480,4
4958,1
9872,0
10673,1
549,1
6636,1
8953,5
146,1
4621,1
13893,2
1169,4
4867,1
14272,1
6497,2
4270,7
13387,0
5467,0
3921,1
6062,1
11438,1
13620,0
10376,1
8009,1
5036,8
13744,1
5326,1
9004,10
3117,1
619,7
181,1
14579,1
2602,1
14266,1
4121,1
1193,1
13985,1
11637,0
5087,0
9284,3
5924,1
5491,4
12972,1
8752,1
2191,3
6004,1
5157,3
9535,1
3150,1
13399,4
11295,4
734,1
6109,3
10294,1
1294,1
7040,2
4366,0
9465,0
1966,1
9762,1
13669,1
9899,1
14478,0
6765,1
10668,0
6026,1
3304,0
9363,1
7938,1
12623,1
5808,1
8840,0
9567,4
7447,1
14618,0
7314,1
10452,2
7173,1
11963,6
6898,1
10550,2
3785,7
3240,9
4746,2
3498,1
4400,5
943,0
2313,1
1799,1
8530,0
13455,1
14400,4
13459,7
6215,1
486,8
4463,1
874,6
802,1
2833,1
8639,1
6613,1
6334,1
10856,0
621,0
7181,4
10691,1
2039,6
7424,1
13655,1
4790,1
807,5
9309,1
11673,1
12259,1
13018,1
9167,2
8848,1
2442,1
1211,7
10441,0
4707,1
11512,4
1545,6
7643,1
1107,1
1337,7
1067,1
8415,2
2860,1
1567,2
1219,1
8942,1
2737,1
8546,8
2599,3
10387,1
12266,1
5729,1
13375,4
8974,1
10952,1
6246,0
1303,1
7125,10
7120,0
10942,3
3195,0
12832,6
5912,0
42,3
11767,9
5225,3
8116,7
476,1
3812,1
9633,1
10853,2
1184,1
5619,9
2677,1
9659,3
10496,9
7214,0
1685,1
12604,1
13433,1
4692,4
5683,1
11304,1
3057,0
6644,2
13911,10
12886,1
5338,4
7866,0
10931,5
9035,6
11740,1
8324,1
7049,10
12994,1
9488,10
9708,0
12336,0
496,1
7968,10
1715,1
9739,1
8154,0
8614,1
7041,1
6387,4
13731,1
413,0
14141,1
2940,4
6035,1
5445,1
5218,3
8983,0
4372,5
10707,1
1484,1
14056,1
1015,1
6860,1
572,1
295,1
13176,1
4258,1
7602,7
7710,8
7747,1
2270,7
3525,3
14237,1
11322,1
891,0
2648,1
14527,8
3960,0
7145,8
12827,7
9768,0
9794,0
2914,1
4052,3
11108,8
4215,1
7716,10
6018,1
3514,0
4573,4
9467,6
11483,1
1138,1
12362,0
523,0
5902,0
8351,1
10702,1
10030,6
7537,1
2864,2
4506,1
12756,1
12998,2
3656,1
2920,1
14565,0
2153,1
8218,0
6033,1
5449,1
9648,8
6635,1
5410,1
6817,4
4398,1
1706,1
3872,2
2994,1
5430,0
11171,10
13999,1
8934,8
12377,1
6747,1
2883,0
6967,6
4395,3
6057,3
12968,1
4256,6
9381,7
6354,3
8043,0
6589,1
7084,1
11807,0
3368,1
12365,1
12605,5
14034,1
10465,0
5610,0
9267,1
3364,1
8521,0
5691,3
3230,3
14247,1
7175,1
4895,1
632,2
3134,0
10353,0
2854,2
3861,5
6025,1
6842,1
12447,1
11416,5
10022,1
83,0
4976,3
4439,0
13508,1
5034,6
7444,1
10087,1
5383,7
8330,3
10672,1
7475,1
13011,2
10572,1
6410,1
4823,1
6120,0
8755,1
1008,9
14143,1
6543,0
1415,0
915,0
6463,3
2641,1
2527,0
3004,1
7682,2
1969,2
229,3
4998,1
8579,1
4394,1
3622,1
13897,0
4662,0
10994,1
13891,1
12816,1
14505,1
3291,1
11945,0
12844,0
5227,2
10630,1
5790,1
8288,0
7509,1
12228,1
4008,1
7401,1
7713,0
3679,1
14585,1
11393,0
9442,6
9244,0
13465,3
3133,4
10567,2
7268,1
7591,1
6803,0
12871,3
5791,1
9725,0
6060,1
4005,1
2269,4
11428,1
8488,5
4953,1
11422,1
481,0
5820,1
3859,0
7129,6
9136,5
10718,0
12941,1
9032,1
9558,1
6856,5
1123,1
3754,0
2561,7
1191,4
7262,0
13615,3
8899,1
10610,1
10712,1
10780,0
6414,6
6568,5
9961,1
7312,1
2698,1
11397,1
1758,1
7733,4
5061,1
6081,5
10914,1
11162,1
444,6
9332,0
1782,1
4074,1
12092,1
3151,1
6080,1
13986,1
4184,0
7344,0
13688,1
6276,1
5194,1
2347,2
7556,7
8439,1
1202,1
9355,7
9579,1
4312,7
5346,1
12521,1
11462,6
9077,1
10591,4
8036,1
12916,1
1451,1
12838,0
9232,5
7324,1
12292,10
13609,1
5249,8
629,0
7838,1
1141,3
5973,1
6209,8
10374,1
1733,1
4009,1
5631,4
7370,0
714,4
4791,2
12384,1
2684,5
13489,2
7912,1
3576,1
2044,1
1818,2
8489,1
1149,1
1606,9
8162,3
872,3
14630,1
2911,1
3226,0
12325,9
10407,3
14088,1
12231,7
7738,1
12674,1
10493,2
2945,0
12007,1
12637,2
6900,1
4567,8
1775,5
1063,1
2855,1
1340,5
5951,9
2738,0
240,3
11989,1
9093,7
4300,0
12079,1
12857,0
3724,1
13086,8
13962,2
2013,1
4935,1
9250,3
1065,10
11140,2
4861,1
4090,1
1043,1
5890,3
9747,1
5591,5
12996,2
3253,5
8018,0
3858,1
3447,1
8865,0
3962,1
5440,4
4410,0
8306,1
1176,1
6668,2
4401,6
757,9
4472,1
3673,9
10070,1
5559,0
9069,3
1596,1
2668,0
11839,3
9379,0
1540,1
9999,1
14099,1
10114,1
12386,3
1718,1
1528,1
3565,2
7153,1
2346,1
912,1
4892,1
3899,0
12370,0
9283,1
14388,1
10559,1
6643,0
4301,1
9632,1
10020,1
6113,2
2185,3
1192,1
12141,1
9826,1
11286,3
13159,2
5798,0
13915,0
13126,1
4207,1
6455,1
8516,6
7824,0
5245,0
14089,7
4364,1
8727,2
9886,1
121,0
1938,3
1559,1
7142,4
6915,1
4922,0
6956,3
9430,2
405,3
3602,1
12524,1
3890,0
2659,3
5543,3
12783,1
5928,4
2381,1
3094,4
8305,0
3347,0
12618,0
7393,0
12760,1
11756,0
7132,1
3177,0
6883,0
11004,4
13045,2
2320,3
1816,1
1954,1
2548,1
7626,1
315,1
7803,0
12965,1
11907,1
949,1
8277,0
7399,1
11210,0
2546,3
10536,1
14589,0
8588,1
9408,6
10781,1
12389,1
4805,1
10313,7
10773,4
9669,1
9197,4
14432,1
11964,0
6736,8
11561,1
14222,1
7939,1
1007,7
7888,1
12427,1
3599,1
877,0
4709,0
1245,1
4419,1
14214,1
9658,1
3520,2
2301,0
3275,1
6083,0
6123,8
5255,0
6887,1
3193,1
11170,1
11720,1
3739,0
7489,1
12924,5
6836,4
12417,9
337,1
3287,5
942,1
14424,0
4949,1
14611,0
2413,2
778,1
8229,8
10378,0
5165,0
11183,1
9566,4
4821,2
1589,1
8781,1
12415,3
5991,1
6396,3
3971,1
5587,1
7806,3
7893,9
1644,1
4636,1
341,0
10380,9
8179,10
12911,3
4694,9
9071,1
11443,1
2785,1
695,1
3614,5
8890,1
10420,3
4164,5
8466,1
6240,1
5723,1
6617,1
1566,1
1411,0
2150,5
9196,0
12421,0
11605,2
887,1
8366,1
6905,6
6163,8
5747,1
11173,1
7002,1
2580,9
7044,1
10350,2
7538,1
880,1
5072,1
166,1
1738,1
11868,1
9784,1
13757,1
14487,0
232,1
6466,1
9484,5
11774,1
13549,2
5111,1
6231,1
9383,1
11677,0
13922,1
4604,1
3970,2
12075,0
2005,0
7477,1
11692,1
662,1
8685,9
9534,0
4296,1
3112,1
11616,1
3663,1
10365,1
3451,0
11242,1
7706,1
282,3
12722,0
8193,1
12717,1
13008,1
8862,0
645,0
2469,0
13116,10
7580,1
14591,1
5011,1
2524,0
8568,1
9038,5
13879,2
7727,1
2203,5
10844,0
6084,3
6052,1
7964,1
1893,1
5704,1
8321,3
2323,2
6378,4
4107,8
10488,1
9569,1
1089,1
5877,0
8200,3
7965,0
10587,1
2181,0
13837,1
563,6
7323,1
11859,1
9662,0
6249,1
14243,1
10551,0
0,1
404,1
3411,3
4407,6
12730,0
13761,1
12212,6
3044,1
6078,2
6672,0
6914,0
14260,0
6175,0
6089,0
8057,8
11690,1
14201,0
11291,2
2868,1
10627,4
5905,1
7103,1
11381,1
11124,1
10483,10
6473,1
1246,1
7507,1
13447,1
10534,0
5256,1
1345,5
7315,8
11331,1
9607,1
8627,0
1825,3
13513,3
9652,8
13883,1
8323,6
984,2
2639,1
5377,0
2291,1
9227,1
14331,3
9644,1
10342,1
1346,0
6855,1
13330,1
7503,1
5582,1
11714,1
795,1
2812,7
7825,1
9808,6
3049,4
526,1
5065,1
11556,1
9079,1
7740,0
13742,0
12262,1
1569,4
2620,3
10876,1
9258,1
4265,1
10207,3
8363,5
262,0
7460,4
10919,0
8987,1
4429,0
3515,1
1213,0
2160,2
892,1
3145,5
4101,1
7917,10
1432,1
5626,1
4235,1
1238,8
5942,1
8088,1
8733,5
9587,1
5064,8
5081,1
8240,10
9199,1
10221,1
13567,1
127,0
10966,1
12909,1
1208,2
7859,0
3014,2
11071,1
2611,1
5566,1
509,4
6164,1
6812,2
7121,0
9746,6
2085,2
6824,1
1995,6
1027,1
173,1
4223,1
4344,8
2064,3
2818,1
8487,0
4685,6
10631,1
13151,1
5349,7
13694,1
5552,0
6364,0
1941,1
689,1
7252,1
6150,4
14170,1
9934,0
13170,1
9172,0
14358,1
12585,2
1492,1
10431,6
11362,0
14524,0
11716,6
11752,1
2461,0
11766,1
12091,1
8080,1
12795,1
2273,3
12018,2
4657,7
289,0
5802,1
1940,0
11943,1
8517,1
6677,1
8105,7
231,1
294,0
10051,0
8542,0
4084,1
521,1
12699,1
12009,1
1639,1
10555,0
11813,0
4508,8
1826,1
2084,7
7334,1
5519,6
4404,3
14484,3
8169,2
8688,1
8122,1
13762,1
12127,1
3103,0
6008,0
13585,1
12877,0
847,6
2312,1
6717,8
10983,1
6581,1
7257,1
7552,1
12982,0
4195,1
4758,7
2111,1
3237,2
6780,0
12061,3
7833,1
8225,0
13809,1
5409,1
2630,4
5613,3
7351,1
9837,1
3692,2
12210,2
6683,5
10153,5
7363,2
10193,10
5046,3
633,0
5993,1
9255,4
4965,1
13778,1
12676,10
3503,0
9230,3
11090,0
10249,5
2232,5
5989,1
11759,2
12659,9
9341,7
134,2
9400,2
668,1
5662,7
14577,1
484,1
14134,1
8787,1
6216,10
13046,0
5106,1
5825,3
10088,1
13743,1
723,2
9432,10
779,1
11955,3
13477,0
10571,1
250,0
13172,6
10905,8
4817,3
6660,1
11447,0
6864,3
10220,1
4841,3
7069,0
4956,1
12180,1
6439,10
730,1
6480,1
7843,4
5636,1
674,4
12805,0
11816,1
11176,0
4202,0
10139,3
3539,2
2127,0
3894,1
11276,0
4213,2
6320,1
3109,2
3550,1
1174,1
9349,7
1422,1
4903,1
9493,5
7372,0
1269,2
406,3
6943,1
9121,1
10219,4
4169,1
1434,4
14003,0
14415,3
7474,1
5757,3
10880,0
12708,1
8759,1
4365,1
11185,1
8395,1
3985,0
9317,2
10678,2
6737,6
9103,1
3535,1
1594,1
8417,1
1376,0
10492,1
7646,0
9006,5
2205,1
13978,2
1786,4
10916,4
4783,1
4794,3
2530,1
6603,1
10902,8
931,0
13728,2
8385,1
9786,1
7808,0
2060,1
5807,1
4473,1
5128,4
10472,5
1638,1
14566,9
14102,1
6715,1
7272,1
13265,1
12599,6
2897,1
3715,3
2706,4
4291,7
3536,1
4591,2
6145,4
2908,1
775,0
3545,0
14154,1
9177,1
1440,1
8660,1
13410,0
1189,0
506,0
508,1
3647,1
10644,1
13505,2
2691,1
2468,0
2670,1
6712,1
13605,1
12186,1
9213,1
688,0
14394,1
13547,0
12240,1
3709,6
954,7
8891,0
713,7
7296,1
11213,1
6719,10
11125,1
11084,0
13613,2
3683,1
11750,1
1225,1
13822,5
1762,1
3348,4
552,1
5616,1
754,0
10062,5
7604,4
8625,1
9717,1
6398,0
7244,1
142,0
9102,8
10653,1
3780,1
4068,1
416,2
12451,1
9822,1
12746,0
13983,1
1441,0
10404,5
13626,1
8991,1
8696,9
13068,5
11165,4
9456,1
11539,0
11025,7
4862,4
2912,0
7481,0
7667,1
14179,0
11015,7
13941,8
5403,0
7608,1
7531,8
2718,2
8613,7
13643,3
8762,0
971,6
5116,3
11132,1
5715,5
12635,1
30,9
2476,1
7708,1
11272,0
13419,6
9526,1
2075,1
3143,0
1103,1
11705,1
2148,2
6094,6
7890,0
5611,1
7986,2
10286,1
10025,1
13424,0
10338,2
14178,0
2624,0
4203,1
7233,9
9181,1
14433,1
5955,0
10671,1
1728,0
6768,6
14327,1
10848,1
5809,0
9529,0
12142,1
3174,2
286,1
14043,4
5614,7
11878,0
1809,1
8918,0
2813,1
10751,1
12952,1
9835,1
5499,0
7061,1
7106,0
5306,3
12931,1
1804,4
5698,9
5160,4
9866,4
434,5
6924,1
8839,1
6051,1
10616,6
5615,3
5730,1
9402,1
9010,2
5674,1
4116,1
10652,0
1866,1
10986,1
5140,7
865,1
13579,2
4833,0
9254,4
10864,1
13191,0
1,1
8407,0
8228,1
4038,0
3087,5
6305,4
8587,1
2129,1
6349,2
2251,0
10119,1
722,1
8705,1
620,1
5235,1
11118,2
8758,0
11102,0
11856,0
9437,1
11461,0
11862,1
938,10
11369,5
5371,1
1513,2
13700,3
10299,3
8270,1
12278,1
14517,1
816,1
1674,9
10626,1
8398,1
433,1
7715,0
8224,0
1817,0
9877,1
11151,1
10467,0
8451,1
11156,9
6014,1
6902,2
6190,2
6605,1
5815,3
5505,1
14557,0
11675,1
2369,10
11361,7
4130,0
8248,9
10372,1
12614,0
6203,1
10470,1
2036,3
13758,5
7548,0
10938,3
6623,1
2891,8
4093,0
9059,3
1663,6
8651,0
8888,0
1402,5
6045,4
14403,1
4503,5
5885,1
7851,1
3564,4
13422,1
6505,0
12040,5
6274,0
1964,9
5604,6
14208,1
2037,1
2382,1
1842,1
1224,2
13947,5
6980,1
850,1
6339,9
4959,1
11296,0
8086,0
13430,6
3700,7
68,8
5772,4
1719,1
4442,3
1331,1
2880,0
12648,0
8214,1
9152,0
4882,0
3827,0
12840,1
13794,1
8966,1
1301,2
11028,3
3066,9
10642,1
4085,7
9783,1
2688,1
12560,1
3173,0
12598,0
10544,1
9667,1
9543,4
9075,4
13226,1
9248,1
1517,1
13229,1
14072,1
664,0
13823,1
8459,1
7037,1
13268,1
7794,1
12086,1
3082,6
4674,1
10358,1
9308,3
2848,1
11350,1
11617,9
7254,1
7714,2
13811,1
5814,1
14010,1
5282,3
10936,4
14613,1
3209,0
10442,1
5752,3
2331,1
980,1
4039,0
8828,1
2750,10
12019,1
14165,1
153,1
1717,1
9604,1
11305,1
13543,0
7362,2
948,1
1655,1
14545,2
8049,0
1100,1
7205,9
2768,1
2250,1
9528,10
13966,1
9242,9
4816,4
920,6
1500,6
6043,4
5510,7
9589,4
122,1
12885,1
10337,2
3641,1
11446,1
9750,2
11284,0
9158,7
8943,1
13578,1
4180,1
374,0
13833,1
5450,1
9169,1
8561,2
5632,10
6572,0
2176,0
5806,1
9503,8
10480,1
4960,1
4675,1
7786,3
1257,6
1118,1
3702,1
11146,5
9710,4
6996,2
6621,8
2236,5
3626,0
13536,1
14172,1
5286,1
14593,3
9340,1
7945,1
13286,1
3942,1
6311,1
7376,2
3927,1
5315,0
907,0
2853,1
1390,1
3102,8
9282,1
1695,2
9761,6
10211,4
7913,4
9855,1
1527,0
2363,5
7677,0
2601,1
6862,5
5045,1
2056,1
14220,0
1223,1
8872,3
5651,10
12176,5
7235,0
7227,0
9572,1
10817,6
12203,1
5146,5
13124,0
11464,2
531,1
12105,7
7300,1
14009,7
5741,9
9486,1
1646,1
7127,2
2470,0
2434,2
6421,1
1279,1
1378,1
10083,1
4459,9
4420,0
12649,4
5318,1
12465,1
9625,1
1094,4
14507,0
9367,1
6243,1
8467,0
2894,0
11719,1
11351,8
9719,7
7788,6
1115,0
10647,4
11628,1
14093,1
3934,1
11548,0
8894,1
10203,2
2324,1
7546,0
6547,10
9186,4
5999,1
1310,10
8729,2
11433,1
9390,1
13555,0
9502,0
11049,2
11534,1
84,1
5848,3
2924,1
7871,1
11931,2
9749,1
10785,1
340,1
12315,0
13078,8
10956,1
3491,1
9331,1
14116,1
14418,1
2674,1
6999,3
5520,0
11202,1
1858,10
7870,1
1076,8
10079,1
3165,1
6658,0
10246,5
12584,1
12110,1
3238,1
9570,1
354,1
13631,2
1270,1
10412,1
12258,0
12956,2
3513,1
11755,0
7629,0
6234,1
13842,1
5847,10
11149,2
7152,1
3388,0
2928,0
2563,1
6713,1
6367,4
14404,0
14030,10
8940,0
4072,1
14454,1
10950,1
905,0
7781,1
1805,3
7988,1
6786,1
3246,6
10918,0
6500,1
7717,1
914,9
5987,2
2534,1
8910,5
10984,5
12475,1
1023,3
11741,0
12471,1
4111,1
5974,1
14175,7
204,2
385,0
223,0
13360,0
12012,1
8763,8
14567,3
6468,9
767,0
3750,3
6872,1
4678,0
5272,1
2271,6
10006,0
8360,3
10699,1
11829,10
2665,5
2315,0
6879,1
10215,0
10168,0
4328,1
14077,1
12492,1
12241,2
9935,8
14554,1
10071,1
6763,1
1722,1
12373,1
7731,2
14177,1
6878,1
788,0
6496,0
13575,0
3597,3
12444,1
6705,0
6165,0
1323,1
5536,3
14022,1
2887,7
10625,2
6847,3
7159,0
11188,1
12234,2
1371,3
6011,3
12337,1
14522,1
7038,0
12541,4
13040,0
12781,0
11840,1
7672,1
12432,1
13518,3
7636,0
7427,1
9722,1
8854,0
3561,2
7606,0
14623,1
2787,4
6897,3
10015,2
12059,1
13533,1
7024,1
1307,1
13793,10
13712,2
8093,1
3818,1
11233,3
13599,0
13961,1
12776,0
1598,2
9054,1
6583,2
14634,5
6863,0
1275,1
11505,1
2311,1
9628,2
1255,1
8845,2
5517,1
5975,10
14398,1
4299,9
5308,1
12526,3
13564,1
894,1
8409,1
14251,5
8505,10
8187,0
3953,0
9291,1
9082,1
14479,1
7226,0
11608,4
6708,0
11971,2
8021,1
8233,3
3350,0
4699,1
11612,0
11658,1
2789,8
11031,10
9737,1
9154,6
9214,1
235,0
11560,7
5053,0
5866,1
4536,7
11819,4
6989,1
2437,1
3830,1
13959,1
13420,0
14162,1
172,1
13657,1
6526,1
11966,4
8185,1
5805,0
12513,5
4440,1
9364,0
7555,1
2140,8
13270,2
10169,1
13203,5
14205,1
8678,1
5251,0
12424,0
2555,1
4614,0
1277,1
10879,5
12093,1
2988,0
11268,1
169,0
12535,1
1769,1
14384,5
89,2
4900,1
411,3
8257,0
10256,1
5242,1
11613,0
919,1
13710,0
1414,0
2229,0
3329,5
14264,4
9370,3
7807,1
12068,6
13340,1
1838,3
11685,3
768,1
13856,5
592,4
781,1
8325,4
1652,1
4695,0
960,3
10498,0
12727,1
6443,1
3573,4
13115,5
305,1
2900,1
8067,3
2230,0
4974,10
13354,1
9986,3
3574,3
11871,1
8687,2
3295,1
5506,9
1814,1
1808,1
2341,1
1677,1
8404,2
14452,0
11701,1
1209,1
11578,6
11431,1
5660,1
219,1
4279,6
528,4
9603,0
8100,3
1288,1
615,1
13943,1
13672,1
3079,0
8936,0
11458,6
694,1
4919,0
14561,0
6225,0
6951,0
2756,1
1490,4
7007,0
3380,1
198,3
10187,1
12706,1
2431,1
8071,6
8941,0
1699,1
1658,0
9276,7
4307,1
14564,1
3159,1
13671,1
7211,1
13851,1
11698,1
13136,0
3036,5
1884,1
14467,0
11544,1
6598,6
5764,8
1868,1
5264,1
2306,0
464,0
12690,5
547,1
10055,1
13476,5
14338,7
8220,0
1431,1
12184,3
6238,9
6071,1
6808,3
7391,1
13924,1
11231,3
5058,1
3121,6
594,1
7338,1
10622,2
9685,4
11223,1
10888,0
11912,0
7416,1
437,0
926,0
13164,1
3745,2
13141,0
5110,1
11584,1
12313,0
8157,8
4907,0
264,1
4222,0
5372,1
13532,1
6446,2
5492,0
8770,0
7046,1
4941,6
1464,3
13708,7
1207,1
7096,0
6724,1
10464,1
14192,5
8600,1
4698,4
13660,1
12434,8
7151,1
14186,1
6620,3
953,1
5876,1
9327,0
8906,0
339,1
10829,7
12928,1
2701,10
12555,1
3481,1
9771,2
9597,3
10254,1
14539,7
442,1
5735,1
4122,4
6170,1
8231,1
4210,0
4362,1
9811,0
9936,4
9346,0
9452,0
2161,9
9898,1
6631,1
12562,0
3806,7
13780,0
2600,1
975,3
13446,1
4033,0
5311,0
5534,3
10061,1
10635,4
13810,1
1737,1
3341,1
6798,10
4944,1
11368,3
4283,3
10462,7
4168,9
4523,1
13043,6
4507,5
13401,4
12559,1
11579,2
14275,6
2243,1
8340,9
6743,1
7836,1
9829,5
8110,1
7863,1
11195,1
6199,0
8054,4
13204,1
7881,1
10341,1
175,1
1079,1
824,3
4167,0
6701,5
350,1
918,1
2298,1
11598,0
7307,1
14416,1
3973,1
6688,1
13178,1
8864,0
8146,4
8690,6
12129,4
9841,0
10960,0
7287,1
14315,0
6741,1
7187,1
10860,1
5670,1
13554,1
12549,4
3595,1
5598,1
2898,1
4796,5
9522,1
11516,1
10737,0
4744,3
1968,1
4041,2
1182,1
4024,1
4243,0
4519,1
8653,1
6553,6
137,0
12519,3
12015,8
9428,0
5880,0
11402,1
7392,5
8993,1
4267,1
7742,0
7162,1
14445,3
9888,1
8260,1
3298,2
11411,0
11721,3
3239,3
7955,0
1462,1
2383,1
4095,1
13917,0
5494,1
5229,1
9345,1
6561,1
11086,0
5971,5
6160,1
13627,1
3935,1
6389,4
7585,3
885,7
6673,1
11001,1
14436,1
13895,1
7348,3
13039,1
13301,1
9013,2
6674,0
7581,0
9965,1
13029,1
228,1
348,5
3917,1
11472,7
8051,1
6293,1
957,3
4665,3
395,0
7973,2
732,1
5585,1
4255,1
11054,1
8281,1
11330,5
7239,6
4374,1
11255,1
6139,1
10681,0
12441,2
5114,9
8972,0
1028,1
1807,1
10291,2
4126,0
1474,0
11875,2
11094,1
170,0
8721,1
13291,1
12587,1
8449,0
14458,1
13445,1
4135,1
224,1
7723,0
7498,3
8503,9
9937,1
12948,0
1834,3
5778,0
10940,1
3355,0
248,5
5968,1
5038,1
11009,1
610,1
2504,4
4098,0
12797,0
10409,1
11405,1
11039,0
3966,8
5541,2
4357,2
11967,1
12770,4
10746,0
2549,1
12568,1
12673,1
8981,3
3759,0
13765,5
12661,1
5322,0
1030,4
12576,5
2399,5
13492,0
5129,2
6904,1
10012,1
3132,10
12713,0
1339,1
11857,4
10871,0
11212,0
7877,1
4767,3
4715,7
11115,9
11321,1
310,1
6754,1
5938,1
2058,2
12803,1
7878,1
11522,9
8929,1
5008,1
4330,1
9781,1
9003,1
5572,1
7263,1
11621,1
3630,1
9776,3
3834,1
13023,3
10332,1
8766,6
8381,1
6544,0
2348,1
13729,3
3604,4
8650,2
4356,0
7526,0
6563,0
3666,0
1705,10
2735,9
811,1
2836,1
9138,7
7068,3
8969,6
13493,1
14461,1
3687,0
7920,1
5606,0
545,8
5331,1
11281,3
7305,0
6469,1
1593,1
9945,0
12929,1
9815,4
10538,2
8197,2
8776,0
14187,1
4140,0
9418,5
4220,3
6407,0
9005,1
2361,2
12818,1
8996,0
4306,7
157,1
10912,7
11383,1
1235,1
10698,1
8780,2
12771,0
4077,1
5228,1
10063,6
212,6
747,2
516,0
14195,1
4611,0
9754,0
1599,0
6694,1
9966,1
14123,1
13331,1
10878,3
12686,0
4149,1
12987,1
2108,1
9896,2
612,1
683,3
9457,1
11285,1
13680,1
6471,2
6596,1
8533,0
6513,0
2139,6
9440,1
7534,0
3071,8
8632,0
11790,10
8349,4
2635,1
4528,9
278,1
13546,1
11144,1
10391,6
9741,1
968,9
10123,0
518,1
4080,1
8263,0
831,0
6634,0
12839,0
2952,1
1550,1
2167,9
6912,1
66,1
4286,5
7802,4
3629,1
7188,2
9732,0
13461,1
9779,5
11323,5
11209,1
5189,1
3590,9
14316,1
11844,1
13590,3
11942,0
3064,0
4755,1
12944,0
7765,1
9655,1
10665,0
7865,1
8403,0
7459,7
3767,1
11923,5
12321,2
11925,5
8158,2
454,4
6088,7
2344,1
