ego,genre_idx,collections,wishlist,followers,following_artists_labels,following_fans
690,8,4894,84,52,612,0
6593,1,1841,8290,30,899,101
14378,1,319,0,1,192,0
5498,1,31686,1600,341,3473,23
2476,1,346,1,0,93,0
3612,8,123,8,0,78,1
12326,1,1074,0,29,221,5
7470,1,71,180,0,57,1
91,1,105,122,0,104,3
560,1,1919,0,62,755,9
14035,1,17,8,0,33,1
5642,3,3034,829,84,1336,5
3209,1,1006,4,1,165,0
9146,1,223,851,7,447,9
7189,1,8352,1220,42,576,18
11969,2,105,12,3,94,4
12816,1,452,1147,159,567,183
8278,5,200,16,7,174,1
4487,1,324,57,2,169,0
1048,3,211,0,1,73,0
12312,2,317,53,13,87,4
9265,1,1885,2,20,529,3
13884,1,220,0,3,143,0
3652,1,571,191,41,559,22
1674,1,1036,0,46,552,16
5875,1,208,10,21,88,0
1187,2,51,0,0,29,0
5801,5,15677,17834,154,1738,168
13212,0,607,413,89,381,4
808,3,107,19,2,197,0
10907,1,3134,0,1938,1283,157
12109,1,1966,0,19,157,3
8254,3,969,0,12,1832,4
8743,2,1390,0,8,251,0
11090,3,459,0,6,154,0
11127,1,283,0,1,149,0
10381,1,376,0,2,123,1
6385,2,465,324,4,157,0
9381,3,270,350,16,175,11
14722,1,495,10,2,23,2
5557,1,240,965,2,399,1
8122,1,110,48,0,84,0
5961,1,978,0,39,858,9
838,1,717,0,0,24,0
8198,5,5001,0,247,2003,0
361,1,1396,4,16,818,6
5141,1,16607,0,98,18830,916
6260,1,227,9,0,155,0
5104,1,38,0,0,31,0
9911,1,2632,526,384,1670,74
9689,3,12,162,0,63,0
6437,1,402,0,7,917,1
4167,1,332,15,0,36,0
11724,10,996,52,21,584,9
12934,1,1721,319,45,413,95
10262,3,3173,2098,418,1259,0
10730,1,1919,0,104,1240,137
1389,1,2186,599,18,1525,25
2369,1,39,71,1,32,2
14150,1,23,0,0,12,0
2230,3,335,430,3,200,2
10443,1,933,204,28,479,10
9918,1,5334,0,72,1122,9
5427,8,1581,0,141,855,120
6961,2,1315,94,32,891,5
6590,4,175,5,2,53,1
4379,1,688,235,4,353,10
9204,3,724,0,3,310,0
10122,1,186,82,2,52,1
11359,2,441,1,1,193,0
9758,0,35,0,1,49,1
8166,5,2685,25,157,1240,3
2712,1,816,11024,43,1058,160
4181,1,258,445,4,248,3
13895,1,504,527,17,219,3
5471,1,2936,0,253,4003,71
4440,1,1109,733,1,650,1
14379,2,355,103,20,92,3
3337,1,1869,2925,28,879,14
12453,7,781,1,11,233,1
2332,1,6449,0,185,1535,12
639,1,2661,0,3,104,0
9036,0,835,40,10,360,5
5203,1,27,628,0,145,1
10117,3,91,231,3,184,0
252,1,358,0,6,901,9
13,0,22,0,0,21,0
5319,1,971,0,21,439,16
10473,1,64,1,2,27,0
789,1,859,35,7,453,1
2205,1,44,0,0,33,0
4732,3,589,18,34,1411,25
8894,1,562,0,13,358,86
14563,0,56,0,0,10,0
11707,8,1277,9,35,291,1
10334,1,1139,1,25,269,5
8081,3,602,7,24,506,24
9270,3,21,6,0,42,0
10750,1,1940,1064,199,967,38
11054,10,137,1348,5,125,4
2076,1,783,0,3,511,7
6885,1,154,123,0,149,1
1181,1,1989,0,37,626,1
6062,1,2534,122,72,574,21
9283,1,3952,0,193,2371,288
5758,6,782,699,3,618,1
698,8,26414,3020,145,382,10
14356,1,125,0,2,48,0
492,5,6658,513,367,1392,952
709,1,22963,17552,561,59831,939
4218,3,162,119,1,85,0
11,7,124,62,0,74,0
7228,1,369,53,0,172,0
10228,1,309,0,0,171,0
5982,1,2468,0,23,1490,6
13186,8,244,372,19,405,161
12811,1,559,51,10,566,10
11239,1,2027,0,269,517,1
3638,1,163,2,11,95,11
5251,7,54,377,2,79,0
2449,2,2258,214,11,1221,0
704,1,8645,2512,65,3491,101
5199,1,56,0,0,42,0
6625,1,465,1,3,145,1
5727,1,59,37,0,48,0
686,1,12789,0,289,2909,491
10633,2,1202,0,32,468,0
10521,1,523,0,3,212,0
5503,4,147,813,0,716,1
6950,3,279,0,3,123,0
8440,4,288,0,3,54,1
9655,2,48,356,0,109,0
5547,0,7490,23,218,1130,405
4767,3,32,0,0,15,0
258,1,632,0,7,521,4
100,1,168,100,3,102,1
8615,6,62,0,4,42,27
2061,3,598,0,7,93,2
1690,1,3000,1416,57,494,37
9257,1,2261,0,25,75,4
2027,1,1931,45,69,460,82
1916,1,3604,402,171,769,86
1052,1,406,0,0,265,0
8011,3,745,20,15,172,0
9834,1,370,0,0,105,0
10617,1,2733,0,41,1620,36
2024,1,4960,1561,76,1081,1
10184,1,842,26,110,673,122
7079,3,231,0,18,140,8
7167,1,1296,37,51,806,0
5434,1,779,0,9,284,0
1682,1,1130,347,31,479,13
4153,2,683,300,7,370,2
1471,0,13,0,0,4,0
10963,1,615,0,3,343,1
5451,1,102,0,2,7,2
1377,1,25,0,0,6,0
604,1,1509,0,3,27,4
1846,2,6372,844,71,3066,19
667,8,10,5,0,7,0
3986,10,338,0,0,117,0
3204,3,99,0,1,58,0
14607,4,376,1,4,180,0
8147,3,50,8,0,29,0
4363,5,1027,1213,13,654,27
4195,1,997,131,17,705,2
613,1,2111,2699,15,614,10
9595,8,2862,0,116,751,71
11991,1,3529,2,113,1967,44
2020,5,1139,0,17,313,0
7249,1,33,116,0,34,0
13960,1,61,2,0,48,2
7338,8,8631,397,208,1666,198
1207,0,1129,841,74,685,36
5752,8,1271,0,38,229,42
12658,1,671,6,12,449,0
7556,4,2204,3663,97,1515,91
8664,1,3084,0,77,2357,37
11241,1,395,10,19,148,1
11624,5,651,0,5,180,0
7293,8,710,207,26,352,22
10216,8,693,58,17,253,3
8817,1,1855,0,64,226,16
5605,1,397,1174,10,567,24
9545,1,222,0,2,131,0
6043,1,5312,4507,53,1764,65
11140,1,551,0,25,338,8
10156,1,622,0,15,541,28
4128,1,247,4,1,146,0
13088,0,88,301,12,120,14
8985,1,138,858,23,130,17
5161,2,198,0,2,201,1
9722,1,618,1059,7,398,9
10830,1,186,134,0,119,0
10165,1,1042,0,21,573,6
7650,1,707,687,13,512,18
4256,1,4810,4937,578,2421,982
11231,10,657,44,8,1369,1
6101,7,159,316,0,222,0
13054,1,552,1050,15,330,14
2231,3,108,0,1,105,0
1131,1,169,14,0,128,0
641,5,16572,571,228,2387,62
5325,3,895,0,22,650,17
7348,5,4177,1190,272,2106,139
2406,1,31,55,0,30,0
1759,1,159,0,0,133,0
3773,8,423,6,5,177,0
760,1,172,0,2,95,0
128,0,314,67,3,184,0
738,3,1722,856,39,1026,39
1642,0,135,0,2,4,0
6772,2,109,0,0,60,0
4681,2,21,0,0,10,0
1818,1,48,96,2,54,3
7705,1,302,1,5,169,0
8434,3,695,0,4,218,1
4561,3,767,0,26,118,1
9563,1,652,344,16,167,8
1919,1,2064,1229,90,1274,8
6356,8,1740,0,32,326,0
14349,0,64,3,1,21,3
6061,5,15052,0,190,511,6
6174,5,2601,0,33,1360,17
907,4,63,117,1,106,0
612,1,1842,269,36,401,36
9470,9,36,0,1,14,0
13319,1,369,185,18,243,3
11962,1,918,0,13,1210,1
8386,10,768,1,18,119,6
5891,6,17,0,1,6,0
7411,3,1355,0,12,663,2
2999,1,2113,0,169,1150,3
8358,8,12946,0,362,2192,442
11582,1,2091,0,102,1192,54
10217,8,2678,178,63,602,2
717,2,462,10,1,274,1
5435,1,67,637,0,105,0
3105,1,261,117,17,115,1
11418,7,2940,0,185,1052,0
3445,1,10069,48868,1395,22305,941
14672,1,212,0,4,31,0
1574,3,8978,10,110,23375,13
8597,0,12,0,1,39,3
7990,1,114,0,0,19,0
3195,5,1580,95,20,357,5
11926,1,1000,1296,7,559,0
4210,1,374,192,14,467,4
11999,0,12,12,0,10,0
6560,3,158,159,7,153,6
5110,1,252,152,3,210,0
137,1,787,223,10,459,15
12509,1,791,0,2,266,0
10418,1,970,1,12,177,2
10286,1,1369,146,46,665,25
7744,1,475,0,5,382,8
9274,10,86,237,0,133,5
7655,3,304,608,15,298,1
10425,2,39,23,0,26,0
13958,2,28,4,0,11,0
6368,1,1527,9,5,66,0
14218,1,2356,327,58,414,7
10075,5,448,26,4,258,1
1115,1,253,2160,17,2651,9
2071,1,493,429,1,561,0
4683,1,1505,3,20,484,7
10285,1,57,76,1,57,4
6259,1,2047,2016,374,4784,889
11003,1,6849,58,52,695,24
10855,1,920,0,16,357,4
12214,3,2311,508,111,1917,53
13138,1,516,0,9,295,0
2811,8,8963,4,315,2167,74
7415,1,1795,0,58,1238,4
12283,1,345,719,28,265,26
8274,1,41,40,1,31,0
5034,1,455,0,1,271,0
14440,5,73,26,1,40,2
7806,1,54,162,3,54,1
8711,1,1873,17,424,1448,43
2329,1,54,3,1,25,0
1298,1,81,1,0,31,0
13929,1,235,3,0,20,0
14392,1,337,38,0,160,1
2250,5,6712,0,553,4784,306
6004,5,991,0,31,131,22
2344,1,2077,1779,24,1241,46
5653,5,5862,0,98,1130,44
670,3,102,3081,3,111,37
9800,6,4361,0,226,2495,379
3814,3,5742,0,32,1013,12
1894,1,67,48,13,29,2
10819,7,13,1,0,3,0
7462,1,294,0,2,163,0
7366,5,6502,14437,235,3636,42
5705,1,79,237,0,61,4
7805,1,11,0,0,2,0
1242,3,1277,0,28,682,1
8154,1,672,1,6,282,1
10478,4,635,1,0,398,0
8616,3,125,0,1,1,0
14359,7,25,15,0,9,0
10954,1,166,0,0,281,0
8560,1,2391,0,115,229,6
5283,2,535,3334,23,253,25
10735,3,477,0,8,887,6
5483,10,204,0,2,140,0
6264,0,70,0,0,41,0
12615,3,189,23,1,116,2
12220,0,2067,4769,326,1622,24
8178,1,1030,0,17,416,16
12927,5,3869,452,39,1653,12
8033,1,76,36,0,63,0
8077,1,132,0,1,98,2
12502,1,286,13,6,333,1
6338,4,1775,1624,10,395,7
2178,1,372,195,0,300,1
6568,3,119,9,0,87,0
10643,3,357,5,4,136,0
507,4,75,0,1,38,0
622,1,17163,236,259,5341,31
9377,0,26,0,0,10,0
1088,1,566,0,11,691,0
10079,2,497,0,9,192,0
4506,0,432,0,4,165,0
9197,1,1070,0,83,709,90
2899,1,517,0,0,27,0
12479,1,1264,0,114,140,0
12511,1,691,545,90,479,10
4068,1,1022,2743,24,464,26
10179,1,201,14,3,166,5
11116,1,2433,0,319,1147,78
3530,1,607,7,4,377,3
644,1,6499,0,136,709,139
1826,7,102,0,0,24,0
1953,1,188,2,1,102,0
8654,3,738,301,6,241,0
11680,3,625,1345,13,395,2
5533,6,437,0,20,297,17
5979,1,5126,4,164,1604,22
8785,1,1318,344,31,459,4
13537,1,40,5,0,41,0
8982,1,781,321,17,170,0
13387,1,204,1,4,48,1
6651,1,260,0,3,77,0
3621,3,326,14,3,92,1
2046,1,1616,0,26,201,0
2255,1,342,243,8,262,14
1740,1,234,5,1,188,1
2623,1,678,3,6,243,1
5339,0,19,33,0,9,0
2239,3,206,7468,16,1668,8
2002,1,195,20,0,220,0
14801,8,48,5,0,46,0
11350,1,1947,0,31,947,0
11821,1,323,0,0,37,0
4892,2,1007,1,48,394,103
10640,1,467,379,24,546,8
10685,1,1577,0,57,1646,112
13676,7,13,5,0,8,0
10167,3,77,28,1,34,7
9445,1,501,0,3,109,1
11324,2,117,14,0,50,2
12711,4,152,0,0,49,0
14348,1,40,0,1,54,2
6362,1,3261,0,107,859,158
6075,0,482,0,12,201,1
13386,1,226,107,14,76,5
1748,1,1305,0,101,903,40
14188,5,138,295,6,179,8
11421,3,1106,0,17,741,0
1037,3,123,0,0,40,0
13529,4,46,0,1,36,0
13143,1,457,13,13,265,40
10304,8,1109,1,157,293,2
819,1,612,2,2,164,0
12300,5,892,0,19,1245,21
1795,3,118,37,2,40,0
12525,5,1511,3,76,213,14
8237,4,30,37,0,40,4
4010,7,43,40,1,23,1
10712,4,670,0,26,168,0
11762,8,2426,0,72,1250,48
4596,3,129,28,0,139,0
11626,1,259,12,6,147,0
11447,3,218,1,5,182,2
2469,3,1755,0,48,1142,1
5641,5,345,0,2,153,0
8570,1,659,0,4,259,2
7515,3,4437,0,16,1759,0
4989,2,186,0,0,82,0
2150,5,2669,0,37,1014,0
13228,1,1446,1404,57,722,39
9551,4,64,2,0,84,0
13425,2,71,0,0,29,0
5835,1,5809,17829,77,2353,35
869,1,259,0,3,171,19
1643,2,26,0,0,11,0
3898,7,2618,42,131,1192,57
872,1,269,0,2,239,6
7423,1,266,0,2,80,0
2346,1,24,3,0,19,1
9185,4,365,158,10,401,12
9793,7,1972,0,21,522,0
4648,1,39,19,1,23,0
3987,6,675,6457,31,2718,84
11854,5,792,14,14,218,0
831,2,57,10,1,23,1
9482,4,1114,327,25,573,8
407,3,1559,1555,16,450,18
1497,1,50,82,14,60,125
9963,5,1563,115,64,383,13
5786,8,1445,841,37,345,13
5133,1,258,0,1,116,0
998,2,219,0,4,72,5
14583,1,833,15,4,36,0
773,3,149,0,1,55,0
5362,5,1298,1071,80,450,10
3008,1,214,0,0,119,1
14491,1,220,358,0,123,1
11227,5,1504,0,37,770,1
12668,3,499,11,26,302,7
11812,5,573,221,6,549,0
9351,1,452,0,2,390,0
9292,2,1259,185,56,1661,10
10614,4,1655,7,60,631,3
4822,1,92,25,2,31,0
7810,1,519,209,15,226,15
6761,5,343,4,37,252,36
4062,1,53,15,1,25,3
3937,1,152,14,3,122,2
6659,1,28,0,0,24,0
6396,1,1002,1687,8,729,0
9282,1,31,75,5,57,5
4516,4,7324,192,354,3387,139
13571,1,163,0,0,150,1
1261,1,285,0,0,85,0
4471,3,2397,0,64,1037,0
5441,1,2718,0,53,1379,95
5524,1,426,17,12,290,1
14652,1,95,348,0,80,1
6480,8,535,0,15,37,0
11002,1,561,0,27,417,16
9489,3,328,1,10,964,15
2279,3,3567,0,171,4379,88
9569,4,644,244,3,210,1
1828,3,879,0,2,428,0
13466,1,405,10,1,48,0
8653,3,99,10,0,122,0
345,1,206,0,0,159,0
3443,1,563,1,3,204,0
7535,1,2166,0,68,847,129
13046,1,345,1,6,84,0
3245,1,2794,340,135,2256,134
13516,1,145,0,0,4,0
7082,1,11,0,0,6,0
10132,1,2227,0,68,636,66
12601,5,784,0,9,388,0
12381,1,922,0,10,306,0
9418,5,15,1,1,20,1
608,1,317,0,3,320,2
6562,1,4134,0,68,639,0
2514,1,40,67,3,38,2
2235,3,333,0,10,143,17
10029,1,21,10,0,10,0
2293,6,77,200,0,74,0
3601,1,575,135,30,272,12
2290,5,4024,5,42,551,36
12641,6,182,3,0,357,2
9919,5,2471,2302,72,1267,55
14019,2,112,0,0,15,0
12345,1,348,8,6,393,1
553,1,366,73,6,435,3
6710,1,163,126,3,107,3
6501,1,134,374,1,148,15
9690,2,103,0,2,48,1
1193,5,6099,0,79,8,25
2683,1,392,384,8,402,16
6821,1,71,0,0,35,0
274,1,99,0,1,32,1
9075,1,384,0,0,56,0
1427,10,411,35,1,155,0
334,1,248,10,2,150,0
2113,8,4021,803,88,3258,1
13437,1,244,0,10,41,3
265,1,82,83,2,110,2
8588,3,33,2,0,32,0
8345,1,178,0,2,48,0
9137,1,556,118,11,417,12
894,5,297,13,2,153,0
3861,1,521,148,3,315,2
8127,1,1238,250,23,506,7
5461,2,121,63,1,25,0
3288,4,222,0,0,55,0
4948,8,1589,665,45,741,9
12198,2,476,13,0,224,0
3185,5,6792,19326,240,7660,312
10331,0,217,0,0,81,0
692,5,6072,0,160,6664,37
12294,5,217,318,45,529,252
10533,1,104,27,1,78,0
4430,1,928,0,11,448,16
6179,1,43,14,1,16,0
11739,2,107,192,3,200,1
1160,1,4106,512,71,1340,16
4129,3,733,0,17,379,5
5755,3,356,0,7,173,1
2693,0,58,0,0,32,0
11797,7,434,0,7,250,0
12274,5,66,0,2,46,0
11053,1,318,1823,19,1887,77
1058,0,54,0,0,7,0
10435,1,13,0,0,10,0
4200,2,36,0,0,5,0
10153,5,19,0,0,85,0
14165,1,206,186,2,182,1
1486,2,118,25,1,46,0
13633,1,25,2,0,14,0
2435,3,28,0,0,36,0
7795,1,685,64,21,630,0
1275,1,33,86,1,29,2
9200,3,1984,0,5,868,0
5923,1,828,88,34,447,2
3754,1,21,14,0,20,0
7871,1,713,532,9,526,18
6517,6,1083,41,25,1057,3
9759,3,410,0,12,146,0
3867,8,53,0,0,17,0
7592,1,194,0,3,143,0
12218,0,702,305,39,261,2
2047,1,455,5,40,184,4
13266,1,167,0,9,104,22
733,1,1142,0,23,673,23
1796,3,141,1080,1,258,1
14051,1,130,7,0,89,0
7643,1,1112,38,11,449,1
8253,8,74,0,0,16,0
4480,3,2172,2700,191,1471,208
3645,3,158,23,1,64,0
7251,1,292,0,4,300,3
13870,10,219,0,4,113,0
9006,1,841,0,16,344,0
4665,4,2585,3685,91,1416,198
6392,3,182,34,1,132,0
2202,3,2370,7,142,1303,1
2986,1,143,264,7,101,11
1203,1,395,0,6,245,0
12860,5,5117,0,224,368,37
11968,1,2195,6,8,819,0
1135,3,1747,1,9,714,0
1155,1,469,0,5,2438,13
8935,7,1932,765,3,356,13
11616,1,433,0,6,93,0
12505,2,180,173,3,107,1
10603,5,627,0,152,352,1
10922,1,850,0,16,509,1
2015,8,9349,910,344,1210,72
13995,3,689,3,18,125,0
4540,4,2518,2298,285,1573,275
6274,5,464,0,3,118,0
14301,5,87,3,3,55,0
8042,1,644,8,56,409,8
5946,3,1319,713,31,1440,2
10570,5,241,42,4,320,1
8079,2,76,1,1,33,0
5819,5,1520,1079,72,818,29
12194,1,1023,126,0,60,1
7294,5,462,2,7,182,2
10607,4,449,43,10,138,3
4688,1,161,436,0,106,0
5753,2,1105,421,42,1599,104
642,1,1546,4,29,136,0
6313,1,65,0,0,23,0
3749,8,5230,26,181,1279,32
7220,0,15,0,0,4,0
9877,1,276,0,0,48,0
11226,1,201,0,3,282,7
3469,3,1299,0,55,2866,71
9864,1,248,1220,1,276,0
4806,1,25,0,0,10,0
5581,2,64,38,3,118,2
595,1,28,63,0,25,0
7494,1,1512,0,1,102,0
12921,1,223,38,15,270,13
6563,5,161,0,1,36,0
8673,3,1340,0,42,522,28
10742,1,960,0,11,162,0
1502,6,24,10,0,29,0
2588,4,10,19,0,4,0
902,1,2491,0,85,900,104
9359,1,327,4,1,210,0
14282,7,53,0,0,12,0
7913,1,1494,530,31,514,50
4642,1,62,11,4,32,3
10881,1,963,1132,118,530,57
2684,6,13,0,0,8,0
6905,6,33,0,0,21,0
11182,1,920,556,42,542,63
9531,1,572,0,8,366,14
10067,10,40,0,0,82,1
10495,2,1217,3477,185,632,13
5281,4,40,3,0,24,0
11518,1,72,112,0,28,0
10768,5,2130,1556,78,1444,56
4293,1,1760,123,2,75,3
7667,5,2043,0,19,566,0
3466,1,259,4008,9,804,0
1811,3,560,67,11,145,1
8702,5,1686,3,15,445,0
8523,0,35,1,3,45,0
8684,1,3027,165,228,616,272
12569,7,13,0,0,3,0
6620,6,1277,4,36,662,39
10650,10,94,13,1,36,2
6407,0,255,2,12,50,13
9479,1,899,194,14,568,32
12187,0,310,241,1,127,3
1738,2,183,163,0,147,0
10866,1,3887,3694,97,1071,67
6226,3,1650,8,12,842,5
2959,3,126,0,0,68,0
10982,1,1228,1890,31,477,1
11585,1,377,2,52,329,1
14640,4,10,0,0,1,0
12316,2,978,292,3,510,1
1861,1,395,0,1,294,8
12725,1,1901,136,60,1511,19
4682,2,44,61,0,72,0
2785,1,1142,7,2,537,0
10139,5,56,321,1,66,2
2101,6,8060,6574,372,9957,0
12605,1,317,213,1,85,0
6347,2,16266,10682,227,5281,15
14409,1,286,0,4,43,5
10158,1,83,1,4,378,0
886,1,914,190,173,1140,33
6386,2,51,53,0,51,1
12045,3,447,25,7,285,0
7808,1,426,404,4,116,2
7964,1,2345,623,1,247,1
8895,1,692,0,28,486,0
12768,7,4367,0,408,2169,265
2440,4,73,122,2,46,2
4663,1,266,0,0,168,9
3766,5,1170,0,8,353,5
7693,4,392,0,4,143,0
2650,3,984,175,12,99,6
2341,1,297,87,8,218,1
9427,2,348,705,9,377,11
6627,1,4565,0,78,214,3
4780,1,37,0,0,5,0
3866,2,180,0,0,110,0
3400,1,3568,0,75,1211,57
9152,2,858,0,23,518,0
13985,4,26,33,0,5,0
3685,1,4147,1734,238,1210,6
12810,3,1591,808,171,1650,437
2517,1,35,0,0,65,1
991,1,1718,25,17,397,0
589,3,5542,727,55,2022,6
10886,1,2410,0,43,861,3
2152,1,160,290,3,137,4
8019,0,351,20,0,49,0
1124,8,74,1,0,21,0
1235,3,85,0,0,201,0
7518,1,239,5,5,165,0
7651,1,724,0,16,244,0
5999,0,31,0,0,16,0
1001,1,2577,34,40,1409,21
8319,1,33,45,1,67,5
6076,3,2018,418,18,521,1
12003,1,410,0,4,65,0
6631,1,664,22,7,80,1
627,1,983,0,82,358,154
12596,10,433,15,2,143,0
11314,7,41,122,0,24,0
4343,1,38,8,0,34,0
98,1,247,119,15,189,4
4295,7,7,2,0,3,0
5743,1,137,20,2,76,0
2909,1,1612,11993,61,2600,278
11778,5,279,3566,26,329,42
13837,7,18,5,2,86,2
10656,1,174,1146,7,1749,14
1258,1,35,0,0,24,0
3113,3,1625,923,2,381,0
13562,1,328,802,1,167,0
1266,2,40,7,0,22,0
11652,3,4805,0,387,2238,14
14558,1,337,303,6,155,3
4008,1,1125,685,17,386,4
1554,3,554,1,9,339,0
7594,10,142,1133,0,85,0
1865,4,376,230,2,190,0
4305,2,38,112,1,76,0
9846,4,6356,0,779,9068,6
6336,8,3933,0,50,314,46
5788,8,4668,1,37,607,4
5424,2,1363,1286,52,1088,219
10394,8,1374,3844,9,546,3
11909,4,853,58,56,876,81
5107,1,1017,58,26,507,17
444,3,808,1500,20,433,59
5316,1,133,0,0,117,7
3900,7,1781,13,127,868,21
13616,1,88,0,0,52,0
5084,3,8764,927,392,3103,58
10066,1,28,0,2,24,1
3346,10,1649,5,12,244,1
5144,3,72,320,1,245,7
3820,3,4519,1894,265,1352,248
9597,8,721,0,13,353,0
14261,1,9,0,0,40,0
3378,1,68,35,0,57,0
825,5,188,134,2,137,0
3784,6,683,12,15,348,4
3010,1,2762,463,80,1190,12
11547,1,805,0,122,463,4
1721,1,24,82,1,56,0
9178,1,26,11,0,13,0
3939,4,246,0,1,115,0
6005,1,264,0,3,376,3
10086,2,726,0,54,225,0
7712,2,1253,0,56,1060,32
10187,5,6783,876,192,1344,6
7886,7,20,0,1,15,0
12824,1,731,823,3,404,2
2303,0,172,71,3,38,2
6493,1,276,1350,8,172,2
2774,1,108,3,1,51,1
12869,5,317,1249,12,586,28
7873,4,4427,0,410,1076,14
4492,5,1198,6,21,588,2
9298,1,64,0,92,674,10
9942,8,3225,53,18,312,0
10925,1,588,261,36,303,67
14143,0,453,0,1,88,0
2593,1,533,12,21,3063,7
5568,3,2081,1486,43,476,43
11611,3,1598,0,116,828,130
5754,3,737,170,17,372,0
10002,5,157,2,19,132,2
13954,1,55,0,0,9,0
9102,3,2605,4,88,1438,1
8412,3,806,0,11,330,1
8628,1,2408,0,10,485,0
8172,1,269,54,2,156,4
3279,1,113,0,0,71,0
12684,2,174,10,2,125,9
13202,1,994,1,18,222,0
4423,1,17,24,0,15,0
5523,1,262,106,3,243,3
12255,1,7565,0,278,2819,104
5250,2,31,0,0,23,0
620,5,9364,11,33,343,7
10898,1,34,8,0,22,0
2253,3,1329,420,75,469,11
3004,1,64,101,3,46,0
6227,3,1640,1212,81,838,70
8965,1,245,5,0,75,0
14231,1,8,0,0,2,0
5337,1,3493,10,179,800,158
3240,1,2192,0,23,2008,20
6241,3,1149,0,5,625,1
783,4,253,11,0,58,1
6077,1,47,25,0,32,0
13906,4,15,4,0,5,0
14385,1,310,0,2,78,0
4186,4,6341,7163,140,3224,53
1186,4,7,0,0,28,0
10635,1,3764,831,316,1582,25
659,0,67,13,1,25,0
8442,2,1009,5,58,632,65
3688,1,47,0,0,12,0
3087,1,247,21,1,145,1
4085,3,922,1003,25,302,12
4678,3,59,2,0,52,0
2653,1,171,129,0,126,1
2819,1,4107,0,99,747,52
2721,5,1103,36,5,130,3
5399,0,31,1,2,9,0
908,1,92,8,3,62,0
1222,3,61,0,0,44,0
4789,1,2400,0,141,1817,89
10439,1,11,0,0,8,0
982,3,17,0,0,18,0
3425,1,1051,2353,29,524,0
6231,2,63,2,1,19,0
10696,1,43,0,0,24,0
7972,2,1361,341,12,454,1
2923,3,123,65,1,193,1
12975,1,751,376,40,243,40
8568,1,1325,3376,95,1326,30
3353,1,1135,0,17,1335,17
8960,3,65,1,0,13,0
2073,1,920,384,37,614,6
11818,1,682,0,1,223,0
11179,1,176,0,2,78,0
6409,1,99,0,4,57,0
865,2,24,0,0,24,0
6552,8,381,2,10,249,4
12928,1,465,8,24,418,96
10084,5,150,0,0,74,0
8732,2,944,0,10,880,4
9958,1,5913,0,27,504,0
8102,1,91,0,0,77,0
8909,5,675,0,36,291,12
4485,3,117,0,0,147,0
11032,2,400,0,1,206,0
3244,5,57,48,1,67,1
586,3,78,0,1,53,0
288,1,1024,467,7,697,0
4700,1,608,0,0,370,0
2248,1,1345,0,238,925,16
7917,1,405,633,5,266,1
1573,3,515,2357,8,471,23
3487,1,576,1168,7,402,17
6380,1,117,0,7,205,1
3350,1,18,0,0,18,0
11916,3,264,465,9,240,0
6771,6,193,1,2,95,0
9978,2,134,20,2,89,0
11775,3,1052,178,7,328,10
4994,3,336,1074,18,241,16
7734,3,849,515,25,439,52
5009,5,7,3,0,8,0
2163,1,531,10,2,76,0
9050,1,212,0,1,110,2
2448,1,298,0,2,117,0
7876,4,636,0,4,308,0
4654,1,5061,0,60,795,7
9031,3,8,8,0,6,0
10956,1,584,1176,7,708,14
7289,1,110,0,2,166,3
14480,1,366,30,8,113,11
6732,1,112,274,1,75,1
2228,3,248,2475,1,228,3
12785,7,1791,1452,22,534,5
7957,2,557,0,3,223,1
7546,3,56,0,0,49,0
2848,1,398,211,5,217,1
7406,2,1480,0,55,878,3
11152,0,702,0,11,376,0
13098,1,304,62,29,117,14
1489,1,417,85,2,129,0
3887,5,1060,26,60,631,39
2879,1,290,13,0,152,0
12990,1,542,542,24,468,16
11683,1,748,243,20,227,11
7422,7,82,670,4,375,4
2254,4,466,1,4,163,0
3260,1,5,0,0,1,0
6309,4,13,10,0,12,0
10257,4,4649,1,296,2883,119
10400,1,749,0,9,519,58
4302,6,310,3,9,228,7
4311,1,896,408,22,361,43
5883,2,337,0,0,73,0
3255,1,1415,6,13,524,3
8936,1,727,1,10,251,2
767,1,1045,0,26,958,22
10722,1,1059,586,7,600,5
6795,1,1630,98,50,342,59
5422,2,73,39,1,34,0
712,1,26599,430,303,5679,22
13028,1,5008,26,277,1031,3
4500,1,1943,4,99,704,580
2966,3,125,0,2,81,1
10628,1,133,1722,0,207,16
11480,1,398,69,4,372,0
9391,1,36,43,0,21,0
1968,1,2340,0,167,1313,226
5644,1,608,0,9,119,0
3345,3,313,0,0,85,0
13047,1,2182,0,72,349,4
736,3,301,0,4,236,0
3468,1,1425,1365,33,545,6
13217,0,245,0,3,72,0
5206,0,4,0,0,2,0
8904,1,467,0,29,222,2
8645,1,48,9,1,47,0
9760,1,2221,399,243,441,5
2012,1,5264,84,38,238,8
7226,1,87,55,3,21,1
500,4,61,0,1,23,0
1010,1,186,1,1,21,0
3366,10,149,0,2,130,0
10540,1,203,13,8,75,3
13253,1,250,0,8,138,3
5723,4,16,0,0,10,0
11994,1,66,0,20,553,4
10584,3,371,0,8,105,6
1885,1,2672,0,47,478,0
8017,1,258,71,4,162,3
11242,1,1039,0,4,137,2
10519,1,367,7,9,992,4
7843,1,1141,0,54,931,67
8482,1,566,0,17,729,3
14732,1,118,0,3,1,2
13011,1,2357,13,31,505,67
14055,1,69,0,2,45,3
3180,1,1728,0,45,1883,74
7975,5,2071,0,83,418,6
4097,1,10033,1277,240,764,0
11469,0,45,206,0,94,0
3546,1,815,37,3,247,7
6209,1,100,18,0,68,0
2055,1,351,0,2,168,0
3107,1,180,0,2,57,0
6569,3,622,110,70,282,43
14521,1,14,15,0,34,0
5275,3,3895,126,97,2183,20
12656,1,404,0,3,198,11
10542,1,1348,165,22,562,7
6936,1,52,16,0,17,0
8837,10,2922,7127,105,5277,11
4672,5,4712,0,114,955,10
8214,1,850,35,36,443,7
7528,1,131,249,4,150,6
12060,1,540,478,22,377,30
5992,1,62,86,1,25,0
4429,1,928,0,2,539,0
8213,8,49,83,9,59,18
6677,1,1452,0,123,900,163
10766,1,1681,2434,38,667,3
8973,1,1054,0,49,294,11
1833,1,191,1,1,110,0
11568,1,630,45,1,308,0
2638,1,745,0,3,408,3
5955,1,1702,1243,62,839,42
2531,4,460,0,28,221,34
63,1,8,1,0,8,0
2752,4,810,0,9,182,1
10538,1,369,1577,20,354,43
687,1,20689,11670,254,1706,119
7579,7,1350,1493,139,589,1
9576,1,245,92,2,123,0
6203,1,1167,1,4,697,0
7263,8,499,5,3,55,2
1994,1,228,0,3,147,0
4370,3,633,1701,23,798,14
2571,2,30,102,0,82,1
10396,3,192,0,4,223,2
1931,3,128,402,1,452,1
9017,1,1623,1734,8,266,4
8601,4,565,0,8,430,2
2799,1,3228,0,232,2038,94
3164,1,755,1119,35,984,36
9539,1,1376,256,70,625,41
1296,1,341,0,3,158,0
3236,1,625,0,16,182,1
1929,1,347,0,15,330,58
1108,0,2670,0,389,4764,54
12964,1,1281,1,42,571,0
12212,1,2215,4041,115,2041,266
2402,0,71,2,0,18,0
10419,1,2173,153,33,266,2
7984,1,20,21,0,14,0
11450,1,1470,0,47,154,3
12063,7,403,202,11,171,27
10940,1,424,306,15,180,11
4734,6,73,30,2,136,1
4711,1,95,92,0,73,0
3615,3,4131,8,361,2547,29
11107,3,49,25,0,37,0
3564,1,1304,887,28,1300,25
7932,1,62,68,0,70,0
3404,4,1084,0,133,449,10
2060,1,5396,1677,171,2024,85
740,1,19,0,0,18,1
6566,1,1422,0,32,473,0
5050,0,31,0,0,14,0
4166,3,184,0,0,11,0
1902,1,349,0,2,86,2
14548,0,112,254,3,58,2
12101,1,289,552,21,1362,0
5395,1,945,1144,8,467,4
543,1,83,13,1,132,6
5873,1,8,0,0,1,0
13851,3,64,0,9,132,0
10279,1,1292,9,42,491,42
9148,1,1342,287,82,679,4
9646,1,1374,29,9,82,0
9929,1,250,15,1,98,2
391,1,272,67,5,143,2
6432,3,2894,107,177,934,22
9280,0,201,140,10,158,1
4821,1,2780,7,205,959,7
13388,1,127,0,16,241,7
6397,1,602,61,4,93,2
8097,2,457,0,3,292,0
8549,1,81,62,1,49,1
12459,5,786,5,28,155,2
14460,0,111,3,0,47,0
1934,5,520,0,13,1,15
7973,8,9,0,0,13,1
12393,1,810,2,16,246,0
10569,5,775,4,15,345,0
4239,1,205,813,10,673,32
13733,1,229,0,0,93,0
4278,3,216,0,1,95,2
1359,1,1289,201,6,446,3
2409,3,118,910,5,221,7
4101,1,1986,1,21,804,26
8531,3,793,0,74,1144,72
10289,1,3406,0,128,1484,0
10223,7,151,1888,1,276,0
2544,1,64,51,1,62,1
13070,1,1135,2467,14,845,1
8489,3,305,0,14,179,1
11364,0,50,0,0,27,0
6940,1,2677,0,47,1778,132
1244,10,1054,6314,26,595,44
14154,1,84,0,1,49,0
3555,1,180,0,4,187,6
10011,3,211,0,6,4302,2
3176,3,425,1456,75,1728,103
6887,3,689,0,3,260,0
14566,1,464,2345,16,1000,25
5746,6,321,261,16,201,16
3891,1,48,0,0,66,1
4619,1,407,188,1,298,0
5612,3,2318,1039,335,506,912
13065,1,166,0,5,125,1
6358,5,1723,0,71,5154,2
2317,1,47,1,0,12,0
3348,1,32,0,0,0,0
2627,0,230,0,0,192,0
5410,1,261,1239,3,397,10
6949,1,394,309,15,292,17
8621,1,587,526,62,518,21
10771,1,1217,0,38,457,81
1717,1,50,0,0,34,0
7455,1,1844,0,41,1400,7
7068,1,81,86,0,16,0
12898,3,442,0,8,284,1
11903,1,1082,1,65,330,11
6730,0,867,14,5,195,0
13865,1,75,2,0,33,0
7628,1,126,0,4,89,0
9814,1,1746,2,46,620,37
12356,1,100,0,0,67,0
11551,2,71,0,0,36,0
4657,1,342,245,9,223,6
14750,4,794,0,1,6,0
14381,4,790,0,0,9,1
13450,4,791,0,4,7,13
12991,4,840,5,34,225,117
13399,4,790,0,6,1,0
11558,4,4621,1958,12,3003,23
1707,6,334,80,8,99,2
4494,5,34,4,1,28,0
3912,1,474,0,35,171,8
12319,1,1165,2869,20,1037,29
3670,1,179,0,0,115,0
6700,1,484,0,63,664,25
2223,6,645,0,9,437,1
7454,2,41,101,0,71,0
11702,1,1251,516,40,465,14
6050,4,15,2,0,13,0
10191,1,67,16,0,70,1
13398,4,806,1,4,8,3
13867,4,836,7,15,57,52
13395,4,788,1,1,17,0
14547,4,790,0,0,2,0
13667,4,790,0,0,3,0
13397,4,932,8,41,149,31
13396,4,795,0,1,82,3
13190,4,2924,0,21,275,0
14802,4,1417,0,6,226,0
14657,4,789,0,0,3,0
13969,4,1622,0,4,371,0
10861,1,7118,4923,133,4336,181
7185,1,4706,0,295,2504,3
2960,1,2252,0,348,917,144
11755,1,275,0,2,120,0
1555,1,198,0,0,91,0
14478,1,48,0,0,22,0
11474,0,5877,0,313,1161,0
8382,1,25,0,0,19,0
14004,1,161,146,3,420,0
8242,5,6096,0,411,4209,786
8980,1,242,136,4,380,8
10000,1,1068,0,47,234,18
13826,9,20,1,0,2,0
5134,1,4264,2984,62,1325,42
9986,1,1337,94,61,658,28
9237,2,3255,1,713,55,1
5583,1,2314,1,47,408,4
1935,1,218,1,0,109,0
2967,0,21,0,0,2,0
3504,1,92,181,0,40,0
10578,1,11,2,0,2,0
6375,2,2950,0,29,2647,0
7502,1,26,49,2,95,4
11960,1,460,18,0,303,2
2581,10,2493,656,28,784,17
651,1,727,365,1,397,2
9268,6,8,1,0,7,0
12906,1,4265,0,101,971,104
485,1,1237,0,16,1370,56
3315,4,3799,9141,117,8133,674
1488,1,73,9,2,149,4
11735,5,1310,12601,249,1001,197
8059,1,77,3,1,48,1
13160,1,220,542,29,417,99
4125,1,402,261,1,313,0
354,1,100,1157,0,71,11
6113,1,1541,1320,31,1068,36
5972,1,168,36,0,85,0
13069,1,618,3771,15,599,3
13962,1,32,72,0,33,0
6753,7,33,0,0,3,0
918,1,857,0,3,523,0
1177,1,677,0,6,345,0
4434,1,136,90,1,130,1
13109,1,901,14,60,374,24
6450,1,125,57,1,82,0
1660,4,1004,0,30,1953,3
11436,1,565,164,21,263,4
14532,1,92,0,4,48,3
14634,1,26,51,0,13,0
13306,0,273,148,5,124,0
2793,1,127,47,0,93,0
3364,2,617,33,36,142,1
11205,5,2602,2444,76,1711,61
7800,2,15,63,0,14,0
367,3,287,173,1,124,0
4595,1,580,215,29,415,2
2014,5,5716,0,168,5290,14
5658,1,1373,0,59,1023,0
2138,1,387,602,20,367,37
2951,9,165,0,0,27,0
2880,1,179,10,0,28,0
9086,1,14,28,0,11,0
8101,4,1898,2191,42,1472,49
6807,1,41,114,1,56,0
4391,5,240,0,66,426,720
4879,6,1302,0,10,2678,0
11901,3,1808,1,19,907,1
8987,1,507,739,4,316,2
2846,1,446,60,6,274,0
1673,1,95,3,0,34,0
1514,1,111,12,0,82,0
11240,1,527,0,29,368,32
12064,7,382,4,8,100,0
9511,3,1570,971,8,861,8
4762,1,344,460,31,460,1
5476,1,22,0,30,130,0
7000,1,2441,9,44,351,0
7669,5,6053,0,111,1263,73
4498,1,103,20,1,81,0
7041,1,120,0,4,69,1
5444,5,808,0,1,293,0
5607,1,654,0,3,400,3
8350,3,3262,1296,57,1815,2
10280,1,60,9,5,43,0
813,3,227,584,6,116,0
5976,1,1478,0,41,426,196
455,1,109,0,0,78,0
8816,3,179,126,2,76,0
7721,1,1818,159,21,818,19
5477,1,401,1,10,339,1
4985,5,563,2,16,292,3
3901,1,11,0,0,10,0
10591,6,1235,22,51,696,49
10006,1,75,43,0,46,0
4093,1,9512,2,580,2918,101
2676,1,96,0,0,68,0
7555,5,7616,0,139,726,0
1634,6,803,241,38,348,25
14569,1,80,2,1,35,0
5407,1,24,34,0,24,0
13850,7,346,97,1,120,0
12289,1,931,0,18,125,3
6023,1,2218,45,87,542,0
9409,1,1381,11,44,473,61
1476,1,440,49,11,292,16
10676,1,892,5,5,495,2
3327,1,595,0,1,65,0
2525,1,462,241,10,331,35
9887,1,983,0,188,509,21
3875,3,402,212,3,218,0
7187,7,174,0,8,57,4
1749,1,476,716,4,379,2
11369,8,992,658,23,321,1
5691,3,3492,4688,479,3383,573
11368,1,68,11,2,261,0
835,2,591,227,3,204,0
2803,7,119,26,4,83,0
6360,1,917,73,10,451,1
10256,4,632,42,14,890,1
5869,1,1624,0,22,488,0
7026,1,70,42,0,60,3
11878,1,249,493,14,502,2
13874,1,288,15,4,177,0
920,1,122,26,1,76,0
8522,2,391,0,3,182,0
14412,1,254,28,2,185,1
10731,1,580,401,15,490,6
13914,7,462,13,7,105,0
7749,5,1980,3,16,366,0
10990,1,1444,440,99,867,53
173,1,1470,0,26,0,0
5183,1,747,39,9,584,3
13380,5,214,2,1,12,0
13384,5,265,6,1,57,1
13688,5,261,0,0,3,0
14251,5,210,2,0,5,0
13619,5,211,0,0,2,0
13381,5,211,0,1,1,1
829,1,276,1098,9,843,42
6254,10,714,8,32,361,10
912,1,411,3,0,221,0
9228,1,4002,1,34,701,2
1006,1,310,5,8,149,0
3050,8,5388,1,52,1047,0
8162,1,49,0,0,30,0
9344,1,455,1,1,323,0
1765,1,1249,1148,35,905,5
1188,3,508,31,1,306,6
13482,1,472,0,2,78,0
6215,1,34,1,0,31,0
4543,4,703,26,4,731,14
2123,7,41,0,0,20,0
13362,5,405,2,18,151,6
3812,3,2701,7776,89,3770,116
9203,6,3791,4945,88,1369,6
12126,1,1417,121,60,525,7
5908,1,1307,1893,15,517,0
3500,3,48,8,0,27,0
6352,1,50,16,0,23,0
4479,3,2468,699,148,1042,189
8419,9,26,0,1,6,2
7954,1,350,1224,2,362,1
8962,6,11,0,0,5,0
10232,1,290,6,5,166,5
7353,8,6059,221,87,1327,19
6830,3,138,22,2,0,0
3917,2,853,0,0,213,0
1807,1,230,0,1,166,0
4323,1,57,167,4,119,3
997,5,284,0,2,108,3
7035,4,89,1,5,101,10
1727,1,334,0,0,70,0
11040,9,3726,0,69,613,1
1603,1,352,1027,11,418,11
6008,1,3001,16,105,292,8
4334,1,575,0,9,435,2
12914,7,555,0,28,338,21
10226,5,746,0,17,489,33
10377,1,174,348,4,233,31
5881,2,40,21,1,26,0
5760,7,24,0,0,13,0
9971,1,721,0,21,1055,20
10338,5,578,838,39,447,22
731,2,20,3,0,11,0
3630,4,1773,0,11,346,0
14372,2,22,1,4,21,3
4937,2,76,0,0,51,0
3451,1,102,48,1,63,1
5530,2,73,0,1,2,0
691,3,13862,0,350,4642,521
6656,1,518,0,10,541,4
12945,1,489,0,80,471,193
697,3,24144,3408,238,8638,319
3304,1,1059,0,0,292,0
10215,1,2816,585,32,1121,46
11289,2,88,0,0,36,0
8663,1,274,148,11,243,5
5408,1,354,0,19,352,43
4371,1,415,515,7,609,9
5020,1,550,0,54,383,5
7276,3,242,0,4,289,5
8799,3,216,0,0,301,0
3079,10,3897,0,34,1426,0
7630,1,358,192,2,242,6
13679,1,12,4,0,11,0
164,1,1278,1393,45,332,18
8110,4,2318,15,186,806,139
9368,1,2369,0,32,867,2
562,1,977,5,12,617,35
9369,1,288,0,4,228,0
10494,2,234,107,8,154,8
13286,4,928,0,59,323,0
1425,1,2616,1839,501,1819,96
6688,8,101,9,0,77,1
7385,1,41,0,0,15,0
1065,3,561,700,5,399,6
3446,1,1507,95,13,791,18
7246,3,488,0,0,158,0
3508,1,90,0,0,82,0
694,1,2005,0,22,889,1
1899,1,524,1760,12,297,22
4444,1,1079,0,84,424,46
4484,3,2489,369,13,801,0
348,1,1378,1709,8,898,6
1189,10,507,0,6,291,2
9935,1,82,53,0,56,1
2900,3,175,147,0,139,0
8157,1,207,131,1,235,2
10923,1,244,0,10,142,3
9325,3,1404,4206,225,917,517
5080,2,223,87,2,100,3
6685,1,157,0,0,82,0
4600,1,3050,55,75,1515,161
11046,1,588,2232,28,2613,197
12231,2,2895,0,18,882,14
4651,1,1524,178,13,1039,4
6649,0,497,0,69,657,23
10209,1,463,0,71,248,1
2784,8,4025,0,18,713,2
13636,1,218,2,0,43,0
9998,5,1053,1280,28,1291,0
11399,1,7,0,0,5,0
10563,1,612,0,108,1509,122
13035,1,2808,1799,56,1630,12
12547,1,2577,0,47,491,0
2502,3,12,37,0,64,0
9739,1,29,13,0,32,0
6865,5,2778,243,180,955,35
6119,1,562,0,9,266,1
9365,8,1635,493,62,499,71
9704,1,1146,0,17,180,4
1532,5,893,160,6,472,4
1802,1,129,0,0,43,0
1168,1,2263,3716,63,1379,63
13022,1,1267,187,137,507,2
5162,1,323,244,2,139,1
5330,3,2099,0,27,802,0
9543,1,88,3,1,43,0
7365,8,745,2611,27,485,23
5358,6,56,1,0,26,1
11196,8,80,0,20,53,51
2556,1,530,186,6,342,12
13783,8,106,191,1,119,3
7224,1,3402,0,150,1630,108
13410,5,233,0,15,85,0
2168,1,33,0,1,31,0
12213,3,348,27,47,262,37
6468,3,1206,65,29,282,4
1297,1,114,28,2,275,2
9916,2,43,0,0,19,0
285,1,14,37,0,32,0
3829,5,107,321,3,807,0
13535,5,34,2,0,5,0
6819,1,46,1,0,16,0
8247,2,13,0,0,11,0
5116,1,292,0,3,213,0
10103,10,1769,55,59,603,26
1005,1,1439,3404,21,943,7
10254,4,11,3,0,4,0
809,3,216,50,4,108,0
1173,1,1893,0,8,4198,14
5633,3,1030,0,18,1091,12
10370,4,608,255,13,505,9
8399,2,533,199,2,483,5
11157,1,3064,2385,87,375,118
7219,1,1003,1,26,434,2
8991,2,37,23,0,36,0
12873,1,206,0,67,780,66
14176,0,720,0,0,1,0
447,1,1033,464,16,981,6
12901,0,1076,0,42,232,1
14305,0,718,1,0,5,0
14292,0,518,134,3,72,0
13660,0,720,0,0,4,0
7479,8,1922,0,48,335,11
9250,0,877,0,5,105,1
11487,8,4160,0,188,790,287
14136,0,327,0,0,2,0
13606,0,326,0,0,1,0
689,8,5778,5,69,691,6
2738,1,1129,280,3,143,0
13975,0,358,6,0,5,0
13972,0,439,1,0,22,0
6155,0,720,10,2,51,0
14413,0,463,0,0,15,0
13625,0,336,3,0,1,0
14097,0,718,0,5,48,0
3070,1,905,0,45,606,6
13324,0,913,503,7,106,2
14594,0,326,0,0,1,0
3729,1,1397,1376,44,1171,96
1316,5,980,0,9,297,0
1515,1,38,8,1,14,1
1720,2,115,471,3,137,0
45,3,2244,3299,23,506,21
6444,1,39786,0,1399,51372,953
4920,10,3778,0,23,0,0
2233,3,45,0,0,27,0
4916,5,3287,132,89,1590,31
9097,3,1791,9,36,1048,9
4633,1,253,363,1,173,4
3311,3,3871,0,149,1380,352
6617,1,82,1,0,66,1
13238,1,1551,2912,17,1153,14
13966,1,244,0,0,1,0
14164,1,472,4,1,14,0
12992,1,712,4,4,48,0
14796,1,519,0,2,69,0
14588,1,268,0,0,10,1
13360,1,394,4,6,65,4
10008,1,1087,903,29,263,45
13726,1,252,0,1,6,0
13823,1,456,0,1,101,0
12202,1,842,0,7,327,9
14190,1,89,0,1,52,0
1321,1,63,74,0,70,0
8916,2,602,0,5,254,2
10429,1,93,176,9,163,11
7589,1,3135,0,331,1812,109
5838,6,706,11,19,368,2
10644,4,4176,0,177,2257,164
10433,8,428,4,5,55,2
10196,4,113,0,2,66,0
6285,1,422,0,13,178,1
4901,1,955,0,46,1099,130
9361,1,669,181,12,198,4
11954,1,718,0,9,156,0
8512,4,38,34,3,186,6
5105,6,74,280,0,149,1
3953,3,5180,259,367,1348,243
13154,1,804,0,9,182,0
10135,5,23382,1706,214,2225,167
3538,2,58,1,1,28,0
3771,5,12594,1,214,947,90
9403,1,111,623,2,118,0
4838,5,2940,1342,94,1202,1
10136,5,8703,1668,79,1079,130
14593,1,334,22,1,163,3
13779,3,205,0,2,110,0
9701,6,122,4,6,107,1
13464,1,147,93,3,149,2
891,1,417,1281,4,384,1
8153,5,30,19,1,48,4
9710,3,445,7,6,328,6
9855,6,14,23,1,71,2
95,1,189,0,1,152,1
6416,1,624,108,6,231,0
13645,1,100,2,0,60,0
763,5,213,48,2,235,10
297,7,114,0,2,183,0
13055,1,79,0,3,389,30
2615,1,122,84,1,81,0
6291,1,5,0,0,2,0
350,1,417,0,12,157,0
7308,1,37,19,1,37,0
253,1,56,97,0,22,0
5202,1,387,0,19,1071,64
3109,3,697,632,14,346,2
12494,1,102,22,0,29,0
5917,2,58,0,0,23,0
8146,2,4276,17,12,2168,0
13827,1,187,0,0,20,0
12799,5,3977,112,84,125,13
12726,5,3967,176,108,2638,0
1472,5,1868,526,42,458,33
8438,1,2058,0,50,1543,38
12654,1,833,0,12,431,0
3081,2,183,211,2,111,0
12932,5,269,8,10,262,4
2421,1,478,0,4,334,0
8851,1,393,922,1,252,5
1095,1,3036,0,5,296,0
11578,3,322,38,1,101,0
12182,1,40,30,0,39,0
10422,1,416,31,5,667,11
12704,1,412,471,1,207,2
10981,1,136,48,2,110,0
25,1,133,320,1,115,0
10776,1,855,0,58,662,18
10725,8,720,16,17,178,4
5720,3,362,6,9,286,0
14116,1,209,35,1,84,0
11690,8,3112,37,92,378,0
12781,1,132,4,14,42,0
6492,1,937,0,37,748,34
13670,1,40,0,2,38,0
14481,2,7,0,0,4,0
11617,1,915,0,6,161,4
3192,1,3637,201,169,751,452
2939,8,1060,93,17,293,6
3479,2,48,4,0,44,0
8196,3,387,3,5,247,1
5431,1,4759,847,139,2010,165
417,3,1034,1571,34,402,1
5098,1,774,0,20,784,40
4303,1,47,45,0,34,0
13033,1,202,3596,27,252,0
637,1,2350,60,7,106,0
13836,1,131,0,5,493,11
8201,1,19,0,0,15,0
6623,1,2894,82,13,102,4
12207,1,1639,0,60,671,4
1771,1,98,15,0,73,0
10842,1,217,36,6,81,1
8679,1,1621,2288,34,809,25
7190,1,1370,28,71,1069,58
10823,1,834,4365,11,380,1
3197,1,381,199,2,235,8
2620,4,45,0,0,3,0
9094,1,929,2,16,285,3
6354,1,1955,0,6,490,2
7619,1,172,0,8,211,17
6160,5,89,0,2,245,0
12779,5,419,6,3,136,3
631,1,1413,4839,2,848,0
6756,7,6,0,0,2,0
8581,6,524,370,20,797,20
5866,1,207,0,8,185,5
7188,1,243,5,0,66,0
3482,0,556,2,7,265,0
14196,4,1723,0,69,0,0
27,8,2917,8,40,681,0
11934,1,182,6,2,52,5
9401,1,8,14,0,32,0
7349,1,214,64,2,40,1
6159,1,2817,0,107,1033,156
747,1,124,54,0,52,0
8784,1,437,0,9,228,5
5827,5,20135,0,985,3442,1
10497,0,72,0,1,67,1
647,1,6547,0,12,2628,25
3658,3,6343,826,316,4910,34
12270,1,1080,3,17,255,24
4737,1,1411,0,57,81,0
2922,8,2203,134,48,765,58
7609,1,766,2,22,570,14
11428,1,1177,696,62,449,0
1350,1,138,6,6,110,0
4840,5,1518,37,134,2027,298
10689,0,875,949,19,867,5
1491,1,1758,649,423,2020,380
973,4,209,0,1,68,0
2849,1,1186,0,39,2749,39
232,1,12,1,0,2,0
2251,1,620,0,1,458,0
14287,2,166,12,0,42,3
629,1,488,4,3,157,0
4552,3,829,2,9,222,1
9162,3,62,0,0,55,0
1346,1,19,14,0,18,0
5914,1,408,17,5,223,0
6144,2,12,0,0,6,0
12531,1,110,338,4,87,2
10350,4,676,7,0,42,1
11973,1,554,0,15,316,2
7752,3,51,47,0,34,0
650,1,2418,131,4,186,2
4202,6,3790,3791,484,3487,79
8699,5,7703,340,969,2510,234
4229,1,216,0,1,54,0
9263,8,945,77,17,299,12
1033,1,494,1337,7,435,42
5091,1,92,0,0,9,0
1454,1,145,0,0,93,0
1869,5,4499,818,111,1816,55
5417,7,92,195,0,85,0
1113,8,2851,0,145,234,3
11050,4,39,262,0,98,0
10803,1,890,1495,30,743,5
12,1,189,513,0,199,0
9922,1,2305,0,93,974,10
6564,1,1611,0,5,256,0
12279,8,3659,436,49,416,1
13631,5,51,16,1,51,0
3902,1,36,81,0,53,1
4000,3,19,1,0,5,0
9639,1,65,766,0,121,2
7658,1,276,0,1,19,0
12059,1,595,20,13,220,2
715,3,2972,849,32,1255,39
1557,1,38,0,0,3,0
11020,2,1048,302,17,348,0
1735,1,117,0,0,80,0
346,1,105,185,0,115,0
6184,4,44,24,1,28,0
9135,1,1394,0,71,954,12
1330,1,125,101,2,69,2
5400,1,1349,3013,17,951,25
8986,5,400,296,22,343,37
7613,1,565,0,30,84,2
7399,1,269,0,5,174,2
2993,1,11,17,2,23,1
10902,1,243,66,9,162,8
10043,3,558,322,1,264,1
2144,1,1630,1,13,125,0
5790,8,1941,6,14,92,2
3802,8,5577,3607,50,1136,10
1879,3,21410,2187,278,7381,117
6012,10,783,0,8,390,15
3020,3,4854,4180,102,580,171
5324,1,170,339,1,128,23
1400,3,673,1,74,374,6
13067,1,2311,0,85,654,90
4381,6,12392,0,198,3075,39
5780,1,369,0,161,270,5
2234,3,1470,94,28,897,0
583,1,1665,757,33,468,17
2070,1,410,0,2,218,0
8155,1,94,0,0,38,0
601,5,5781,5445,122,2639,6
11419,1,301,0,4,45,0
1534,1,1492,0,15,619,0
7680,8,6689,0,14,192,0
10753,8,3669,0,412,611,8
9962,5,388,327,22,266,9
8613,3,129,18,9,70,5
3018,1,239,0,1,161,0
6186,5,219,117,1,167,32
7378,1,84,68,0,83,0
2842,1,821,3103,3,482,6
7405,7,267,1124,2,538,2
8176,1,141,31,1,72,0
8547,3,363,804,19,458,45
12910,5,1871,1568,50,1571,26
13439,0,41,0,0,2,0
11118,2,3242,5482,618,6423,579
3114,9,10,0,0,7,0
9060,2,80,3,0,15,0
8268,1,244,0,8,233,7
13740,0,17,1,0,2,0
9420,5,41,128,4,76,6
13668,1,26,12,0,13,0
10779,0,255,152,1,63,27
8726,1,60,5,0,52,0
623,1,772,1199,20,488,17
14505,2,48,0,3,77,3
5757,3,344,0,9,171,0
2935,3,2064,0,39,7470,2
8008,3,25,40,0,16,0
6597,1,89,89,2,76,3
5254,2,610,12,42,432,8
3651,8,4293,0,565,2432,595
3735,3,105,110,1,99,3
11675,1,177,0,0,139,0
10878,7,11,3,0,12,0
3313,3,303,144,3,167,0
6920,1,603,16,0,239,0
6440,3,21354,578,982,8829,71
3072,1,155,56,2,105,1
1254,3,65,1,4,70,5
6108,1,1178,0,27,1341,63
1843,3,324,0,1,224,0
3359,10,75,37,3,62,1
616,1,549,276,10,203,3
9184,1,69,9,0,40,0
9822,0,284,342,4,166,37
5150,3,314,71,29,259,10
8425,6,90,3,0,42,0
13988,1,47,2,1,9,0
12472,1,82,36,0,49,0
241,2,15,0,0,12,0
4911,2,163,78,4,505,3
4019,1,464,579,1,261,1
9670,8,341,0,0,194,2
13092,1,132,0,2,54,0
2940,3,5962,10993,321,7819,365
10281,1,416,431,8,269,0
13161,1,147,0,6,52,0
4640,1,3215,20,67,1626,134
9438,1,639,945,24,535,25
433,8,2699,89,18,343,0
6596,1,962,287,41,244,29
13021,1,633,7243,41,2865,103
3051,2,11,1,2,7,1
5027,3,429,23,14,252,30
36,1,137,0,0,92,0
12495,1,961,2,16,190,1
12679,1,14,0,40,978,27
13407,1,155,423,6,199,7
4883,1,1892,0,50,1206,43
10389,1,669,323,30,863,22
2259,5,11,0,0,6,0
602,1,8308,24019,180,9028,927
1012,1,1621,1197,27,580,1
6247,1,675,0,5,418,0
5137,5,1548,5,26,388,8
5047,1,345,23,1,143,1
1616,1,81,1,0,49,0
9417,1,33,0,1,28,0
6722,4,130,0,0,9,0
4020,0,128,159,1,74,2
701,5,16786,3,122,1854,29
5573,1,493,0,5,310,7
13291,1,215,0,8,40,5
9580,4,153,0,1,94,0
3842,1,26,0,0,20,0
4503,1,27,0,0,9,0
9380,0,96,3,0,42,0
2925,8,2042,0,263,2400,683
7784,1,1956,5,40,2711,0
8236,8,1324,1260,47,580,4
4065,1,830,122,3,105,2
12350,1,735,45,44,384,19
3328,6,5220,0,130,3012,42
1142,1,1596,6709,43,836,78
7706,1,773,1491,3,482,1
2140,7,1471,0,22,419,30
2798,1,1503,0,35,699,0
2177,1,169,0,15,157,3
1485,4,2948,0,29,1113,0
4219,1,2195,0,49,1452,21
1338,1,1262,191,8,741,0
12645,1,17,0,1,30,0
8483,1,4264,14031,40,2767,1
549,1,2426,3,141,349,159
9761,2,295,0,0,126,0
2033,7,20,0,0,13,1
1114,8,2211,4,9,331,0
5948,1,344,0,9,158,13
11950,1,572,0,39,471,30
11947,1,227,77,10,192,35
9130,1,57,0,0,6,0
4298,1,4097,264,32,583,1
7681,1,3786,3,77,1009,16
4790,1,39,4,0,37,0
2882,1,437,43,4,284,0
1959,5,201,135,1,113,1
10765,1,1175,1,11,215,0
5079,2,145,0,0,43,0
3135,1,2328,3253,57,754,129
11151,1,162,119,0,83,0
5744,1,87,77,2,203,3
9085,1,447,754,19,431,9
8418,1,538,0,4,301,0
7753,3,5020,0,32,1950,0
2694,1,293,0,6,208,0
3233,1,851,1130,15,351,23
6810,1,11,36,0,5,0
4086,1,3716,6446,127,2858,156
11893,0,478,1,7,119,8
2590,1,27,1,2,13,0
10176,1,132,0,1,69,0
1661,5,5333,0,234,2091,151
9333,3,1791,7,64,1081,3
11139,1,2040,0,23,1052,18
9350,6,127,0,0,97,0
5670,2,1142,0,29,781,20
2912,1,267,523,1,181,3
7418,1,691,17,11,324,21
11861,3,555,0,4,92,0
10221,8,903,0,33,128,8
14590,0,38,0,0,16,0
7161,1,915,2,13,250,0
7036,1,789,217,16,311,17
558,1,8250,0,141,808,2
7342,5,1353,681,47,1113,77
11332,1,34,0,0,23,0
10525,1,27,257,0,273,0
8787,1,253,440,1,205,14
24,3,192,138,2,203,0
7410,1,1054,0,58,1817,108
11263,10,491,0,10,225,0
2345,1,50,2,0,44,0
11964,3,3924,12990,357,9874,971
12891,1,815,0,87,585,8
6350,4,6216,26121,46,1179,0
4943,3,1609,1560,112,755,10
12753,1,3410,0,61,947,1
9449,2,127,29,0,66,0
1744,4,61,0,1,30,0
14297,1,470,0,4,152,0
3414,3,695,0,2,295,0
13441,1,117,1,10,29,31
14137,1,22,0,0,2,0
13364,1,187,11,11,90,2
7020,1,82,20,0,45,0
7562,3,549,77,12,139,2
2545,1,517,0,1,200,1
9352,3,326,2323,25,1917,8
514,1,71,0,0,5,0
12282,7,111,20,2,50,0
453,0,246,0,0,143,0
4712,1,1402,21,4,264,1
3049,2,60,94,1,50,1
5781,1,3678,0,104,1272,8
12538,1,1256,0,8,639,0
8595,1,183,189,13,191,45
14510,1,8,0,0,2,0
4107,1,507,0,0,63,0
12386,7,786,87,34,227,2
1295,1,176,7,1,137,0
3503,2,29,0,0,16,0
1772,2,1779,0,2,630,0
11283,1,1361,29,14,372,0
5713,5,3728,0,118,824,55
4745,1,7661,0,82,832,0
8051,0,7,28,0,13,0
2802,0,6,0,0,2,0
9384,2,56,138,2,80,5
7211,2,120,58,2,157,1
3300,10,39,0,0,29,0
5474,10,176,72,125,352,0
6413,1,191,113,0,125,0
7796,8,2641,14,39,1775,24
6237,8,1265,0,14,803,20
5372,1,3579,1075,23,775,20
13855,1,226,154,0,186,0
3989,1,1564,499,13,171,29
10145,1,375,125,1,237,2
10834,1,111,3,1,41,0
7127,1,46,0,7,23,0
668,5,246,0,5,185,0
4353,1,715,0,23,437,11
9886,1,182,161,0,164,2
3553,2,191,1,6,115,1
10736,1,117,2,1,31,0
439,1,315,14,0,239,0
3012,1,968,0,185,727,475
3830,1,26,0,0,18,0
13737,5,9,0,0,2,0
12261,1,1024,0,365,1078,0
3119,1,157,874,3,327,0
11337,5,1106,416,102,483,18
10195,1,126,19,0,91,0
2500,1,16,0,0,6,0
5679,3,12,0,0,9,0
9711,1,790,394,21,688,19
8718,5,1250,16,4,85,1
9982,10,974,0,34,401,0
11993,1,625,0,20,846,2
8158,1,114,26,2,31,0
3172,1,160,56,1,116,5
9779,1,854,453,21,490,22
12369,8,811,2,4,27,0
6335,8,986,29,6,161,0
1617,1,401,536,8,448,16
14508,1,303,6,3,135,0
4992,2,181,0,1,70,0
10611,1,19,46,1,39,0
12763,1,414,83,15,160,0
4563,3,2053,0,97,1002,92
5925,1,21,3,0,10,0
9474,2,543,258,5,399,0
13697,1,39,0,0,61,0
9196,1,547,3,51,356,0
9057,1,1498,0,685,1163,10
2100,3,214,0,19,151,5
730,4,45,1,0,16,0
8550,1,37,0,3,10,0
4622,1,60,0,2,294,2
9139,1,121,0,19,69,0
4077,1,93,28,2,93,3
5249,2,29,12,0,27,0
9920,1,392,0,187,313,41
10789,3,79,0,1,52,0
4005,2,42,0,0,20,0
10140,9,532,109,0,56,0
621,1,2420,3035,12,472,10
216,1,315,195,20,267,4
11318,1,132,254,0,176,0
6880,3,42,12,0,147,0
6145,4,131,1,0,63,0
4576,4,23,0,0,19,0
8689,1,143,55,6,124,2
6922,0,586,0,38,252,2
4844,8,74,0,2,41,0
4038,1,651,1,0,144,1
8633,1,238,0,3,281,0
3625,8,799,799,0,624,0
8252,3,118,2,5,73,6
5712,1,1362,0,37,372,0
12864,1,1704,29,126,684,11
256,1,48,27,0,46,0
1854,1,142,295,6,278,4
13898,2,522,18,4,281,1
6069,1,3079,3721,46,1480,26
11208,4,414,0,2,131,1
850,2,251,75,1,175,0
3995,1,144,0,1,204,1
11065,1,875,4815,66,1115,269
684,1,623,1,10,257,0
2862,1,1004,0,5,413,3
6175,5,11099,23968,216,6567,174
7533,10,82,52,0,97,0
9794,1,10,24,0,70,0
5352,1,558,0,12,387,7
3046,1,273,77,3,123,1
12277,2,218,10,61,354,24
11345,4,590,49,179,446,240
11979,6,94,0,7,294,24
7527,8,33,25,0,16,1
12880,5,3893,0,114,2017,54
1757,1,367,0,6,282,134
11574,5,3716,7,130,1114,12
10871,1,89,458,1,89,0
12383,5,2372,14628,360,2789,700
5375,6,9,0,0,2,0
177,1,288,107,3,33,0
12225,1,1175,2355,91,780,18
7700,5,337,0,15,180,2
5857,6,829,236,33,348,0
8561,1,114,0,0,154,0
839,1,204,377,1,124,0
12364,1,634,1082,16,486,6
12333,5,251,0,0,23,0
7368,3,153,49,0,93,0
898,3,38,17,0,28,0
645,1,699,106,14,249,2
101,1,676,1616,14,1478,59
13853,1,22,63,0,16,0
6471,3,16889,1109,364,5457,9
3069,1,582,18,1,362,0
6636,1,374,7,4,91,0
10916,1,1723,0,166,1032,2
3964,1,239,115,1,111,3
9663,1,207,92,25,651,41
1551,1,1071,0,19,312,2
13269,1,832,35,20,268,23
6047,1,35,0,0,21,0
11417,3,1043,0,54,461,1
9807,1,107,170,2,80,3
2675,1,2479,1993,85,1172,2
10634,2,3908,104,266,1078,95
31,1,748,0,22,492,4
6954,5,474,1,4,83,0
13772,1,687,0,4,57,0
9421,5,51,18,3,19,3
14761,1,358,0,2,105,1
9514,1,404,0,17,391,9
6365,2,20,0,0,12,0
9311,5,250,8,2,123,2
7055,1,497,1602,8,125,3
7809,1,156,0,0,123,0
3653,1,5101,4732,47,1901,3
9950,5,2461,0,58,838,0
1276,1,115,0,4,74,0
3998,1,221,5,0,141,1
11732,2,3443,3,40,1522,3
5271,1,436,427,2,318,0
1026,1,110,0,1,32,0
14036,1,175,0,0,26,0
8362,1,1640,0,107,384,0
5311,1,181,263,8,161,4
13100,1,1045,57,16,272,1
10658,3,172,0,1,5,0
5531,1,103,20,7,71,6
10841,1,114,0,1,66,0
1348,1,19,176,0,48,2
1109,1,545,490,1,219,2
159,1,2472,57,145,1725,276
581,1,31,0,0,98,0
4770,1,1163,0,29,399,22
5269,1,557,695,13,428,8
743,3,1541,12,17,417,1
5880,2,59,1,0,31,0
4432,1,1778,1594,60,726,29
11150,1,49,18,2,167,3
3016,1,73,394,2,147,47
11014,10,509,0,1,77,0
634,1,2668,9,28,291,1
1308,3,569,2,12,339,0
12915,1,3038,1724,179,1939,19
7419,10,570,7,7,169,3
5266,1,674,1427,134,493,13
557,1,1363,0,53,719,76
9347,10,388,1502,7,275,2
2114,1,1083,80,12,82,0
2420,1,368,205,13,84,5
76,1,794,337,8,672,10
1199,1,425,0,44,695,8
11074,7,171,0,2,65,0
734,1,1782,19,4,122,1
9046,5,487,0,0,5,0
2115,1,1862,96,2,74,1
14079,1,10,3,0,3,0
5100,8,766,0,13,227,1
6818,1,166,0,12,31,2
6163,1,385,6,6,136,0
626,1,809,9,3,54,0
9015,1,155,93,1,105,1
11392,0,5,0,0,3,0
2551,3,252,0,5,157,6
6466,1,37,1,0,31,1
6132,1,13,15,0,12,0
375,1,479,1054,16,217,2
5968,1,35,403,2,276,0
10102,10,910,221,53,878,24
8004,1,1920,0,82,1038,131
1169,1,7836,3480,218,1768,326
823,1,2354,0,78,1135,42
10361,3,152,107,0,116,1
10882,5,1083,0,23,302,3
9259,1,4515,0,36,412,33
3258,0,673,327,5,331,2
9927,3,677,0,4,209,2
12253,5,2125,5,76,430,7
14211,1,96,0,1,0,0
13122,1,818,3,43,314,24
1166,1,96,35,2,49,1
4689,1,218,0,3,221,6
2245,1,892,137,1,289,1
8917,1,30,6,1,63,4
9910,1,482,0,5,262,1
1568,3,671,0,17,589,1
11296,1,759,27,1,203,2
7756,1,251,79,1,88,1
6142,1,62,0,0,54,2
11877,1,649,0,17,331,2
10050,4,141,100,0,149,1
12330,3,647,0,54,939,48
14492,1,59,43,0,65,0
3274,1,33,5,0,33,0
7370,1,919,309,21,1285,28
2767,1,961,2,26,229,5
2045,8,40,130,0,78,0
617,1,5569,8380,29,640,4
12248,1,554,0,22,157,0
12200,1,390,0,15,192,15
12247,5,200,0,32,77,24
7727,0,6,0,0,3,0
11998,1,331,0,5,168,1
11817,1,1475,0,23,364,7
555,1,1479,574,31,524,12
9370,1,538,473,33,335,12
9169,5,2105,549,30,671,0
10817,8,949,0,22,360,4
2277,8,2217,0,18,415,22
3846,0,1374,1037,67,699,10
331,1,606,139,1,152,1
4424,3,6083,2306,35,816,4
9672,4,13,0,0,19,0
7699,2,1361,184,20,590,4
5657,5,2181,0,70,510,15
2518,1,4034,0,115,1750,66
3380,1,1733,4,10,802,0
12827,1,301,60,61,215,1
4727,1,1970,0,86,1548,146
5418,1,696,1710,45,774,11
7710,2,709,0,25,381,3
5803,1,5565,1036,89,899,76
2174,2,51,72,0,34,0
8001,3,376,0,2,142,0
5913,2,21,1,0,21,0
4527,4,6015,1524,62,3010,36
12551,1,612,92,39,127,4
12399,6,4722,8999,272,4568,326
10423,1,889,484,69,408,45
11016,2,204,192,2,222,3
332,1,524,960,3,375,1
1283,1,45,87,0,47,0
8674,1,308,350,0,136,0
5255,5,1721,0,51,1663,26
4534,3,467,6,16,227,7
10546,1,345,0,0,39,0
10720,1,190,22,1,92,0
9423,5,48,77,0,42,0
14345,1,34,0,0,14,0
6606,1,26,1,0,30,0
6648,1,258,0,0,113,0
6875,1,372,33,2,233,1
10806,1,581,275,34,651,31
4629,4,2793,1179,38,1221,12
4322,8,100,0,0,21,0
7192,1,853,599,3,208,5
5592,2,241,0,1,109,0
7791,6,44,0,0,35,0
4001,1,404,43,12,282,0
5430,1,619,9,4,706,6
8551,2,491,940,13,302,12
4361,6,341,1,0,79,0
7937,1,9876,37,176,539,79
630,1,1203,105,11,305,5
9269,3,50,12,2,46,0
4244,7,2099,41,39,674,7
10921,1,1021,0,42,1247,30
1681,1,323,1,1,40,0
13406,1,796,0,3,421,3
12918,1,305,0,7,87,1
12062,7,183,0,10,71,14
4786,1,1209,1,22,574,0
9715,3,6,9,0,24,0
4060,3,1355,86,318,996,62
10131,5,7893,0,280,1534,18
10719,3,2116,950,31,617,17
10214,1,2719,0,59,574,0
14684,1,1832,6,28,287,1
9149,10,187,15,0,11,0
2506,1,1328,625,1,612,0
6135,3,926,4,13,248,13
2353,1,139,8,1,32,0
11160,1,169,409,0,269,5
2592,1,110,0,2,72,0
10526,1,387,0,8,352,2
2013,5,2509,0,56,1339,26
6207,1,194,220,3,124,2
6914,3,81,0,0,19,0
10964,10,5855,3,38,1322,0
1705,1,215,11,1,150,0
708,1,20213,573,345,5069,131
13087,1,938,4,18,251,12
2022,1,538,2,23,138,4
1158,1,6300,11092,139,1667,111
8460,4,129,0,0,72,0
703,5,7128,173,2348,11633,855
2489,0,599,0,21,423,24
2946,8,1399,0,1,319,0
7448,2,11,0,0,7,0
714,1,19524,37401,307,6550,167
603,1,3787,940,36,1543,26
13710,1,110,0,0,38,0
5805,5,1442,610,24,675,7
2977,1,186,0,5,137,6
7009,1,1390,384,40,1539,5
706,1,14915,1203,169,5744,181
7078,7,739,7,11,181,5
9874,1,3485,0,735,1294,14
11949,1,2874,9,52,440,82
1079,3,2410,0,40,1120,5
1976,1,52,47,1,49,2
4453,1,295,0,0,206,0
9682,0,637,793,15,332,27
12017,10,2180,0,950,1397,27
12974,1,761,2,41,223,18
8507,0,675,1,63,311,5
262,6,286,268,20,149,21
705,5,4337,5743,262,3162,739
1556,1,826,0,36,567,14
6060,8,718,0,13,125,0
6514,0,66,2,0,20,0
12922,5,789,15,53,420,22
7409,1,1668,0,150,999,116
13334,1,240,0,3,20,2
7395,1,1365,13994,85,4889,332
8825,1,61,0,0,45,0
5989,1,16,0,0,13,0
2611,5,3327,0,47,1194,16
11777,5,1727,29,67,240,0
6930,1,1137,0,18,361,0
13072,1,831,377,82,625,416
7223,1,60,10,0,9,0
1421,5,9750,4429,786,2872,900
8889,1,1568,2312,51,771,67
2183,1,1994,568,36,1112,93
3623,3,6211,11373,151,5260,270
4409,1,268,365,0,139,2
2834,1,154,53,0,75,0
2407,1,2365,4,60,665,19
979,6,368,410,7,474,1
9738,3,158,6,0,116,0
6165,5,421,0,1,195,0
1167,1,359,337,9,181,30
8829,4,9,0,0,4,0
1710,1,684,225,11,263,13
2028,5,1015,0,6,57,1
992,1,254,0,2,56,0
4845,1,3784,0,12,331,0
9996,1,251,0,1,202,0
9895,1,105,46,5,121,0
13471,1,359,0,4,31,0
6607,3,4013,0,106,3099,9
3694,1,1008,3780,14,1162,8
12347,1,240,98,4,174,0
5065,1,136,13,0,41,0
8391,0,368,0,2,52,1
8057,1,201,74,1,135,1
2360,1,3060,0,182,4982,404
8373,2,8,0,0,5,0
4701,3,2722,2159,218,1408,199
721,8,626,0,9,254,0
14033,0,173,0,0,19,0
578,3,18,5,0,19,0
5118,1,147,314,3,137,2
3760,3,895,114,101,431,159
11338,1,301,0,5,117,2
5909,1,1334,0,29,740,148
5108,1,231,0,1,168,0
2322,1,467,318,7,238,0
3860,6,565,67,14,570,14
9914,1,797,111,10,736,58
5967,3,242,0,0,121,0
10885,1,414,0,17,289,520
13807,1,87,62,0,52,3
2954,1,530,554,7,318,1
103,1,397,0,0,77,2
5554,1,86,20,1,41,0
711,1,4748,10289,65,1842,164
13704,1,25,28,1,15,1
12659,5,610,87,3,336,0
1484,3,4392,0,192,1261,16
10987,1,128,0,1,87,0
1447,1,28,11,1,51,0
8309,8,2275,1376,31,508,7
9746,1,1850,21740,42,1879,28
6373,1,63,0,0,22,0
5239,1,1851,546,21,1040,8
7779,3,597,23,17,472,4
2095,1,315,0,0,246,0
11530,2,643,0,27,1336,54
10646,6,213,0,5,225,27
707,1,8662,0,135,2341,0
9777,3,2096,140,138,1558,5
3094,0,322,0,1,83,0
5844,2,1258,0,3,603,0
1212,2,142,418,7,389,4
3175,1,94,67,2,93,5
12121,1,779,1,1,111,2
11513,1,441,0,10,151,9
4147,1,1232,1,45,370,0
12854,1,333,0,3,31,0
10344,1,498,32,9,39,5
12853,1,1387,9,29,150,1
12077,1,690,0,11,423,1
12771,1,276,0,7,47,0
13113,1,544,11,45,151,2
14645,1,234,174,1,50,0
12757,1,2299,10,40,350,2
1667,1,169,0,1,43,1
7866,1,1387,1767,27,522,10
13500,1,74,8,1,73,0
12229,1,93,58,0,131,4
5804,8,1781,2,35,391,26
716,1,3061,0,5,46,0
97,1,1239,71,31,201,42
4475,3,3342,382,345,1393,429
4240,1,182,13,2,81,1
8661,1,223,1270,2,179,4
13079,0,1111,742,4,419,14
2019,1,2098,0,56,75,2
11780,5,8136,0,407,611,11
13501,1,6,0,0,4,0
605,1,5272,0,31,1255,0
1857,3,37,18,0,29,0
206,0,340,3,0,47,1
8662,1,1114,0,25,815,12
9842,6,2268,0,11,570,0
300,4,6334,1,29,1478,0
13579,4,42,0,0,9,0
3622,1,358,346,6,299,12
2847,1,362,0,16,265,44
5768,1,181,0,10,253,12
638,1,3084,0,24,1109,101
6605,3,153,0,8,91,0
13002,0,370,421,20,211,8
10860,1,991,114,9,419,2
454,2,663,0,6,236,0
13777,1,602,22,11,16,0
2780,2,1152,0,24,641,30
8095,2,997,180,36,589,6
633,1,1033,368,17,235,17
4255,1,689,24,1,160,0
7841,5,155,0,9,897,7
9770,3,1859,9,30,458,2
12889,1,581,0,17,91,26
10018,1,782,0,69,219,0
3577,1,119,13,1,33,0
628,1,659,1,8,227,4
4868,1,1396,0,41,883,21
2049,8,3323,0,60,705,7
3459,1,1720,2,36,677,6
5278,3,1473,1338,45,4524,43
4839,3,3978,0,39,1180,1
4589,1,2306,390,146,830,239
4332,1,54,9,0,62,0
13210,1,852,6205,18,873,42
4960,1,2399,0,67,1801,17
378,1,166,16,0,101,0
6363,1,1569,203,14,359,1
13933,7,96,4,0,51,0
2843,1,1934,3416,30,1504,17
376,1,6050,5171,132,1288,100
9087,1,599,0,7,286,1
9692,1,47,104,0,90,0
2820,1,1600,15,39,783,65
5096,1,130,0,1,40,0
5276,3,7375,0,356,1241,36
525,1,16885,2157,811,5129,981
5699,3,19,29,0,9,0
7639,1,612,2556,15,542,27
10231,3,1658,9543,364,3817,527
6083,1,1695,1925,25,311,28
13828,0,738,0,2,20,0
6960,1,63,0,0,465,4
14706,0,667,6,1,2,2
14697,0,666,0,0,1,0
14454,0,668,0,0,2,0
14669,0,674,0,2,8,0
14493,0,666,0,0,1,0
14416,0,668,0,0,2,0
14499,0,666,0,0,1,0
12842,0,753,4,3,63,1
13648,0,679,0,0,5,0
13721,0,687,0,2,13,0
13800,0,669,0,0,3,0
13673,0,675,0,0,4,0
14747,0,666,0,0,2,0
13882,0,673,0,0,5,0
14579,0,668,0,0,7,0
13901,0,667,0,0,2,0
13741,0,669,0,0,2,0
13714,0,679,1,0,12,1
13445,0,666,3,0,1,0
14686,0,666,3,0,1,0
14006,0,686,2,0,13,0
14414,0,666,0,0,1,0
13907,0,666,0,0,1,0
14326,0,589,0,0,1,0
13806,0,612,0,0,1,0
13843,0,666,1,0,3,0
13417,0,668,0,0,2,0
13531,0,666,0,0,1,0
13754,0,1380,3,0,3,0
13474,0,625,0,0,5,0
13847,0,631,0,0,2,0
13950,0,413,0,0,1,0
14733,0,414,0,0,1,0
13551,0,416,0,0,3,0
13635,0,410,0,0,5,0
13451,0,426,1,0,9,0
13889,0,412,0,0,7,0
14462,0,661,0,0,4,0
13849,0,401,0,0,2,0
13745,0,938,6,2,22,1
13692,0,406,0,0,5,0
14673,0,652,0,0,1,1
14119,0,399,0,0,1,0
12564,8,1559,558,0,80,0
14365,0,395,5,0,2,0
14181,0,402,0,0,5,0
13707,0,473,0,0,4,0
14769,0,657,0,0,1,0
13760,0,400,4,1,7,0
13187,0,731,0,6,137,1
14436,0,379,0,0,1,0
14705,0,381,0,0,1,0
14631,0,381,0,0,2,0
14152,0,379,0,0,1,0
13858,0,381,0,0,2,0
14204,0,377,0,0,1,0
14731,0,378,0,1,1,0
13953,0,378,0,0,1,0
14680,1,21,2,0,12,0
505,1,4737,0,210,841,33
6717,4,2171,1,45,433,0
6305,4,1524,0,79,1087,65
12598,10,659,41,6,82,0
11288,1,505,99,8,351,7
695,1,5556,19,73,1253,3
7797,1,459,4267,4,739,3
8421,1,62,0,1,12,0
3938,9,56,0,1,13,1
1292,1,1188,1120,48,488,74
7312,7,1898,0,43,631,1
5821,5,2010,204,48,2633,0
14711,0,425,20,11,222,1
9753,1,408,249,1,160,0
11472,0,236,518,20,114,3
1126,2,48,12,1,18,1
5290,1,289,0,0,157,0
3775,3,433,215,0,231,1
9811,1,3978,1056,125,985,3
12027,6,1018,360,53,726,15
794,7,599,0,5,67,8
4459,1,5376,60,47,1958,23
10303,8,2883,0,39,580,1
7770,1,604,844,36,394,66
9260,1,910,7,28,129,10
4054,5,4930,13604,286,5,984
199,3,14,0,1,13,0
8477,1,120,565,9,438,6
4025,1,63,34,0,34,0
14268,1,524,0,15,148,17
13153,0,270,0,20,266,33
14049,4,2666,0,6,22,0
12376,4,1260,0,1,30,1
13506,1,1421,0,3,28,0
13385,4,878,3,1,20,1
14580,4,482,0,0,3,0
13678,4,511,0,0,10,0
13844,4,482,0,0,1,0
14797,4,541,0,0,3,0
13382,4,482,0,1,4,0
4722,1,104,0,6,137,12
14174,4,482,1,0,3,0
13470,4,806,0,0,18,0
14339,4,482,0,0,1,0
14683,4,483,0,0,2,0
13938,4,482,0,0,1,0
11992,4,1096,0,3,10,0
13834,4,482,0,0,1,0
13491,4,492,0,0,17,0
13383,4,484,1,1,4,0
13584,4,483,0,0,19,0
14494,4,486,0,0,3,0
14236,4,485,0,0,5,0
13666,4,482,0,0,1,0
13379,4,482,1,2,1,0
13276,4,758,66,9,143,10
13656,4,482,0,0,2,0
13503,4,482,0,0,2,0
14047,4,482,0,0,1,0
14024,4,482,0,0,1,0
14370,4,483,0,0,1,0
13543,4,488,0,0,3,0
13479,4,482,0,0,1,0
14030,4,482,5,0,7,0
13787,4,511,43,1,22,1
14524,4,1260,5,1,37,1
13400,4,705,97,4,37,17
14655,1,1364,4,0,15,0
13861,4,494,0,0,4,0
14170,4,482,0,0,2,0
14717,4,481,1,0,1,0
14724,4,482,0,0,4,0
13833,4,482,0,0,1,0
13655,4,482,5,0,19,6
14603,4,486,5,0,3,0
5690,5,131,91,1,96,1
13808,4,483,0,0,2,0
13723,4,482,0,0,1,0
13546,1,693,8,2,149,0
8034,3,1863,482,27,832,1
11268,1,239,0,2,146,0
615,1,4216,2122,29,508,1
7740,1,52,15,3,30,2
13239,1,384,1841,16,280,27
14294,8,241,3,1,104,0
1483,1,2394,0,43,1336,69
9066,1,1734,0,32,347,16
3858,1,171,0,0,83,0
10340,3,462,1,10,240,0
8411,3,21,85,0,24,0
2008,1,7511,6420,357,244,17
9863,0,35,1,0,19,0
11258,1,59,12,0,18,0
3992,5,6582,3951,45,275,69
2505,6,194,6,1,139,0
4634,1,1447,3267,21,861,67
6966,2,974,0,22,398,1
2017,5,449,78,8,491,7
2016,3,2013,2012,141,510,48
5363,2,2336,2,58,1500,0
11097,1,14,0,0,6,0
6460,1,108,0,0,103,0
6036,1,832,1527,21,948,7
3308,4,8899,12934,592,7308,886
11543,1,109,192,5,87,8
8281,4,126,0,4,67,1
13367,1,957,0,15,238,7
5859,8,2975,2265,175,1075,161
11695,1,2654,3,59,1474,1
4467,1,73,57,0,60,0
10770,1,561,224,1,351,2
588,1,110,3,2,76,0
2026,8,3325,162,25,326,12
6372,5,419,0,18,216,1
5200,1,13,202,1,64,8
2569,5,6092,630,63,1975,2
3699,1,555,473,11,383,1
5885,4,122,0,0,61,0
2464,3,3135,0,182,921,113
8334,3,806,0,5,79,0
1700,4,538,612,2,1465,0
2755,5,774,95,12,435,22
607,1,6801,429,59,6618,75
2025,1,4895,1723,312,1786,619
5953,3,830,10,13,292,0
699,1,11442,1018,161,3649,195
3889,1,340,0,0,296,1
2018,1,1378,9742,14,688,11
8400,1,687,729,18,328,9
1345,3,219,0,1,132,0
1027,8,7130,50,88,576,5
9122,2,894,1405,14,670,17
14698,2,65,19,0,69,0
11799,1,743,0,33,866,32
600,1,1760,0,15,150,0
5735,0,51,6,0,386,0
13813,9,73,0,0,17,0
6073,1,2229,31,19,406,15
643,1,3963,0,48,1692,5
4204,5,515,0,54,282,14
14497,1,835,3,21,119,3
5412,3,450,180,14,365,17
10781,10,1941,325,14,555,1
1669,3,60,0,0,45,0
9966,3,1141,0,33,241,6
700,8,10156,0,155,6202,0
9601,1,7856,0,182,2577,128
5025,3,174,3,2,108,0
10970,5,1566,601,9,722,1
5499,1,5591,0,320,1016,487
6332,8,1154,0,13,109,12
2229,5,553,0,84,8,2
6294,6,122,788,2,622,2
10692,1,1358,0,28,218,0
14085,1,54,0,0,21,2
3668,1,2355,482,144,313,237
12851,1,1082,1,22,164,0
6484,1,799,1311,7,511,4
14608,1,24,20,0,31,1
14419,1,16,4,0,10,0
4410,1,250,11,4,132,0
3576,1,212,0,0,47,0
4643,3,1036,0,11,588,1
4912,2,41,1,0,28,0
1825,3,1159,2381,20,655,0
6021,1,720,0,51,117,12
5929,2,1412,428,5,708,4
1466,1,2032,12,57,728,30
2218,3,1032,1062,18,357,5
5516,5,1056,9,3,151,3
10380,1,503,1,14,121,7
1414,3,33,7,0,14,0
13288,1,453,38,3,105,2
6653,1,1344,0,8,226,0
6858,0,26,0,0,22,0
4907,1,213,8,2,167,0
3021,1,2207,0,81,934,3
3145,8,1232,310,30,403,19
14328,1,249,0,1,97,0
8800,1,3773,0,113,1933,8
2572,1,145,438,0,1989,25
1672,1,864,445,26,612,3
11381,10,1078,2,28,349,0
9439,3,258,11,2,174,0
9604,1,15,0,0,22,0
3237,1,139,161,3,248,0
4810,3,3722,14213,146,4090,200
9717,1,165,0,3,72,0
10697,6,212,50,1,201,0
14600,1,569,1575,9,347,4
13347,1,127,0,3,17,0
6454,4,2021,3707,34,1033,4
11244,2,1970,1442,43,2463,0
3098,1,2203,7,478,581,7
9957,1,179,85,12,104,0
1240,1,132,0,4,107,2
401,1,3195,0,140,1494,1
8897,1,233,84,17,213,6
3333,1,337,325,4,188,1
8473,1,411,86,22,284,24
785,5,513,3,1,200,0
1893,5,5866,0,109,627,75
7520,1,989,70,2,320,1
758,1,53,33,0,30,0
14319,3,759,81,27,653,1
5706,1,753,2785,11,909,8
5342,2,109,0,1,90,0
11961,1,910,31,26,247,0
10995,1,201,0,0,38,0
3205,5,940,106,123,755,123
3679,1,1653,0,91,524,73
7717,4,164,120,10,112,4
4961,1,2172,79,59,439,1
14486,5,223,651,9,338,12
12635,1,612,0,17,329,2
10200,1,51,0,0,25,0
4199,1,34241,7909,634,6698,955
14134,0,40,20,0,46,0
9606,1,2585,15705,28,1088,9
5532,1,283,206,5,73,0
1221,3,130,0,0,14,0
6236,3,25,56,2,40,2
3222,1,3452,563,88,1243,26
11734,2,15,0,0,12,0
3669,1,199,13,2,116,0
14101,2,30,59,0,53,0
12075,1,158,290,7,117,10
8244,1,225,0,0,77,0
7933,0,28,0,1,24,1
7703,1,270,578,0,166,0
8112,3,170,24,3,189,2
14682,1,96,52,0,89,0
9623,1,891,252,3,135,2
14418,1,211,176,7,82,0
6147,4,556,0,1,170,0
1572,1,36,112,0,155,1
6495,1,4037,4524,59,723,89
1301,1,469,0,21,542,3
5361,1,190,1,1,94,1
14725,1,102,0,1,26,0
5077,1,1109,0,23,382,9
1638,1,1234,9,14,230,2
7586,1,536,1,17,125,10
9234,5,267,201,5,309,8
10437,1,1180,0,32,569,37
13951,1,27,1,2,16,2
8775,1,132,38,1,111,0
993,5,1413,1301,79,511,13
8515,5,153,39,2,352,3
5356,3,17,0,0,8,0
755,1,66,252,0,77,1
9524,3,891,0,4,375,4
8105,1,140,176,1,92,1
8996,7,171,788,4,104,0
3713,10,519,0,5,376,0
8721,1,7218,39,47,1166,0
7126,3,662,55,21,289,3
5694,1,28,6,0,22,0
13234,1,242,0,12,99,0
11527,1,15,11,0,13,0
6343,1,768,3665,2,402,0
11629,5,4681,34,70,533,5
12482,1,966,446,19,450,11
14525,1,372,1,1,92,0
5556,1,93,5,8,82,3
9326,8,3583,481,129,1231,69
6749,1,59,134,3,96,1
7113,8,602,1745,4,466,3
6198,1,597,400,12,504,3
10192,1,107,27,0,78,0
7967,1,168,0,0,50,0
8636,9,66,11,0,20,0
3848,1,997,3,6,388,0
5336,1,155,0,2,96,0
1920,1,373,268,5,230,0
10913,5,1860,358,15,540,0
8891,1,3568,0,83,1443,16
4986,3,79,1,1,30,0
9452,1,1038,0,21,1338,15
518,4,2601,0,38,871,19
3952,6,2178,1009,62,2052,80
845,1,328,6,0,206,0
685,8,3813,0,45,318,7
11122,1,1323,0,32,544,1
14021,1,443,0,7,59,2
14442,2,14,0,0,13,0
6351,3,4324,12,64,228,0
13591,1,611,15,1,168,2
7742,4,425,228,10,178,5
12746,1,39,0,67,14,561
3349,4,560,1,4,227,1
6395,1,2023,244,64,593,19
12195,5,475,755,33,334,11
9327,1,1020,132,84,295,37
12082,1,1050,0,37,224,0
6927,1,461,0,3,261,6
10573,1,22,0,0,9,0
6438,3,478,0,15,1664,24
6369,8,66,0,1,51,0
14803,0,165,0,1,109,8
11953,1,331,0,11,70,1
6879,10,239,1,42,182,2
1208,3,1012,0,11,266,0
5488,1,43,6,0,23,0
4742,1,890,0,69,284,130
9553,1,2413,5268,81,2332,38
5390,1,199,184,5,181,0
925,1,134,27,0,86,0
8179,2,35,41,2,61,3
9522,3,273,1,5,164,0
896,1,455,0,5,220,1
11215,1,258,320,6,105,1
4546,4,1349,117,28,268,12
4715,7,1157,130,37,521,26
3556,1,865,413,3,348,15
3415,7,864,285,19,341,23
14105,9,266,0,0,12,0
322,3,516,8,5,314,0
4155,1,107,0,0,121,22
7815,1,1171,733,36,318,47
1960,1,500,409,16,444,18
9035,1,3996,6196,335,1723,267
7692,2,86,0,0,52,0
4601,1,456,0,17,318,36
9392,1,31,0,0,24,0
1096,4,177,0,3,112,3
10706,5,1814,5294,379,1540,344
6889,0,39,28,1,55,1
3252,1,822,678,8,549,6
13280,1,179,116,6,128,4
9691,3,258,0,1,99,0
13231,8,687,6,23,425,43
6453,1,244,396,15,434,33
3314,4,3627,3263,254,2032,67
3391,1,367,0,15,602,2
85,1,1712,2495,37,1211,39
13261,1,439,1805,29,578,7
2926,8,3739,4,342,2005,167
105,1,1330,1543,23,877,22
320,1,230,392,1,161,0
2952,5,432,39,19,218,1
9295,1,417,0,27,1295,25
11269,1,922,1,3,472,0
10452,1,39,0,0,18,0
7230,1,71,25,2,35,2
6371,3,904,22,20,296,8
14171,1,229,395,7,125,10
8256,1,523,880,8,696,9
1011,3,235,37,4,162,14
2187,1,26,0,1,89,1
2066,1,381,23,3,272,1
3266,0,6,0,0,2,0
1883,3,1409,6,66,1636,36
4653,1,887,0,24,796,3
5044,2,46,0,0,18,0
1073,3,546,6967,66,2450,95
6129,4,2268,0,56,461,0
8478,1,166,214,3,121,0
3476,1,1161,10,71,448,8
9924,3,29,0,1,26,0
55,0,22,26,0,36,0
1877,3,1091,110,231,1367,247
3208,1,638,322,27,494,15
3302,0,1491,883,34,835,38
1089,1,383,180,0,164,0
9081,5,1746,0,31,472,12
5731,3,53,99,0,41,0
11153,0,84,35,3,81,2
3512,1,229,65,0,186,0
11446,2,430,0,1,108,0
4708,3,1368,0,23,769,29
7588,1,3173,5,19,993,1
530,1,7,213,1,139,1
6379,1,245,0,2,99,0
3030,1,170,633,1,94,0
8395,2,14,0,0,1,0
1312,3,1764,1,28,484,1
2269,5,4299,31,217,2329,25
6286,5,798,40,15,362,0
11061,1,307,160,35,1689,144
8260,5,451,1481,8,134,0
11686,1,2397,2754,39,803,8
12794,5,2627,57,143,436,190
13201,1,1046,0,23,291,0
14091,1,18,0,0,18,0
8801,1,570,41,2,224,2
9154,5,1793,30,54,327,51
9989,1,691,1940,23,690,6
10748,3,623,2,16,344,0
9945,1,92,2,0,19,0
10784,1,1742,1228,190,1328,121
14485,1,350,160,4,90,2
9483,1,1480,0,65,1028,4
12358,8,1967,16572,171,3188,253
897,1,719,0,10,467,2
4859,1,877,3976,15,747,2
9875,5,850,5,30,462,1
8121,1,101,6,1,65,0
2991,1,858,112,0,181,1
10800,1,178,0,0,124,0
683,1,987,506,96,1055,22
12526,1,232,4,6,92,0
9299,4,1389,741,59,628,33
1172,1,253,2,0,86,0
8637,1,17,0,1,7,0
909,1,772,0,17,428,5
12403,1,272,360,8,334,6
4352,4,33,0,0,21,1
11868,1,1700,344,46,869,9
11342,1,1554,0,19,423,2
7941,3,273,0,1,107,0
14104,1,6,0,0,2,0
409,3,2227,0,19,841,19
2648,3,361,5,0,169,0
11921,7,415,1,5,290,0
12265,1,2336,7516,113,1318,357
9273,1,831,553,17,416,9
281,1,2092,0,149,2209,11
2656,1,121,0,1,72,2
4236,1,1137,0,30,497,22
8171,1,244,0,15,364,37
7906,1,24,0,0,4,0
12643,1,88,0,6,49,0
12206,2,118,0,0,74,0
9073,1,293,0,5,193,3
8441,1,465,82,2,184,3
2004,1,797,0,38,511,45
5692,10,2619,59,38,400,6
11396,1,992,0,27,306,2
2305,1,45,39,0,18,0
1262,4,520,97,10,981,12
3832,2,57,5,0,13,0
14233,1,36,46,0,15,0
11581,1,294,0,1,41,0
2598,1,47,29,0,22,0
10461,5,4779,217,709,673,46
10579,1,2823,0,29,892,17
11931,2,775,0,14,459,10
8408,3,8,0,0,8,0
13141,2,359,136,18,249,17
11235,0,57,0,0,28,0
4592,1,480,1,19,91,0
13139,0,98,388,2,156,19
5535,1,982,0,21,762,115
3536,1,401,10,1,210,1
3440,1,11,0,0,33,0
10193,1,650,0,15,266,2
13738,1,113,74,0,90,0
7473,1,53,9,2,44,1
10485,2,9595,0,1230,8383,910
12597,10,2095,224,49,442,36
7151,1,39,0,0,48,0
4611,1,64,1,1,47,0
1352,3,738,0,11,544,2
4317,1,584,818,13,290,26
7908,1,14,0,0,5,0
725,1,835,0,31,519,59
7100,4,389,20,8,472,1
8241,1,1986,1065,3231,1618,74
11644,3,119,1,0,70,0
11980,1,326,16,0,87,2
10213,2,936,0,8,512,4
11471,0,224,21,17,141,0
14142,1,125,28,0,39,1
10057,10,1385,4,37,823,3
9393,3,76,13,0,67,0
10071,2,272,0,5,132,0
9818,1,741,20,32,202,11
7506,1,236,142,4,180,0
7819,4,495,4,3,242,0
12520,1,2545,0,51,498,0
7085,1,1821,224,13,535,5
5839,2,1042,11,30,568,10
2904,1,21,2,1,25,2
2414,1,2457,32,134,660,4
2457,8,82,10,0,35,0
9095,3,3885,0,50,2321,63
4483,3,4171,0,212,11928,493
12148,3,112,518,9,165,19
4404,5,106,0,0,1,0
9422,5,93,12,0,10,0
12761,1,651,0,21,164,2
175,1,526,109,4,183,0
4637,1,12,13,0,16,0
9161,2,222,0,0,104,0
13191,1,554,0,16,1098,13
1218,3,1034,3,12,929,0
8908,4,160,1,4,84,0
3928,1,32,3,0,31,0
120,1,2390,0,73,404,8
4209,5,1196,15,26,193,0
3062,2,40,7,0,32,0
1496,2,18,9,0,30,0
6691,3,113,65,1,11,0
6171,1,272,9,0,22,0
713,1,7635,306,59,2133,29
8336,1,575,15,18,561,18
6330,1,44,0,0,23,0
860,1,32,0,0,1,0
14308,1,66,31,0,40,0
12608,3,68,0,0,26,0
10961,1,186,0,1,118,0
12890,1,229,0,25,158,18
3044,3,1945,0,16,769,0
568,1,1145,103,13,278,2
2809,1,188,0,287,74,1
113,3,138,1091,1,332,0
12353,1,589,0,89,361,0
1267,2,91,0,5,210,8
1925,1,870,0,5,424,0
3981,1,23,52,0,20,0
3954,1,924,84,145,924,180
6704,2,1264,972,33,462,3
5174,6,15,24,0,18,0
7217,3,57,1,0,29,0
3002,1,2024,1424,87,940,65
14630,0,78,0,0,49,0
7768,1,233,2,5,31,0
11802,1,481,0,8,100,1
10255,6,38,0,0,38,0
517,1,1348,1,0,206,0
3091,3,302,0,0,94,0
11944,3,1475,0,122,820,2
11641,1,183,0,7,285,10
1462,1,28,26,0,18,0
5980,1,73,33,0,130,2
4340,1,383,0,3,315,4
7935,1,486,0,1,47,0
6150,1,1113,0,37,3073,1
8777,1,213,0,0,152,0
3290,4,252,0,0,88,0
7015,1,363,92,2,162,1
13103,1,122,127,17,66,26
6446,7,180,578,1,126,0
3395,1,132,0,0,23,0
6808,2,314,110,6,168,3
4502,1,117,156,0,91,0
10993,7,62,24,2,48,0
1148,1,23,30,0,24,0
4834,1,432,332,4,448,2
9034,3,1389,0,84,551,7
7627,3,983,3070,35,593,1
625,1,785,51,1,87,0
2746,1,505,150,1,241,0
4623,1,3629,816,293,315,2
7417,5,1364,125,19,495,2
2343,1,897,590,120,611,52
9993,1,1854,24,36,351,2
60,6,17,64,1,35,3
2446,4,324,0,3,106,0
4469,1,119,37,4,53,3
14278,4,14,3,0,10,0
374,1,207,79,0,152,0
12414,10,180,289,27,348,17
10092,1,262,4,2,50,0
14618,1,231,2,0,73,1
1306,2,439,81,1,146,2
7198,1,140,487,1,115,3
12367,8,613,7,11,57,1
12266,1,432,470,5,341,0
11713,2,414,4,10,296,0
8106,1,245,559,2,247,1
10669,1,43,34,0,85,1
10352,8,74,190,8,110,10
955,1,46,7,0,40,0
2806,1,1065,0,20,1089,21
9847,3,187,1,0,68,0
3031,2,929,1204,28,853,6
10440,1,456,2980,20,1557,61
2970,3,443,2,5,155,0
11001,1,2066,0,16,494,5
7748,5,1007,11,17,199,3
7013,1,1664,0,27,2045,15
646,1,679,978,16,115,12
5978,1,2017,31,39,667,4
14573,1,107,1,0,55,0
6968,1,1205,0,59,1022,18
559,1,760,10,10,282,2
11740,5,3224,4561,43,1232,52
6,1,5279,0,172,3895,39
12845,6,2593,0,80,878,0
28,3,339,0,4,143,1
1851,1,872,214,10,489,7
2265,3,386,102,16,202,17
6579,1,1380,62,16,366,9
6508,1,1516,31,54,157,23
7924,1,80,0,0,55,0
2928,8,2189,1326,60,1057,79
7524,3,771,0,5,334,0
6022,2,1541,300,31,763,12
3382,1,156,0,24,88,0
2783,3,8996,350,71,7333,3
4880,1,163,762,3,347,13
9913,2,311,0,5,135,0
7673,3,58,9,1,91,4
4847,4,38,3,0,17,0
14001,7,52,12,2,21,2
1423,1,247,0,0,71,0
7827,1,140,1462,1,373,1
8187,1,30,8,0,25,0
7027,2,106,0,1,146,2
1159,1,2084,1300,53,748,31
7488,5,95,324,6,129,6
7614,1,159,0,2,95,2
2430,5,1255,326,94,611,119
9488,6,225,978,3,534,4
2309,1,25,0,0,3,0
3727,1,80,0,0,74,0
2030,3,13,15,0,8,0
11506,1,1063,0,67,1169,33
7033,1,591,0,7,17,0
5256,1,52,0,0,108,0
2467,3,877,933,10,924,0
360,1,428,0,2,240,0
6985,1,2495,272,82,805,49
3896,7,1262,109,85,597,50
6992,7,43,63,1,25,0
11750,1,1611,0,36,615,2
278,1,19,23,0,19,0
1964,1,647,384,11,420,6
5042,3,281,1,1,139,0
933,4,290,1,0,104,0
13773,4,46,0,0,16,0
14073,7,112,32,1,20,1
12568,0,6,0,0,1,0
4447,3,113,0,0,131,0
2390,2,2857,0,41,1307,1
8285,2,397,0,2,121,0
2539,2,561,22,25,287,21
10258,4,1807,0,159,1890,39
4671,1,16,0,0,7,0
11589,1,664,0,6,362,1
10996,1,890,171,7,228,1
4621,1,3093,10,14,321,0
11710,5,432,0,15,160,16
12690,1,106,1,1,78,0
5188,1,828,0,31,408,14
11665,3,307,4125,20,1013,40
13923,1,193,270,1,350,0
11706,1,65,145,0,43,0
6143,1,44,0,0,29,0
8259,5,3485,1611,98,739,16
3542,1,1167,276,11,540,5
5826,1,609,9,10,359,19
7909,3,422,37,6,75,1
2576,4,196,0,0,77,0
6210,1,717,1185,35,653,50
12481,1,2076,11,37,337,27
4182,1,7371,638,567,1963,956
3000,1,65,1,2,49,0
11383,1,600,57,15,358,4
12405,1,435,1030,19,198,44
12448,4,1581,0,58,719,11
5593,1,995,0,0,581,0
8608,3,496,0,5,148,0
3198,1,86,4,0,57,0
7047,1,173,14,3,132,0
4897,1,1166,2600,39,558,56
9566,1,208,32,1,77,0
5127,6,785,0,293,2827,75
3870,1,125,1,2,26,1
13608,6,369,264,4,237,1
8833,2,31,150,2,99,1
10764,1,643,115,7,422,0
12025,7,8828,1933,132,4079,34
11951,1,1610,1821,33,700,36
14689,10,82,0,1,114,1
9129,1,686,274,11,236,17
8060,2,4,12,0,4,0
9802,1,203,0,0,32,0
6626,1,2368,0,26,407,80
11098,1,90,187,3,173,22
5495,1,2687,0,37,612,31
12344,3,75,32,1,60,0
8397,1,220,0,0,70,0
6519,2,671,70,2,460,0
209,1,535,0,22,124,31
2289,1,243,42,1,148,0
3160,2,160,1,0,77,0
13909,3,219,12,6,147,1
2226,1,1119,6,5,324,2
272,7,643,1,6,119,0
10561,1,3569,0,22,388,0
9115,1,314,361,21,98,19
11088,3,1513,0,20,336,0
9897,8,344,0,6,191,0
10777,10,193,464,7,161,1
1582,3,1217,3066,67,593,62
9062,1,14,5,0,11,0
9969,1,985,988,26,633,36
2394,7,15,13,0,10,0
10108,1,639,635,4,274,6
1309,3,904,24,49,82,50
2117,2,23,0,0,11,0
1492,7,1255,0,12,394,0
4573,2,47,0,2,34,1
7069,1,595,69,3,344,0
7561,3,460,429,9,225,2
436,1,2484,5581,35,1526,305
9801,1,406,0,7,191,0
5467,1,185,123,0,194,3
3291,1,402,673,16,646,21
13540,1,151,0,1,59,2
9048,2,64,56,0,43,0
5002,4,1238,265,438,1426,102
12775,1,371,112,20,87,14
8380,1,2091,1209,1601,1523,22
8652,1,1045,0,10,320,0
12530,1,60,11,0,40,0
7392,10,1051,1,95,764,18
6580,1,989,0,14,302,11
9508,1,15,8,0,12,0
12019,0,267,27,1,1358,1
8021,2,32,109,0,37,0
13023,1,988,0,28,278,0
4952,1,340,2,3,71,0
11839,1,1484,0,117,1568,144
10808,8,433,1,14,134,14
10715,1,318,0,26,164,5
10124,1,128,17,0,37,0
11435,3,524,0,9,462,0
2931,3,932,1178,38,610,42
1035,1,67,141,0,41,0
403,1,621,485,14,383,16
10638,1,46,51,2,40,4
11459,3,2045,4550,129,1532,73
2665,1,484,99,7,235,0
9222,6,446,464,5,272,3
8055,1,199,70,1,38,5
6876,1,371,2,1,46,0
2828,1,10183,1,88,842,2
5173,1,347,19,3,297,0
12969,1,287,0,5,166,3
12015,1,471,120,3,197,1
12955,1,145,0,9,55,9
10858,1,1551,240,55,761,5
8450,1,346,590,8,279,8
7093,1,1925,226,10,258,3
6672,1,1096,15,35,681,12
14776,1,153,46,2,114,3
14135,1,274,0,1,179,0
13614,1,103,243,3,215,4
7177,1,5493,0,75,1316,115
13925,7,88,0,0,31,0
8366,1,1342,0,66,16,10
9459,1,2514,27,277,1700,99
8406,4,283,0,4,118,1
2444,1,143,41,2,82,0
9428,1,4836,106,228,1133,23
6645,3,574,298,38,218,18
6348,4,1162,1398,62,1656,107
13182,1,547,0,49,285,11
5671,0,120,20,0,68,0
10657,3,168,390,3,309,0
12637,1,547,28,30,92,34
1938,1,56,734,0,270,4
3077,2,102,0,0,32,0
10933,1,243,983,14,608,9
3716,1,3732,1,866,552,1
5054,1,308,118,10,185,2
5969,4,11,0,0,4,0
10024,0,55,0,10,574,19
9808,1,2446,0,74,1210,141
8206,1,122,115,0,51,0
810,0,2175,0,233,2754,78
1069,5,3840,1663,165,4542,159
9627,1,1081,150,14,396,14
4463,1,508,0,10,432,26
10539,1,9,0,0,22,0
10015,1,1636,1178,55,622,39
6234,1,216,0,1,137,0
10016,1,1947,2,69,407,45
11798,1,2324,592,94,1655,4
6763,1,566,0,7,173,2
6727,1,1967,0,110,1406,163
2608,1,165,166,10,135,0
1606,6,444,0,5,18,0
6554,3,269,653,28,311,8
4009,1,45,1,0,38,0
4524,4,1084,92,16,709,0
2431,1,473,0,0,304,2
9444,1,17701,2296,1076,3256,488
5613,9,157,0,0,41,0
7564,3,631,125,16,380,0
1448,1,748,2,10,288,1
5785,8,2082,18,18,429,3
12788,1,293,410,15,169,0
5440,1,590,520,5,377,0
1531,1,1083,0,18,441,0
11305,1,1268,22,188,877,52
14041,1,93,0,1,43,0
5685,3,515,137,37,269,26
14133,1,307,98,2,120,7
14113,3,248,0,0,69,0
7616,1,292,14,1,205,1
5257,3,13,63,1,53,3
10741,1,395,0,7,196,0
11691,1,645,0,2,216,0
3856,1,958,1,41,542,0
10747,1,1462,0,14,436,13
6686,1,473,184,83,267,10
4509,2,1532,8687,197,4255,339
2924,8,552,12,86,116,87
11026,5,956,0,15,211,0
4751,1,12,8,0,8,0
2056,1,336,845,2,318,0
13311,1,4259,854,79,967,103
9848,1,372,202,1,207,1
475,1,904,382,28,630,25
5277,1,7133,428,40,1331,34
6848,1,1599,0,9,155,0
632,1,1956,45,14,151,17
2460,1,4774,565,10,564,2
5236,1,447,311,6,313,0
12450,6,27,1,0,14,0
8168,1,620,8,14,359,7
2914,4,188,1,31,124,25
5782,3,291,1,1,182,0
8180,1,566,0,18,393,29
12241,1,743,2929,54,1219,0
12425,1,1808,10270,67,1768,91
3329,7,763,0,20,364,3
640,1,3909,0,27,354,4
13831,4,1213,1,11,525,0
2892,1,3237,0,32,550,1
13237,1,1218,0,23,196,59
1220,1,460,0,24,368,4
13477,1,63,0,1,51,0
12056,1,148,0,0,115,0
7298,1,1512,1346,50,1368,61
2510,3,260,0,8,535,2
3263,0,10,0,0,1,0
14490,1,198,66,0,201,1
10263,10,432,141,29,415,2
1435,1,229,216,3,182,0
11133,1,906,0,28,387,8
11353,1,385,4,3,142,5
2009,1,754,1153,62,489,158
9355,0,2974,0,56,1159,3
13496,1,138,0,0,39,0
8379,1,1123,167,30,501,0
2646,5,4181,0,207,2305,30
11684,1,1088,0,17,297,2
10189,1,1300,418,55,376,39
5707,2,259,13,2,74,1
13312,1,313,36,4,82,0
12527,1,790,0,4,121,4
13096,1,539,519,6,219,3
12908,1,1422,1,40,103,0
13846,1,823,0,1,302,1
14380,1,601,387,9,346,1
13123,1,460,0,11,222,14
12594,1,1199,836,24,831,17
14264,1,403,83,2,99,0
8210,1,425,111,6,198,0
11781,5,825,0,328,748,528
9671,1,718,0,12,839,14
3464,1,278,1,23,268,18
8693,5,60,114,0,57,0
7902,8,1860,5,46,505,13
1590,2,27,7,0,29,0
10884,1,128,0,1,157,0
6550,1,507,253,9,219,0
8827,1,6265,0,41,669,8
10649,1,3003,0,137,1003,134
6404,1,284,0,5,318,4
3793,2,1329,563,13,323,52
5082,5,1803,566,19,578,19
13993,1,11,0,1,6,0
1127,3,1319,2789,37,474,4
4184,1,66,0,0,53,0
597,1,844,423,51,675,45
1753,1,491,574,12,356,2
10238,1,365,0,22,554,57
10105,3,1018,352,135,848,163
6106,3,421,441,17,185,32
5684,1,1005,828,27,542,30
3153,6,104,12,1,106,0
5473,10,1371,3949,43,914,5
579,8,22,8,0,12,0
10453,1,1028,64,8,492,0
6925,3,1624,0,14,1,0
8296,1,1488,39,46,655,5
3960,1,57,0,0,45,0
724,6,23,1,1,30,1
652,1,857,536,5,91,4
7949,1,54,2,0,36,0
9678,1,814,0,9,580,2
2898,1,1104,0,20,649,28
8099,6,654,2564,6,377,7
8417,1,322,0,9,823,1
1970,1,55,2,0,35,0
7638,3,277,258,7,352,0
2541,1,198,270,4,157,0
3152,0,270,0,0,13,0
6201,1,1266,35,10,883,0
6443,3,6409,8,545,2125,1
3797,3,671,77,32,146,20
10048,1,207,0,0,128,0
6997,1,490,30,5,253,0
6475,1,1738,0,10,821,33
12939,1,1473,0,94,497,15
4,1,1726,0,50,1002,30
2,6,117,0,1,28,0
8934,1,325,0,3,178,0
4832,2,511,104,14,301,3
11358,2,211,4,0,162,3
352,1,170,0,0,82,0
2508,1,189,13,1,88,1
6630,5,2057,0,77,727,14
11938,1,1340,0,207,1929,91
10073,1,105,49,0,70,0
14340,1,72,0,8,60,1
5270,1,36,2,0,18,0
6059,1,432,0,2,287,0
2636,1,1080,194,199,577,3
11440,1,14,95,1,46,1
14578,2,84,14,7,42,1
11807,2,1392,1,18,1242,7
5171,1,394,127,0,302,0
71,0,816,38,4,718,15
3234,1,1598,0,469,756,25
13131,1,353,0,17,191,2
3571,1,131,159,4,141,3
2628,1,1626,0,41,657,1
11286,1,717,0,18,125,26
7073,1,3839,9,79,1389,9
10438,1,646,873,19,682,63
12796,1,1268,0,93,1034,132
4392,5,554,47,23,367,0
585,1,246,0,7,376,50
3307,1,947,530,3,336,0
5494,1,5407,188,37,3094,21
4572,3,1446,269,6,403,0
299,1,7167,215,209,588,312
8957,1,3101,207,52,850,36
11225,1,541,320,7,354,4
4417,1,601,704,11,164,1
9486,10,896,37,47,680,5
502,1,1200,836,20,527,7
12239,4,62,1,0,14,0
13716,3,17,0,0,5,0
5870,1,332,1,0,46,0
3828,4,63,6,1,122,2
1071,3,12367,0,305,4833,187
4401,1,322,868,1,547,6
5702,2,33,1,2,53,0
5954,1,403,0,35,362,24
3872,0,94,0,2,46,0
4140,1,92,51,0,32,0
295,7,196,108,8,35,17
4205,1,698,0,14,422,8
9214,2,85,0,0,52,0
9480,1,477,13,17,115,12
1204,1,565,0,0,177,0
2965,1,563,0,9,534,57
1008,1,487,461,1,426,5
6739,3,112,57,0,93,0
3365,1,1320,0,27,698,7
2167,1,59,22,0,31,0
1901,1,197,0,2,237,3
10917,1,16,0,0,9,0
6316,3,634,490,71,390,120
12805,1,1319,3163,50,741,52
11206,8,528,0,92,333,60
3922,1,225,0,0,76,0
5176,1,707,0,7,478,20
9896,8,7838,889,156,3060,211
3023,1,887,953,66,1034,286
11593,1,762,90,32,306,24
4011,1,391,249,6,271,5
7761,1,495,2267,20,1810,51
1231,1,1206,4,3,679,0
9116,1,152,992,4,316,23
13896,4,122,0,7,306,7
13268,1,706,1,37,321,22
1025,1,220,170,6,200,1
2524,1,53,14,0,49,1
11602,3,1239,3796,55,2527,49
6292,1,772,0,18,558,2
8445,1,93,1273,5,329,14
6705,4,1462,0,12,430,4
11385,1,905,0,7,790,0
14216,1,184,0,0,14,0
2942,3,4052,1,188,911,170
4088,7,5908,1439,84,1380,23
12116,1,374,362,6,178,5
3262,3,108,493,1,90,1
4339,3,199,1835,9,156,12
11510,0,7,3,0,5,0
6601,1,178,223,1,116,3
1145,1,104,0,0,16,0
8806,1,2938,0,263,1054,4
4641,1,400,181,5,204,2
12438,2,49,97,0,80,0
972,4,435,37,15,215,30
14062,1,282,0,5,29,0
3161,2,135,1,1,92,0
582,8,1090,848,6,342,6
1541,1,937,1156,73,656,39
10997,2,3018,6,29,678,0
6086,1,705,871,2,129,12
90,1,196,66,1,95,3
7817,1,1738,0,5,622,0
6766,1,14,25,0,9,0
11583,10,974,0,68,350,0
1375,1,60,0,0,8,0
13854,1,315,4,0,19,0
4515,4,4169,0,329,2214,113
8903,1,119,18,3,102,0
3110,5,6754,3030,81,3712,41
228,4,117,99,0,67,0
13922,1,201,42,10,228,10
11163,1,756,299,8,288,4
11630,0,529,34,90,152,99
14805,1,73,0,4,863,43
7239,1,474,139,0,234,4
6588,1,593,3133,29,425,158
11316,10,1620,256,121,640,18
490,1,81,0,1,70,0
491,8,1559,902,44,527,35
3765,1,1027,99,36,287,22
10530,7,11,0,0,1,0
8759,3,2154,512,4,547,5
4338,3,139,0,3,82,0
3390,1,953,1013,12,573,3
12863,1,409,0,203,845,35
11261,3,1053,0,3,996,2
11579,5,959,0,20,426,0
10710,1,3118,4481,83,1919,13
3048,1,318,19,1,156,1
3178,1,636,0,3,416,6
11625,5,175,0,9,65,0
12088,3,59,17,0,18,0
3251,1,191,8,0,121,0
7813,1,649,0,36,1589,16
4787,1,63,1,0,26,0
7818,4,1076,2289,10,192,6
3599,1,59,138,2,41,0
7326,3,2076,0,310,1205,10
13769,9,56,0,0,10,0
8839,1,2579,0,71,933,124
6539,1,1675,0,227,504,29
10616,1,1962,1479,33,1266,6
10992,10,1297,2,35,785,22
14128,1,78,28,0,70,0
8089,8,1884,32,89,96,0
5012,1,204,120,0,82,0
341,1,19,0,0,14,1
10013,1,42,15,1,32,1
8668,1,439,523,10,548,23
3228,1,10061,226,36,539,59
6635,1,55,0,0,65,0
5997,1,1709,0,127,799,34
11851,1,685,286,3,471,0
14156,2,13,1,0,6,0
12896,1,1099,0,38,1619,21
13442,1,187,6,0,35,0
7741,5,60,0,1,32,0
11036,1,1006,0,6,342,0
10959,1,181,37,0,23,0
10983,1,1343,0,49,787,18
12760,1,1519,3556,29,718,41
3840,1,1036,0,68,654,70
12211,1,218,0,0,38,1
6288,1,8072,8059,463,1881,43
12687,1,1251,568,10,519,13
13249,1,1046,0,33,275,3
12954,1,474,0,4,307,1
10930,1,73,0,5,100,2
12724,1,2276,0,45,456,2
4649,1,2195,0,194,1566,172
8215,1,518,1,3,168,1
12095,1,1024,0,12,378,4
3100,1,606,0,37,1265,150
3529,1,474,0,10,361,171
6878,2,24,11,2,47,2
10906,1,734,6,45,342,0
11573,5,315,88,7,24,9
10383,4,1188,0,72,610,6
4530,3,2462,110,63,883,52
7974,2,28,14,0,21,0
7922,1,120,25,26,115,4
2389,1,1519,0,22,824,1
664,8,13,41,0,14,0
6310,3,5398,0,165,1703,1
8197,5,4452,0,53,1663,0
1429,1,513,0,17,324,6
10627,1,851,0,35,419,1
3805,1,1325,2,2,169,2
10424,3,137,0,1,106,0
7054,1,249,330,0,262,0
10989,10,318,242,51,799,2
9457,1,196,0,7,396,26
779,1,592,293,42,397,5
11389,1,194,7,4,99,5
13557,1,64,0,0,13,0
7457,1,154,61,14,205,3
6689,3,227,240,3,189,0
6696,1,919,0,45,671,7
9091,2,320,0,1,20,0
7665,1,193,163,3,242,3
2240,0,9,0,0,4,0
7966,1,471,1,10,222,0
308,8,45,1,0,56,0
11216,1,628,0,3,392,0
5379,1,318,262,3,204,2
10566,1,548,572,36,478,72
4249,1,46,0,0,33,0
11387,1,1320,62,13,379,9
7322,3,429,0,2,213,0
11736,8,128,0,2,42,0
1653,2,53,16,0,44,0
5428,1,869,470,13,227,0
5964,1,51,0,0,44,0
14382,1,52,8,0,44,0
8896,7,360,3142,60,1304,200
4419,2,685,8,9,230,0
10739,5,375,1147,18,1582,19
7953,2,809,0,5,309,0
6639,1,245,0,0,27,0
10353,2,789,10,22,432,1
6835,5,6683,0,179,1660,0
11693,1,17,0,0,11,1
7478,5,870,51,18,218,0
6509,5,42,42,1,102,0
2877,1,607,190,3,346,0
4953,1,318,0,1,147,0
11307,1,2301,0,63,972,17
9217,1,13529,0,141,2456,0
11229,10,1903,222,64,442,8
11276,1,801,0,12,68,0
2796,1,45,55,0,28,0
8623,2,44,0,0,16,0
14387,1,329,137,3,161,2
313,1,509,20,1,330,0
6068,1,674,807,3,484,9
10846,1,987,166,18,225,7
13081,1,472,175,13,199,2
9637,3,34,0,1,23,0
6977,1,15,0,0,2,0
5519,1,125,77,4,108,4
1940,1,37,0,1,25,0
8353,8,1288,1,31,221,10
3691,1,42,16,0,26,0
1442,10,4940,5809,132,1825,11
8524,1,258,0,12,124,18
1876,8,545,154,9,157,5
1091,1,264,2,0,21,0
1718,1,18,0,0,15,0
3687,10,31,2,0,23,4
12710,2,730,0,11,241,0
12246,1,408,1395,38,370,4
5114,8,1996,4,170,345,353
7581,1,354,0,0,262,0
7884,8,34,3,0,6,0
8838,1,2197,639,61,802,50
744,1,521,751,8,343,2
1340,1,136,120,0,88,0
619,1,1340,518,15,164,11
11404,4,476,0,8,146,0
3296,7,30,0,0,13,0
4330,3,1337,3598,76,1566,97
6861,1,84,0,0,63,2
6190,3,114,59,1,148,0
14685,1,115,0,2,51,0
445,1,1908,667,201,3130,123
5868,1,153,26,0,15,0
12806,1,2292,0,217,2729,5
8630,1,762,1,954,385,0
3583,1,100,0,1,180,0
10589,6,574,0,32,336,12
4270,3,611,0,9,299,0
7529,2,327,788,19,574,18
6853,3,15,0,0,4,0
12599,3,2481,2371,112,871,25
6918,1,450,869,10,324,4
3733,1,1238,0,40,1073,28
1205,2,452,24,18,257,4
7962,1,796,0,10,581,19
654,1,1138,0,2,104,0
10641,2,273,0,2,242,0
4719,2,2400,14,35,912,0
10625,5,467,0,7,228,0
5425,1,772,24,2,82,0
9680,5,1211,1590,24,340,0
12782,1,426,0,14,380,122
8642,1,608,0,21,972,4
1787,1,54,134,0,44,0
110,3,43,0,0,25,0
11285,1,3272,8,379,1708,0
9378,1,2009,6053,176,2808,470
764,10,88,47,0,48,0
11577,10,941,3469,13,1224,54
1766,1,225,196,1,134,0
1099,2,108,0,0,40,0
7480,2,741,2,83,297,5
6253,3,2172,8975,230,6583,515
1692,1,1310,0,139,1173,14
12021,2,1192,62,17,1120,2
8087,8,266,0,3,100,1
11397,1,34,0,0,13,0
13727,1,43,0,2,74,1
6555,2,174,230,1,78,0
4760,8,575,0,10,59,3
5355,1,5376,0,198,2579,233
5915,2,6,0,0,4,0
293,1,439,312,6,352,5
7034,5,1535,705,52,1460,85
4570,3,1576,1,3,420,0
1125,2,135,13,0,80,0
1269,3,1170,901,12,678,9
9602,8,4845,0,119,1260,22
5807,1,839,0,4,421,0
6281,3,72,47,0,69,0
6246,6,100,0,0,134,0
5314,3,291,713,8,249,1
11689,1,1705,0,41,526,67
8327,1,164,539,10,209,25
10718,4,58,13,0,20,0
6712,1,232,0,2,107,3
6711,1,1502,0,3,538,0
798,1,164,20,1,137,1
8078,1,525,0,7,402,15
12382,4,1744,0,18,260,0
2566,1,1892,0,19,759,1
5648,1,81,257,2,113,1
8648,1,897,0,30,642,0
11508,1,56,0,0,15,0
1206,2,602,0,1,373,0
8585,3,356,421,28,335,56
11549,1,741,82,5,368,1
9725,4,27,50,0,19,0
8586,1,826,698,9,562,6
12532,1,62,0,0,21,0
6967,1,278,0,1,134,0
5677,1,726,0,34,682,50
5577,2,54,34,1,35,1
2854,3,285,78,0,143,0
7719,1,6058,382,108,1214,21
10662,1,231,2,6,153,1
12894,1,417,0,16,395,78
14217,1,204,258,0,100,0
12164,1,135,0,5,33,0
3373,1,37,0,0,5,0
11021,1,130,0,1,37,0
6575,3,545,6,3,317,1
12834,6,1268,15,39,671,30
9917,1,49,248,1,43,1
6081,1,535,1319,0,239,0
8479,1,2237,119,92,1752,0
10307,1,119,1,1,101,1
8036,1,607,0,11,1084,5
1185,3,329,7,2,174,1
13620,2,281,0,1,140,1
11236,3,82,111,1,73,0
11135,3,1157,759,73,628,4
2357,1,70,53,4,68,7
8747,6,189,44,2,17,0
6268,1,39,0,0,28,0
6390,2,704,0,60,327,57
13590,4,287,0,4,43,0
3367,3,830,529,118,299,189
14214,1,15,0,0,8,0
12259,1,527,11,15,433,1
8080,1,616,0,13,482,25
7644,3,59,35,0,51,0
6720,8,2244,2,137,827,14
5665,1,754,393,9,521,1
7803,1,836,0,14,573,40
6534,1,49,0,0,16,0
4383,1,792,0,15,457,0
2031,0,319,0,2,255,4
418,1,532,2029,19,374,8
11066,1,524,0,9,150,0
10966,3,640,380,13,423,1
12155,1,466,104,17,291,0
11306,1,1398,175,62,360,6
11906,3,56,2,0,49,0
11719,1,444,1,3,303,0
5802,8,1781,56,83,283,33
10887,1,1875,638,51,1392,24
2029,4,684,0,9,174,0
1285,1,1603,519,87,948,2
12053,1,613,513,10,196,0
5848,1,542,0,2,153,1
9142,5,2069,1843,91,873,17
3332,1,1222,0,4,383,0
5403,2,1111,5,12,427,2
2961,10,271,0,18,551,42
12652,1,2789,0,78,516,19
3257,4,58,42,1,43,0
7824,1,5,6,0,5,0
12903,1,1174,0,26,1111,61
13534,1,519,0,0,61,0
14756,1,137,131,1,86,0
13219,0,547,0,26,320,11
12433,1,5362,0,407,2764,992
9229,1,325,0,7,224,0
221,1,183,51,1,94,1
2600,2,5,0,0,1,0
11891,0,346,0,1,111,0
5974,1,423,318,2,227,0
12039,2,527,1,14,185,0
5799,8,1059,81,62,283,0
14567,1,13,0,1,21,0
1986,1,291,158,1,202,1
4231,0,73,0,2,52,2
4902,8,935,0,19,152,0
6641,1,470,65,1,369,0
8140,2,86,0,0,68,0
7125,1,889,0,3,207,2
9669,5,812,0,85,498,6
8018,8,2496,0,100,269,17
6964,2,383,0,2,52,0
12956,7,558,1,3,222,0
5659,1,79,56,0,61,4
6204,1,305,0,2,178,0
6430,2,234,109,3,80,0
13274,6,231,1273,42,866,53
5764,8,9,0,0,3,0
13000,1,434,0,21,293,7
6003,1,96,42,1,56,2
745,1,70,45,2,296,2
12055,4,128,103,0,61,0
967,1,607,1805,30,644,166
11278,1,147,14,0,118,0
1277,1,591,0,0,404,0
13973,1,86,0,1,13,0
8910,1,11,0,0,6,0
5263,1,341,0,0,19,0
5737,1,7891,0,180,3804,192
11524,1,900,0,93,624,86
14121,1,394,3,6,147,1
4791,1,701,0,39,274,5
14729,3,353,0,6,305,4
11423,2,1352,0,13,286,2
4773,3,689,2619,18,347,7
12398,8,3046,1,8,316,0
10237,2,1693,801,345,3989,61
6333,1,53,0,4,37,5
12818,1,3799,0,850,2652,839
13107,1,651,1349,163,584,152
8563,1,2251,1751,40,1741,31
5511,0,711,0,5,386,0
7389,1,99,75,0,78,0
13206,1,154,0,10,20,0
5392,1,1244,2472,68,613,12
10313,1,41,4,3,98,1
174,3,107,0,1,46,0
12750,1,678,0,19,574,11
584,1,149,27,0,87,0
383,1,105,151,0,57,0
14463,1,72,2,1,31,1
11606,3,2372,0,250,2129,27
2777,3,157,1,1,23,0
9506,4,1725,0,60,365,72
14263,1,86,0,7,3628,148
12133,0,617,0,15,218,2
3294,3,248,469,2,255,4
11952,1,1181,0,35,230,8
5985,3,435,0,3,169,2
2356,1,3395,1314,53,1370,79
1780,4,26,0,0,23,0
8291,3,1634,0,29,1070,4
6287,1,35,0,14,79,11
14564,1,278,97,1,317,4
11302,7,1255,118,118,743,18
5855,7,402,23,4,265,2
6785,1,29,0,0,12,0
618,1,56,62,3,45,0
5798,8,1227,0,57,537,71
14265,4,30,0,0,11,0
8390,1,44,36,2,57,1
2840,1,841,726,11,488,125
10445,1,2818,0,264,3734,21
9697,0,219,435,4,214,0
11897,1,1187,54,1059,647,8
5502,1,705,0,27,496,0
5433,1,1021,0,86,473,41
7021,1,40,6,0,26,0
2832,2,35,3,0,7,0
1598,2,12,1,1,11,1
2835,2,454,1,1,24,1
11685,1,2193,1,159,564,25
4685,1,309,0,16,185,4
3155,6,220,6,1,148,1
5368,10,4828,808,208,4393,206
3497,1,1431,0,46,1000,12
5576,1,205,0,2,172,11
12604,2,245,130,1,177,1
10807,1,319,334,11,570,15
13260,0,286,1010,23,260,9
9939,1,1328,101,7,549,2
13586,2,12,0,0,2,0
8963,1,629,752,18,335,3
5536,1,447,634,12,296,20
2037,3,500,1,8,258,0
1569,3,4929,4063,223,1481,77
9339,1,10,7,0,4,0
11714,3,3659,5725,190,2175,295
5789,8,2156,8,79,2027,240
9099,1,370,0,5,305,2
3940,2,120,15,4,45,0
2933,3,264,465,11,361,17
14285,8,238,0,15,143,34
7120,1,16,4,0,26,0
14665,2,411,72,2,70,0
2936,1,1785,0,17,846,0
227,0,236,20,0,46,0
13301,1,546,2,31,111,3
8212,1,1312,0,61,1533,11
14178,1,49,46,0,16,0
11835,1,556,1175,14,613,22
7252,1,1683,0,22,398,2
10598,2,559,2,51,403,48
10056,1,502,0,6,188,5
5938,0,207,40,0,114,0
4677,1,181,42,2,109,0
1200,1,1686,0,38,945,37
9828,1,50,0,0,48,0
14201,1,15,0,1,4,0
5,1,321,22,0,214,0
11978,1,27,3,0,14,0
7194,0,30,0,0,12,0
14533,1,401,1049,10,297,15
9985,3,58,6,0,48,0
13821,1,96,1,2,61,1
13401,1,437,0,15,419,30
14166,3,24,0,1,20,0
3397,1,398,217,3,146,0
1886,3,3480,0,60,1611,14
580,4,138,7,0,54,0
12795,1,1225,0,27,163,14
11141,0,22,0,0,13,0
4650,1,87,481,3,310,3
3111,6,180,0,2,96,0
3611,3,14,0,0,2,0
6612,1,876,0,20,975,6
6290,1,26,19,1,18,1
13964,1,332,0,2,80,0
5774,1,653,365,5,378,6
14274,2,5,0,0,1,0
12418,2,16,0,0,5,0
8644,1,212,75,5,194,5
12193,4,571,0,2,110,0
5489,1,53,1,0,48,0
7428,5,1167,1110,35,595,14
10622,1,528,2006,6,648,5
1819,10,33,0,1,34,0
4402,3,38,0,0,12,0
11656,1,3275,809,22,510,7
5353,4,110,0,3,53,3
4090,1,1108,4,21,417,2
5059,3,191,16,21,174,5
3740,1,233,0,0,53,0
7215,1,264,1,1,133,0
6355,8,1124,212,30,467,13
5097,5,998,1354,38,1433,61
10942,1,2029,530,91,1230,18
2761,10,786,0,39,351,0
13295,1,263,0,13,243,3
8233,1,261,0,0,68,0
7729,2,484,0,4,368,0
2102,1,108,1,6,33,9
4158,1,32,0,0,33,0
4955,1,19,0,0,9,0
6971,1,1211,197,7,424,4
1685,1,747,5779,26,1487,210
3664,1,247,31,5,165,0
14535,6,156,5,1,102,2
7623,1,596,14,7,253,0
13588,2,133,0,1,83,0
14377,7,60,3,0,27,0
6094,1,319,0,11,95,4
1402,1,508,22,12,791,21
10470,1,276,0,0,148,0
1733,1,464,0,2,267,0
10471,1,547,6,1,125,1
10699,1,1160,339,5,561,11
10472,1,892,0,4,438,0
9667,0,14,0,0,6,0
12395,7,168,10,1,73,0
449,2,62,0,0,52,0
12426,1,695,2,14,197,0
14405,0,126,0,1,11,1
749,1,821,0,74,1021,76
11388,1,1546,0,48,686,84
2549,4,198,54,16,223,28
3558,3,65,0,0,21,0
12685,1,2366,1041,15,977,3
10364,8,19,123,12,38,11
7862,0,80,34,4,37,2
8338,1,183,64,2,97,1
10994,1,720,2049,8,452,5
7134,1,365,251,8,319,7
10524,1,504,0,4,305,5
6162,8,3685,1,34,106,1
7686,1,584,3,149,220,1
3055,3,73,20,0,20,0
1385,1,287,0,3,174,0
4896,3,1010,0,37,663,35
12273,1,730,0,56,258,1
5596,1,416,18,0,246,1
14228,3,24,9,4,16,4
1918,1,11601,111,134,668,0
2472,3,69,9,0,48,0
10909,1,553,0,7,459,7
4607,1,43,32,1,42,1
7051,0,71,155,0,42,0
3942,1,766,0,15,420,4
3138,1,377,0,24,319,8
5897,1,1491,781,31,1100,37
14325,3,47,3,0,20,0
4233,1,1013,336,11,381,0
10161,1,1369,25,147,349,65
11966,1,215,0,4,128,0
4957,1,267,83,54,1447,20
11730,3,48,228,0,89,0
6053,1,42,0,3,80,33
14476,1,175,4,2,137,0
3966,1,1757,0,5,449,1
14163,4,36,0,2,38,0
10583,1,744,0,0,545,7
8893,1,731,5393,52,392,105
3190,0,102,0,0,63,0
12363,1,216,233,1,119,4
13931,1,323,1255,3,278,11
122,1,108,69,0,82,0
990,5,3165,84,85,183,0
4774,8,2232,0,32,382,1
363,1,43,96,0,40,2
6815,5,1353,300,45,526,1
6786,1,543,4,35,240,14
873,1,153,43,2,100,0
6013,2,129,6,0,97,2
8521,3,82,0,1,50,0
3642,1,226,37,3,70,1
4603,1,1050,0,9,347,3
11923,1,235,0,0,108,0
5244,1,36,9,1,25,0
14653,1,48,1,2,42,0
7601,1,385,0,15,404,70
10950,1,18,0,0,11,0
10949,1,16,0,0,185,15
11247,7,2025,1984,17,2358,1
6839,1,756,57,6,229,0
3968,1,1503,259,19,468,0
319,3,144,41,0,41,0
5102,4,67,0,1,35,0
12314,1,19,2,0,7,0
10574,5,1696,2730,68,1779,119
5334,1,222,0,0,104,0
542,1,509,0,13,397,12
7335,1,674,2,5,296,2
3442,2,263,36,3,355,6
741,3,231,0,5,156,7
6999,1,79,0,0,46,0
12145,1,497,2,19,269,0
4703,1,145,0,0,65,0
11786,1,766,0,11,385,0
167,1,936,213,4,619,29
4033,1,570,240,6,268,1
10314,1,520,0,3,71,1
8396,3,1918,47,197,1034,99
5924,5,2010,2272,82,2047,272
430,4,276,149,0,130,0
10682,1,104,37,2,59,0
9371,10,921,0,23,366,0
9155,2,89,11,1,43,0
10327,5,256,9,6,216,1
6164,1,822,0,9,189,1
2260,0,435,0,0,233,0
4078,1,218,11,6,185,6
10218,1,1445,928,40,673,66
5777,3,655,1626,35,395,58
12117,1,154,0,0,54,0
3761,4,69,0,0,19,0
513,1,397,37,8,287,0
2145,1,586,2132,13,627,4
1465,1,2425,0,242,1519,2
13009,1,733,72,14,287,25
680,5,2139,0,55,349,70
3598,1,1238,0,102,592,108
3249,3,1287,0,13,287,0
9498,0,27,0,0,20,0
11103,1,194,269,10,115,0
4347,1,229,356,2,226,2
10267,10,902,0,37,449,1
804,4,1447,373,5,463,0
14368,1,23,0,0,6,0
6621,1,252,7,0,40,0
1591,1,86,0,0,35,0
3435,2,18,74,1,107,2
10971,1,194,0,17,78,0
8462,2,976,6,12,300,2
4508,3,202,944,6,304,5
12747,1,814,21,7,254,6
146,1,501,3,4,255,0
11840,1,747,4,18,179,4
6158,1,481,32,11,131,0
7725,5,17,2,0,1,0
6140,1,674,244,19,373,10
94,1,3464,1,73,264,26
12227,10,2970,2199,192,1373,181
6604,2,847,0,38,666,65
7720,1,25,31,0,26,0
11590,3,46,0,1,46,0
9532,1,585,0,10,387,33
2762,1,409,165,6,252,4
5599,1,85,0,0,35,0
1578,3,1119,0,4,632,0
6230,2,99,3,8,56,0
13948,4,178,0,0,64,0
754,7,25,0,0,10,0
3695,1,237,1,0,154,0
12444,6,761,564,5,550,1
7231,1,165,153,3,198,10
5083,3,272,295,1,73,0
3486,4,2286,1,24,610,0
12223,5,1214,12,40,598,23
6462,1,1318,427,82,784,38
5952,2,34,19,0,26,0
4415,1,135,55,0,85,0
3124,1,535,0,3,299,0
13303,1,292,108,25,146,2
506,8,1390,72,29,129,0
2667,1,105,20,1,139,1
9224,6,672,159,61,1600,11
5986,2,585,0,16,372,1
7934,2,266,56,2,139,0
4106,1,718,22,0,53,1
32,1,363,0,1,257,1
6770,1,78,0,0,52,0
4799,1,649,1180,29,223,58
1150,1,58,0,0,49,0
10291,2,381,3,2,260,0
8599,4,445,44,0,271,0
5058,1,738,47,29,617,1
8665,1,30414,0,868,868,135
5376,1,1942,2496,40,1465,14
4577,2,523,320,17,335,21
4587,1,2447,397,14,954,16
5674,3,1115,1057,97,1012,30
6860,1,184,249,2,150,1
392,7,708,1863,32,545,27
3147,6,30,15,1,26,0
10465,1,2250,6316,64,2460,25
7467,6,33,0,0,17,0
2358,1,1347,111,17,637,6
14407,0,44,0,0,1,0
3434,1,10,2,1,9,1
12080,3,978,0,13,197,14
12153,1,745,29,41,460,6
5501,1,1690,4540,105,549,92
7538,1,252,78,1,43,0
11068,5,6999,0,129,1335,166
13939,3,1341,3365,28,2725,21
9835,1,523,0,19,764,33
7175,5,711,1542,18,447,3
8374,5,3167,168,19,468,24
7598,1,42,26,1,55,0
8742,0,2014,80,79,1310,94
8493,1,459,0,14,282,0
2863,10,434,0,7,186,0
4598,1,89,11,1,62,0
11084,1,321,0,10,477,92
1082,1,321,1026,4,168,5
13778,1,189,2,7,23,0
12108,1,1561,0,46,106,18
3428,1,11,0,0,8,0
11374,1,2298,0,190,1468,39
9923,0,1370,50,57,725,51
10604,6,497,319,17,376,12
1867,1,315,288,4,266,39
1730,7,582,153,8,231,18
11914,4,2759,0,54,771,16
7168,8,186,4,5,225,6
948,5,423,4,3,331,6
3929,2,242,21,4,101,3
14681,8,102,5,0,21,0
2841,1,170,17,0,97,0
4145,2,41,78,4,44,5
10040,3,3551,2136,343,2055,53
10632,1,5446,0,763,3453,49
3647,1,588,550,15,282,7
7284,1,47,0,0,13,0
3980,1,124,0,1,30,0
7498,1,45,47,0,34,0
2337,3,803,0,15,1816,5
5545,1,71,105,0,65,0
12874,1,181,0,1,47,0
10151,3,88,450,2,221,4
13684,1,371,129,2,191,1
6892,1,246,0,1,179,1
4461,1,146,117,1,165,0
571,1,908,505,25,524,15
12856,1,290,289,4,127,0
14324,1,188,4,0,21,0
12343,1,496,5,5,218,2
8771,1,4075,359,36,612,36
3728,1,251,0,28,167,0
3085,1,72,7,3,36,1
6846,4,5,0,0,1,0
5291,3,39,0,0,31,0
10594,1,125,262,3,383,13
7940,1,40,168,1,102,6
1233,2,215,0,1,74,0
8305,0,2453,0,53,1000,0
9143,4,188,29,2,138,0
8135,1,1035,334,7,845,28
73,1,3395,2430,88,721,125
5443,3,39,6,0,38,0
1852,6,20,0,0,10,0
9735,4,5855,138,277,2198,26
1523,2,1567,538,42,501,20
1143,1,974,175,217,495,193
6589,6,11,0,0,3,0
1533,1,243,14,2,145,0
4422,1,455,100,4,246,1
12417,3,511,1,26,198,4
10343,1,54,15,0,23,0
10740,5,692,21,13,335,0
2176,1,48,1427,0,372,36
4474,3,944,0,80,995,94
3128,1,1528,4806,91,2719,311
11037,3,156,1,1,114,4
3680,4,966,0,8,352,2
8072,1,61,96,0,75,0
5221,1,19,0,0,4,0
12557,1,2655,0,45,626,85
3878,1,363,0,0,167,0
4291,1,693,3959,11,555,9
3001,1,250,0,17,204,8
4553,3,824,6,3,228,0
9336,10,13,0,0,28,0
14522,3,50,1,3,5,2
928,1,1992,751,20,804,21
7637,2,12,0,0,7,0
6871,1,426,674,7,476,5
1054,9,31,10,0,25,1
12174,1,295,30,5,98,1
468,1,215,0,1,95,0
9944,5,3646,6637,58,1680,39
8920,5,2044,0,41,535,8
12988,6,1577,0,227,2034,148
4316,3,464,0,1,73,0
10911,5,1374,3790,75,2849,58
10127,2,36,71,0,41,0
2237,1,120,0,1,92,1
752,0,1140,0,19,565,1
14115,1,84,10,1,66,0
8842,1,322,0,3,181,7
8069,1,894,0,42,3900,95
3544,1,20,0,0,4,0
3080,1,109,168,0,177,1
6225,1,99,287,1,264,0
7890,2,149,50,4,64,0
4389,3,6,1,0,5,0
732,1,61,207,0,45,2
546,1,170,0,3,391,5
3238,1,1678,626,61,497,22
2307,1,23,0,0,4,0
10624,5,430,0,4,207,0
2443,4,33,0,0,13,0
3897,7,1029,0,90,259,83
7057,1,1217,3519,102,1516,93
12938,1,258,843,14,308,15
2039,2,44,5,0,15,0
12378,1,112,0,6,162,3
1995,1,1054,0,34,577,14
2890,7,221,16,2,142,2
13394,0,1080,0,7,224,33
8006,1,140,0,0,255,0
12123,4,633,0,16,482,0
11592,1,198,0,2,266,0
4207,1,200,0,0,194,0
11562,5,985,1183,31,539,2
9312,5,497,98,29,210,4
13900,0,903,3,9,278,3
11158,1,503,502,26,1054,30
4510,1,1883,0,46,1288,16
336,1,31,0,0,26,0
2911,0,49,0,0,10,0
459,1,90,0,0,131,8
371,1,576,76,10,255,0
9586,1,432,389,12,263,3
12804,1,1062,18,32,256,11
222,7,241,555,15,850,20
8465,1,302,1,0,200,0
9394,1,2913,0,59,645,4
3914,1,1299,0,79,686,38
9147,1,660,0,121,354,17
10620,1,293,72,2,49,1
2595,1,1125,0,18,968,105
7849,2,201,21,2,84,1
9182,4,4005,60,130,1102,5
8085,5,478,0,15,272,5
10843,1,213,9,39,84,0
11325,5,1313,312,61,539,1
5921,5,5096,0,126,648,36
8052,2,28,9,1,33,0
9733,1,30,14,0,81,0
4028,1,387,0,6,392,2
489,8,2023,0,56,1242,28
8504,1,338,19,4,154,0
4069,1,167,31,1,98,0
11291,1,51,28,2,27,0
3013,1,442,77,0,217,0
10825,3,2712,4932,230,1724,0
5046,1,779,2,4,639,3
10319,1,200,0,17,880,45
4076,1,155,481,0,145,0
2519,1,252,768,6,1546,7
14458,3,17,25,0,11,0
10892,1,624,158,5,252,1
12276,0,734,8182,65,1532,19
7205,1,197,24,8,143,0
1813,1,18595,1259,430,1789,19
6788,1,147,0,5,434,16
1987,3,113,7,2,86,1
12005,1,527,10,24,173,4
1831,1,781,9,0,354,0
9765,1,574,11,23,456,32
10335,4,1221,4,13,460,0
7757,1,885,0,20,308,23
4816,1,595,74,7,306,2
10686,1,55,0,0,27,0
14723,0,28,19,0,18,0
1639,0,16,0,0,1,0
13563,1,245,0,1,26,0
8708,1,467,0,28,937,73
10767,1,1682,50,24,222,10
6391,1,55,72,0,39,0
11117,1,2952,0,92,1417,19
13785,0,207,0,0,68,0
9040,9,9,1,1,3,0
3944,1,604,0,10,279,4
7820,1,921,29,14,348,0
10037,4,220,0,5,327,6
2850,1,266,0,2,228,0
2580,2,132,582,1,315,2
4709,8,7,10,0,9,0
1280,1,266,171,2,224,5
11849,5,1218,55,23,328,2
2067,1,253,3,0,131,0
5543,3,302,5,3,81,2
12023,1,1690,927,49,1228,145
8335,3,23,21,0,40,0
1714,1,44,0,0,15,0
7380,7,17,0,0,3,0
5242,5,5995,0,38,808,3
13196,1,2060,18,47,418,7
5006,3,550,2686,42,1059,120
4613,3,238,99,4,241,1
9681,0,482,0,104,675,25
4476,3,389,3,28,252,1
12334,2,235,0,3,123,3
4250,1,169,168,10,282,3
2471,5,3392,7869,75,2192,7
6581,1,118,5,2,76,0
12933,1,704,0,26,445,15
4364,2,408,864,6,570,0
10243,1,8,0,0,6,0
3859,1,119,0,0,83,0
10045,1,71,0,0,40,0
14479,2,7,5,0,11,0
827,1,129,67,0,93,0
875,1,283,0,1,50,0
1333,4,1087,0,34,516,2
7465,2,15,0,0,7,0
1083,1,756,5941,18,1806,10
4300,1,224,4,1,104,1
11042,2,77,0,1,44,0
8129,4,88,1,0,81,0
14221,1,20,0,0,12,0
7267,1,544,69,7,230,1
7858,1,175,4,1,75,1
3570,1,1600,210,6,603,3
624,1,3154,719,11,300,5
5139,8,3774,1605,92,865,59
7204,1,485,647,12,310,5
5950,2,36,66,0,21,0
8761,1,666,0,15,739,127
3578,1,93,3,0,24,0
1141,1,310,109,3,168,2
12907,1,1052,0,39,1273,1
14313,1,330,0,4,181,0
8118,1,1872,93,42,986,8
4567,3,9254,12,2,1223,0
4281,1,162,44,3,94,5
6714,0,218,250,4,122,3
10626,3,1372,94,58,577,65
8175,2,94,0,0,62,0
14223,1,408,346,5,847,31
3108,3,538,678,74,677,44
9839,1,72,8,1,54,0
9780,1,561,42,2,100,1
9781,1,311,40,5,55,4
6824,1,324,9,4,183,0
9782,1,1322,414,18,640,10
11199,8,81,17,1,62,1
9737,1,3284,21,90,1956,36
7521,7,59,58,0,62,0
3242,7,34,0,0,13,0
5587,1,1886,338,93,688,1
13835,0,14,0,0,5,0
11012,1,788,486,5,412,0
2186,1,46,50,0,41,0
5820,5,590,537,22,1214,24
5634,1,433,504,3,212,0
4045,1,71,20,0,44,0
5514,1,1459,0,28,931,4
4264,3,365,258,4,139,4
2691,1,314,42,1,232,2
4968,1,1294,0,53,381,49
1864,5,9022,0,196,0,0
13689,4,12,0,0,1,0
7982,1,2885,198,26,393,48
5129,1,574,0,17,404,29
3911,5,580,1,3,62,0
2050,1,1972,0,37,456,2
3588,1,848,276,4,327,0
7649,0,53,25,0,19,0
11976,5,708,1,30,343,0
5882,1,35,0,0,8,0
6097,1,1101,20,1,328,0
14284,1,153,1,2,51,2
14299,5,63,52,3,44,5
11669,1,175,55,12,121,16
4116,3,487,1,0,215,0
13742,0,331,9,2,64,0
14468,1,70,75,2,16,0
6789,1,224,91,5,163,0
6221,3,60,0,0,15,0
11326,0,2563,8,15,502,0
4694,1,42,0,2,9,0
8340,2,40,10,3,37,0
8793,1,65,0,0,51,0
12360,1,369,0,4,126,0
9747,1,1380,0,114,542,33
10905,1,392,0,23,314,2
11192,1,1984,99,30,365,5
3401,1,1288,1797,6,212,13
7128,1,2820,134,99,349,10
170,1,425,10,8,330,2
10500,5,771,76,5,411,0
2680,2,502,127,12,300,11
1156,1,1565,1279,23,415,21
7355,1,68,0,1,257,1
14226,1,2312,57,42,516,30
9491,1,6361,2046,88,1665,39
10926,1,189,0,2,159,2
742,1,84,42,0,54,0
8619,1,435,374,3,306,2
4729,1,134,0,1,97,0
7059,4,160,0,1,628,7
3907,5,326,37,2,135,2
6112,1,24,0,0,4,0
5851,8,20,11,0,13,0
13658,2,1071,6,10,660,0
6644,1,95,343,1,174,0
4206,1,208,0,9,1018,34
1077,1,108,59,2,57,0
11146,1,977,509,95,312,17
11957,1,148,21,5,57,0
10283,1,69,3,0,23,0
5794,1,1736,0,98,1039,117
13979,10,25,12,1,19,1
3932,1,392,53,0,79,0
6034,1,205,0,0,337,2
7132,1,42,147,1,35,0
8120,3,60,0,2,82,1
13489,4,383,1,1,31,0
5011,1,289,336,1,159,0
10953,1,140,0,3,154,23
8758,1,4329,4653,209,1406,67
9583,1,81,51,0,41,0
6994,1,374,1163,5,351,1
10919,2,232,0,2,139,2
7173,1,33,6,0,21,0
326,3,17,1,0,11,0
5198,5,914,0,0,312,0
3351,1,495,0,26,511,2
8185,1,695,9147,11,2234,9
12306,1,511,468,19,297,8
12546,1,48,6,0,37,0
3605,1,521,0,29,590,10
9030,1,1632,345,1,221,0
11896,1,171,610,6,341,18
7022,1,56,92,0,51,3
4966,1,986,3034,49,3107,15
4887,1,161,194,1,133,0
11848,2,967,0,24,204,2
2930,3,3536,15937,995,4980,305
3101,1,5377,0,313,5605,256
9806,7,2526,2859,82,1595,87
4647,1,1055,1868,10,434,16
12893,1,296,1,5,65,0
12107,1,91,4,2,16,1
1343,1,93,84,3,48,1
1195,1,301,24,1,143,2
6378,1,982,0,37,539,2
4321,1,195,28,0,152,0
11712,5,84,0,37,173,49
12139,1,898,0,16,492,11
9058,8,1763,10,38,564,0
6709,1,1264,0,22,1031,35
3071,1,434,0,0,177,1
11759,1,88,41,11,68,0
9466,1,76,174,0,134,0
13007,1,1700,3786,98,1272,34
8575,1,11,0,0,9,0
2657,1,1256,2086,26,1051,18
2543,1,22,0,17,225,1
483,1,153,255,0,108,7
1000,3,83,0,0,54,0
9833,4,550,0,37,285,25
1513,1,67,34,0,54,0
5793,8,7507,59,288,424,3
9101,1,69,0,1,428,4
13195,1,607,3,10,203,1
479,3,88,78,0,128,0
13006,1,826,398,18,212,10
1633,1,671,465,1,434,12
6668,4,347,0,7,257,2
12949,1,1618,0,147,284,50
7123,1,620,4,8,549,3
9024,2,318,123,6,138,0
14445,1,712,168,33,320,1
11203,4,624,163,22,171,0
3171,1,73,154,0,104,1
9934,5,7296,7292,271,3611,552
13640,1,102,0,1,54,0
1799,1,70,86,0,44,0
304,3,2017,23,29,721,3
8491,0,58,54,0,50,1
220,1,108,0,0,55,0
6139,1,471,1560,21,1064,24
7200,1,14,0,0,7,0
3572,2,8,7,0,5,0
7504,1,430,37,8,258,12
3143,3,153,270,7,166,2
13222,1,64,19,1,39,3
495,1,562,0,2,149,1
895,1,452,10,8,267,4
9390,1,2487,182,94,1304,47
11612,1,224,11,1,170,0
11138,1,1770,0,1,524,0
6117,3,1027,29,39,581,8
10456,1,372,55,1,205,0
830,1,41,0,0,50,0
14758,1,231,0,9,225,4
10326,1,5700,0,110,2682,20
11881,1,277,116,2,156,0
10185,1,490,0,36,85,0
9021,1,2646,11,61,602,31
11804,1,500,3,1,284,0
7929,1,96,29,0,68,0
3962,1,190,29,1,147,2
13350,1,669,0,4,65,0
7216,1,361,0,2,66,0
7328,1,126,0,1,105,0
2768,1,290,2,0,126,0
8306,10,446,806,13,175,2
9615,2,144,119,0,96,0
1170,1,65,0,0,40,0
8000,1,1034,0,14,773,38
12716,4,1158,46,53,605,9
8868,1,687,207,4,179,1
8875,1,1361,0,28,737,3
8870,1,1134,0,44,1101,20
8869,1,2393,831,48,437,29
6841,1,2476,4929,65,3396,10
8866,1,725,2494,42,1527,154
4109,1,1300,2937,2,309,0
8876,1,300,0,1,46,0
8862,1,600,862,13,463,18
8873,1,13,16,0,516,0
8864,1,742,1147,26,393,21
8861,1,2174,0,27,231,1
8860,1,495,319,8,464,0
6494,1,716,732,10,361,10
8880,1,212,593,2,117,0
8872,1,337,84,1,219,0
8863,1,397,123,16,123,4
8856,1,296,213,9,301,6
4096,1,685,0,0,89,0
8855,1,185,13,5,175,26
8881,1,494,456,6,151,0
8877,1,170,20,0,67,0
8854,1,132,174,0,53,0
8857,1,330,0,2,225,15
8858,1,410,383,7,352,9
157,1,945,1014,29,462,29
8871,1,69,9,0,12,0
8879,1,1666,0,28,904,219
7675,5,1135,17,13,425,27
8874,1,212,254,0,248,3
8865,1,56,0,0,30,0
8859,1,2065,1830,76,630,86
12996,1,195,0,5,491,21
2426,1,999,0,32,572,53
14550,1,40,21,2,31,2
9221,1,254,2213,17,831,56
1014,1,650,0,11,256,9
12113,1,2098,7,43,582,35
1171,1,153,0,1,123,0
1895,1,80,0,1,21,0
7551,2,1780,0,6,673,0
6942,2,44,96,1,40,0
425,6,4253,463,51,1367,0
7037,5,935,1150,15,485,4
6831,5,275,19,1,111,0
385,1,567,0,2,421,1
8676,1,2697,0,113,1500,45
13611,1,194,142,0,78,1
7713,1,332,278,77,424,10
13039,6,858,557,52,637,101
1351,1,10,17,0,82,0
10822,1,257,27,34,109,0
1699,2,198,1,7,356,15
8503,1,1612,348,59,752,14
178,6,1023,1850,12,1220,4
11824,1,726,86,332,984,110
1859,1,334,0,5,273,1
12071,6,834,0,6,375,1
7060,4,2367,658,161,926,269
9163,3,51,93,2,192,10
9110,3,854,15,42,172,6
291,3,2779,0,327,1479,327
4739,3,587,0,17,792,1
14754,1,248,0,3,71,0
6618,4,113,5,0,65,0
1856,1,590,884,6,436,12
6105,1,409,641,5,315,54
9413,3,3937,0,136,2673,124
13811,1,38,26,0,25,0
10087,5,277,8,3,115,0
5187,1,202,999,6,810,46
12962,1,2476,4,144,1097,0
10239,4,124,0,1,31,0
9113,4,894,0,20,915,11
1652,2,12,2,0,7,0
10121,1,78,1,0,50,1
9650,1,48,0,0,52,0
10599,1,3425,2580,26,1528,65
292,2,636,0,14,705,0
11766,5,923,804,11,324,10
4728,2,918,13,52,1215,87
4550,4,825,228,10,430,0
4659,0,9,0,0,1,0
200,1,566,332,6,291,3
10359,10,484,229,15,319,20
7822,1,189,8,7,142,4
1525,1,43,6,1,22,1
13254,1,862,976,15,395,20
5405,0,197,0,0,70,0
13240,1,712,0,38,549,5
226,1,223,0,7,373,4
9240,1,13,103,0,26,0
13199,1,735,0,45,154,17
6180,1,64,116,1,44,3
13235,1,201,0,6,130,15
10082,1,412,198,8,233,0
864,1,102,1,0,74,0
12517,1,115,0,0,188,0
11694,2,245,61,26,258,16
9685,1,333,99,7,97,0
11613,10,1730,0,18,951,10
14779,2,122,0,1,20,0
6116,3,125,233,3,191,1
5703,1,48,0,0,20,0
8611,1,65,0,0,11,0
14390,1,217,0,3,122,1
12307,4,372,436,3,294,0
10967,1,423,5,3,150,0
402,3,253,444,42,453,66
1161,1,279,0,4,775,16
390,1,2501,0,103,1340,39
1596,1,424,41,12,281,4
12666,1,767,0,3,70,1
10675,2,9,41,0,24,0
4223,1,86,0,0,101,20
3854,1,247,711,2,241,10
4873,5,760,0,0,25,0
4875,5,945,0,6,67,1
2425,1,95,2,0,71,0
7635,3,11,0,0,1,0
9940,1,2267,3303,36,4798,120
12205,6,639,0,16,230,0
6529,2,519,16,7,231,0
11410,1,1065,12,24,793,18
6721,0,140,0,0,56,0
12762,3,410,1589,53,219,40
10390,6,741,2441,8,627,0
1438,1,395,157,10,376,26
2858,1,1997,4581,93,1412,72
4890,1,95,37,2,60,0
3381,1,9,0,0,8,0
9189,1,174,277,1,167,3
6654,5,2202,6735,165,1023,243
7826,2,2574,0,22,882,0
3580,1,487,134,27,199,2
3890,3,1795,0,176,918,73
11544,1,15,2,0,7,0
10149,3,158,0,0,58,0
10252,1,2642,340,28,934,2
4857,1,906,35,539,711,2
2671,1,772,332,49,378,47
2791,1,143,0,0,114,0
14512,1,154,8,1,108,0
11076,4,258,72,1,77,0
9695,1,57,0,1,29,2
12058,2,1557,65,50,947,3
2474,1,518,716,6,108,3
9372,3,556,85,43,399,111
7135,1,70,0,0,56,0
12147,1,1000,0,26,528,13
125,3,1112,245,30,712,0
1268,1,490,8,3,34,0
3581,4,187,0,0,79,0
8283,5,2245,4,14,694,0
13192,3,521,77,10,235,3
5966,3,100,85,0,179,0
7698,1,554,1149,71,1262,172
10931,2,276,0,2,194,0
5069,3,97,0,5,78,0
9287,1,636,219,34,460,31
6337,8,1232,663,37,316,6
5302,1,47,39,0,48,1
655,1,2138,0,7,28,7
11039,2,77,0,0,39,0
1259,3,41,21,0,15,0
14643,7,36,0,1,24,0
1760,1,1485,65,1755,816,54
14327,1,127,0,5,103,9
8649,1,80,10,0,53,0
5087,3,1656,95,85,1861,35
6011,1,907,0,46,948,35
2697,1,248,3097,19,611,63
9301,6,4318,0,181,2198,0
6828,1,1109,594,29,611,5
9783,1,916,0,183,780,40
11650,1,1244,6,31,365,9
9558,1,1893,0,3,335,0
12342,1,1181,679,49,867,37
13782,1,197,84,1,81,2
9244,1,1129,241,81,313,14
2687,8,172,0,0,25,0
8083,5,701,0,55,647,1
606,1,1664,30,17,275,0
6063,1,339,783,1,234,0
13669,2,33,32,0,32,0
12140,6,1115,28,87,573,83
9619,1,24,0,0,6,0
2179,1,4807,0,109,2950,44
12159,1,65,0,0,3,0
9556,1,768,408,8,391,1
989,1,419,0,2,88,0
14184,5,11,0,0,2,0
12734,1,340,0,44,368,12
9901,4,118,7,2,65,3
636,1,3663,8676,33,797,22
12016,1,29,74,0,47,0
1364,1,127,0,0,8,0
5469,1,803,79,11,515,0
8384,1,898,0,17,359,5
5033,1,1122,0,10,173,0
2553,1,155,92,3,93,1
7446,1,6873,1211,93,484,10
1592,2,416,0,0,148,0
11666,3,63,0,0,48,0
1567,9,13,0,0,10,0
5591,2,197,68,1,191,4
2051,4,464,159,3,222,1
13326,0,141,186,8,45,0
2129,0,284,0,2,20,0
8848,1,133,449,3,122,18
6477,1,382,101,0,180,0
8282,8,2143,0,19,393,2
11782,5,854,0,30,899,16
1373,1,828,138,2,98,0
12959,1,304,2337,8,1327,26
5662,1,563,0,0,308,1
6239,1,1291,0,28,921,34
6123,1,49,53,0,46,0
9702,1,357,12,0,273,2
2110,1,123,0,2,49,0
3336,1,211,112,4,187,4
12397,1,404,91,7,93,4
3811,3,2739,4340,149,889,26
10734,3,302,181,11,161,6
1443,3,1254,836,7,243,5
4514,3,2395,406,32,1029,24
3822,3,1628,3,8,190,0
7571,1,4024,102,42,720,38
8037,1,1690,667,100,1047,10
8137,2,3008,0,16,769,2
3560,1,56,19,0,51,0
9233,1,498,37,1,190,0
1747,1,292,97,2,238,0
2603,0,13,0,0,8,0
14742,4,27,0,0,18,0
4698,1,870,0,0,74,0
2427,3,899,37,11,674,30
12649,8,593,10,9,127,3
11336,3,169,3,0,27,0
14132,1,271,0,5,28,0
9631,4,556,0,2,276,0
6708,1,34,12,0,23,1
86,3,45,250,3,103,4
3825,3,71,0,0,48,0
8437,1,456,1009,10,249,19
13014,1,3756,0,96,572,0
9565,1,15,0,0,13,0
6537,1,2199,468,36,1049,0
202,2,281,79,4,163,0
3633,8,318,85,0,57,0
2203,1,29,1,0,20,0
11955,1,952,692,5,289,5
13200,1,1086,429,11,285,5
12028,1,1254,2,5,249,0
4212,10,39,1,0,34,0
13102,1,3208,0,19,737,5
10520,1,1523,71,11,78,2
12937,1,2080,185,22,327,4
7485,1,751,1,0,76,0
270,0,592,0,0,98,0
8626,4,72,0,2,22,0
6584,5,108,2,0,50,0
4919,1,1951,150,16,885,1
9061,2,231,180,3,95,1
1271,1,31,0,0,70,0
6869,1,85,38,14,44,9
8620,3,465,19,22,154,8
9953,1,1284,356,32,360,10
9032,3,368,29,2,185,0
12258,1,3271,1226,76,700,48
9660,4,53,61,1,59,0
6829,1,248,1,2,111,0
1396,3,62,0,0,47,0
301,1,111,664,0,63,0
13968,1,247,22,0,124,0
9286,10,1666,32,106,965,2
9614,1,916,21,12,548,1
303,1,844,135,155,551,24
10585,1,204,5,4,167,1
11313,7,226,0,1,36,0
8539,1,230,0,1,123,3
6388,1,910,0,13,227,0
10680,1,371,389,4,351,3
10683,2,410,201,15,455,6
4050,1,180,2,1,147,0
11575,5,750,421,33,340,35
2760,0,279,57,0,56,0
2955,7,416,106,21,324,1
12446,6,2645,0,193,1425,101
4702,1,488,0,3,347,0
4263,9,57,0,0,12,0
8409,3,607,1,9,184,0
6780,1,46,50,0,66,0
338,0,319,824,25,477,13
12006,1,99,0,0,62,0
1248,1,1874,0,41,1075,18
10012,1,1777,2318,38,1199,60
12987,1,40,0,2,3,0
14064,1,80,0,2,4,0
6817,1,128,0,4,27,0
1084,1,126,0,0,91,0
6445,7,137,0,0,71,0
5911,1,110,0,0,41,0
11362,2,294,0,5,240,2
1980,1,135,94,2,111,0
8279,5,892,0,41,559,11
10211,1,987,101,151,639,90
14455,1,1087,414,8,264,2
5542,1,1576,38,92,12,0
2950,6,44,106,0,49,1
434,8,6873,0,87,632,8
4213,1,22,0,0,16,0
2247,1,283,0,5,240,0
1742,3,610,147,11,328,8
6222,1,290,119,0,235,0
10369,10,1361,0,17,602,0
7840,1,713,2414,17,181,28
7238,1,474,0,15,650,4
12983,1,47,0,1,3,0
12984,1,38,0,1,3,0
3463,1,173,0,1,245,6
9865,4,907,219,18,398,7
12986,1,38,0,1,6,0
12985,1,36,0,1,4,0
13713,1,41,0,0,6,0
13876,1,44,0,0,4,0
2294,1,826,16,9,301,0
11456,8,525,0,15,273,0
10596,1,464,0,2,406,0
4616,1,399,345,3,297,2
3725,0,28,0,4,9,1
11614,1,755,639,17,300,18
3818,3,2147,1416,35,640,47
6275,1,498,618,13,622,2
13148,1,697,0,2,122,0
2754,6,806,950,10,1196,10
13643,1,41,0,1,17,1
5018,1,452,0,16,348,3
499,1,905,7236,26,2821,95
12797,1,760,182,51,281,50
2759,2,89,67,0,94,0
3821,1,4016,21977,91,1865,90
14238,1,226,0,1,492,2
14556,1,310,0,0,25,0
13149,1,531,12,5,145,0
197,1,2684,332,65,1134,37
3579,6,550,12,11,331,1
748,2,138,0,12,431,0
1650,4,13,0,0,5,0
13220,0,945,226,55,441,12
5828,4,920,714,15,659,11
9230,1,374,85,16,128,6
11398,1,61,6,1,50,0
10592,1,370,627,14,570,12
7357,2,780,0,6,261,0
3065,1,123,0,0,72,0
9304,1,1695,169,64,831,6
8132,1,359,0,20,825,27
6483,3,168,15,11,125,0
12521,1,1573,660,22,357,4
13971,5,161,8,3,26,1
4297,6,68,0,0,40,0
9560,1,69,0,0,45,0
8238,1,1203,11,55,327,2
10486,5,199,0,1,98,0
13060,5,118,0,2,98,2
11503,1,808,621,14,481,6
8510,1,126,2,0,18,0
3325,1,1870,29,32,600,2
472,1,200,0,0,29,0
3649,1,1238,0,14,332,11
8317,7,1728,0,28,254,0
3950,7,2829,2746,55,759,26
8719,1,789,11,31,392,2
4882,1,2991,183,55,569,0
2340,1,394,291,3,587,90
12286,3,985,1,49,446,18
4670,1,2655,0,22,602,2
2089,1,458,0,16,279,2
1728,0,60,38,0,50,0
6176,5,1470,3409,40,1618,26
10883,1,1156,0,25,1190,21
11539,5,310,3682,45,413,14
3126,1,28,0,0,21,0
1992,1,3492,1520,56,655,2
310,6,1331,2662,64,1029,9
7677,3,2295,1,40,1188,1
8263,9,11,0,0,12,0
8692,1,71,7,1,35,0
4707,3,1299,3,13,862,26
4217,8,1153,47,28,265,0
3157,1,222,0,4,144,0
10636,1,645,1296,8,619,16
5762,7,131,1,4,76,1
9227,1,1896,1039,94,445,42
14173,10,136,118,0,332,3
12024,1,1500,5,14,793,1
3316,3,2218,423,29,62,24
327,3,827,55,2,306,1
365,1,1207,12095,29,1092,30
6482,8,653,0,30,374,3
3879,1,1072,183,12,685,0
1900,1,829,0,31,861,26
1237,1,140,5,1,37,1
193,3,1163,0,4,308,0
11844,1,590,191,6,152,15
12848,1,1463,0,80,928,117
12885,1,3434,0,58,969,15
6235,3,225,351,5,1076,4
10809,1,1826,3534,37,1202,21
3310,4,633,0,5,56,2
2574,2,62,0,0,45,0
426,3,50,1,0,21,0
494,1,1411,660,25,481,50
13568,1,60,10,0,31,0
13285,0,77,173,9,111,12
11600,3,131,41,6,106,3
11356,6,1202,1007,80,1968,224
6040,4,333,2,8,116,0
6298,2,2147,24,171,734,28
3562,1,725,944,3,307,20
12748,1,746,18377,31,1876,75
1972,4,217,0,3,91,0
10518,4,324,115,2,175,1
6066,1,2099,0,36,785,0
9844,4,2937,323,251,1904,51
7711,4,1529,503,29,618,1
8377,8,32,63,0,26,0
778,1,1654,1951,28,845,1
5245,1,965,0,30,281,8
12672,1,117,11,2,101,4
13952,4,28,0,0,1,0
6921,0,27,59,0,12,5
10339,3,80,0,17,369,47
1449,8,86,866,4,441,5
8498,1,20,39,0,55,0
554,1,1050,5,10,289,0
12556,1,162,0,2,93,1
11890,1,19,0,0,16,0
12638,1,50,78,1,81,1
5393,1,900,5436,11,745,9
9817,1,612,0,47,248,1
6056,1,1490,13442,22,369,11
3066,3,1205,4,23,856,10
3312,4,474,767,24,169,26
1386,1,168,520,1,121,0
3655,1,2119,0,56,894,2
11341,1,393,0,3,86,0
10447,1,13,6,0,47,0
13358,1,1014,51,10,112,1
11444,1,363,26,0,52,0
3991,4,126,10,2,55,0
3648,1,871,0,5,803,0
2350,1,40,90,0,71,0
7994,1,2063,319,81,815,0
5074,1,826,0,39,1624,39
7855,1,292,781,9,337,81
7181,1,197,1364,1,287,0
3217,1,455,48,34,341,5
1777,3,8452,255,180,1379,19
9662,1,9,24,0,8,0
7176,1,1174,0,488,435,10
8275,6,39,78,1,102,3
12224,2,4959,8,698,423,25
2158,1,35,69,1,12,0
12713,1,30,14,0,14,0
275,1,257,70,0,205,0
4858,1,2166,88,63,553,10
9574,3,37,0,0,27,0
6031,1,73,0,0,3,0
8989,4,162,30,3,28,0
4517,4,2863,144,298,1886,106
11997,1,262,48,2,42,0
10984,5,1184,0,18,891,2
11181,6,1563,39,318,1204,7
41,1,49,0,0,34,0
14609,1,163,36,0,44,0
4277,1,602,33,1,170,0
11884,4,56,24,0,6,0
3532,0,285,2284,32,443,17
5645,2,27,0,0,29,0
5669,0,12,0,0,7,0
12676,1,655,0,14,335,18
6448,4,39,0,1,37,0
3646,1,36,0,0,12,0
4631,1,1978,140,4,675,8
6353,1,109,286,9,138,7
7296,3,337,0,4,92,0
12427,1,1195,10,5,193,2
10282,1,235,48,1,162,0
8322,6,4366,2842,375,5222,44
4749,1,112,49,0,34,0
10182,3,674,0,6,816,21
1063,3,2566,192,125,917,175
2465,3,2651,1830,32,733,1
12913,3,106,0,5,41,0
12840,3,1310,0,75,845,89
12801,3,570,138,29,259,27
8606,3,5279,0,95,354,49
4478,3,930,0,18,604,22
12800,3,213,237,19,367,27
3810,3,2362,780,9,524,3
8104,1,510,74,3,142,0
3510,1,1115,0,16,1405,2
9128,1,419,0,16,500,10
12337,5,116,30,2,177,1
12492,1,853,2,19,96,0
5413,3,704,387,15,331,3
3635,2,241,232,1,187,1
7656,1,423,0,18,332,10
6189,1,30,0,0,20,0
13180,1,483,376,10,139,5
52,1,514,787,0,335,5
11159,1,666,0,23,345,7
13829,7,14,0,1,110,0
3511,1,264,0,0,203,0
8484,1,357,1,3,152,0
12926,1,2364,2230,60,959,48
4964,3,204,396,2,143,1
1264,1,72,46,0,63,0
4472,3,7263,548,152,3665,139
9121,0,137,2,3,130,4
7089,4,1139,16,12,331,0
4557,4,2431,34,147,866,67
696,8,5400,0,91,718,3
9209,1,604,0,88,538,99
2945,8,121,25,3,249,4
13244,7,1225,0,25,291,0
14077,1,301,173,2,119,1
5829,2,26,0,0,19,0
3293,1,610,130,29,575,40
3309,3,8351,2773,1241,2825,894
6422,1,230,214,2,360,0
14068,0,228,0,1,33,0
3387,6,8,0,0,8,0
6662,1,786,908,52,338,22
11091,3,994,1278,100,1265,118
1074,1,21,0,0,21,0
11415,1,2735,0,116,1333,118
7985,1,18,2,0,11,0
4274,1,98,1,8,34,5
2894,5,1590,0,57,805,25
9308,10,476,2,3,238,0
5463,0,44,33,0,30,0
2641,1,188,908,2,181,9
12081,1,4780,8253,227,3443,335
9830,5,2441,0,93,534,37
9712,3,123,3,1,57,0
11292,1,203,6,0,134,1
610,1,3265,1797,87,1131,128
3752,1,41,11,0,28,0
4872,1,2085,0,34,1292,28
13105,7,276,0,8,140,0
6107,1,176,12,8,81,1
10248,1,1062,309,33,562,19
4903,1,16,0,0,4,0
5205,3,496,77,23,221,0
2000,1,971,257,39,527,79
7318,1,101,3,0,31,0
9587,1,539,0,16,251,1
8227,5,4516,0,179,2480,56
3994,1,94,475,2,118,2
6315,2,196,0,5,13,0
5207,1,178,61,0,63,0
10430,1,29,37,3,74,8
58,1,41,26,1,27,0
7759,0,300,9,12,128,8
14768,0,79,55,0,55,0
599,1,387,24,0,57,0
11862,8,3161,1780,338,732,514
10123,6,62,27,2,47,1
3602,1,1124,0,26,452,84
6029,2,1565,1019,267,2145,57
880,1,686,0,7,317,9
4173,1,1735,3197,75,710,131
13203,1,2390,1,15,396,1
3584,1,37,0,0,23,0
910,1,359,90,0,98,1
8299,1,142,330,5,262,5
9042,1,27,0,0,11,0
1406,0,52,10,0,19,0
7144,1,132,3,1,33,0
11571,5,38,0,0,26,0
13041,1,678,219,30,207,22
5140,8,3742,63,37,953,12
6998,1,17,213,0,16,1
3712,2,209,0,0,150,2
6675,3,584,1,3,319,0
3403,1,617,0,0,45,0
4778,0,6,0,0,6,0
1299,1,608,0,9,577,46
9769,1,2406,0,103,572,3
9007,1,172,145,7,288,9
3265,1,56,9,2,17,0
5853,1,842,184,132,300,46
12252,1,1839,0,356,1095,337
12290,1,216,316,5,182,10
12301,6,347,8,5,248,1
411,1,1292,0,1719,496,5
9557,1,84,133,0,176,0
2884,2,58,5,0,32,0
4087,1,906,4,2,205,1
1252,7,5,0,0,3,0
8907,1,480,1357,15,671,8
14,1,792,1577,64,516,15
9894,1,155,0,2,80,1
11869,1,296,52,8,156,0
7495,6,60,84,0,43,1
12994,7,1057,814,65,208,1
5308,1,194,1168,11,174,8
5036,1,2594,59,117,4925,106
12303,1,1081,1505,9,1282,0
3868,2,113,0,0,68,0
2715,3,1955,1,36,329,1
9353,5,2600,59,154,471,109
13899,10,116,2,0,70,0
10835,2,5979,0,333,1809,67
9022,5,108,0,1,66,0
2282,1,61,9,2,147,7
10113,3,1147,0,100,990,28
6323,1,565,0,1,299,27
6608,1,3549,708,28,462,3
2731,1,588,0,2,32,0
2744,5,182,2,0,13,0
7456,1,292,406,23,272,3
2726,5,193,30,1,27,0
2725,5,169,0,1,6,0
2741,5,144,0,0,2,0
2723,5,151,0,0,7,0
2742,5,178,0,0,34,0
2722,5,183,24,0,31,0
2739,5,142,0,0,1,0
2727,3,413,0,11,250,13
2730,3,4902,5097,234,969,314
2724,5,475,5,5,246,1
2743,1,583,18,1,57,1
2719,3,2117,0,5,368,0
2718,0,316,1,0,8,0
2728,1,576,66,29,309,11
2714,5,206,16,1,19,2
2740,5,155,0,0,6,0
2717,3,728,309,26,191,2
2735,5,150,12,0,15,0
2720,5,343,32,5,24,2
2716,5,459,81,19,211,13
2737,5,166,0,0,13,1
2733,5,163,0,0,8,0
2713,5,15607,909,82,431,29
2707,5,165,10,2,32,0
2709,5,137,0,2,147,1
2734,5,150,0,0,9,0
2711,3,1350,1091,25,687,12
2706,8,500,262,5,155,0
2729,5,178,12,0,22,0
2705,1,968,14,8,206,9
2736,5,715,60,1,110,0
2710,5,888,0,22,341,9
2708,3,4769,2105,55,847,9
2703,5,395,1,5,81,1
2704,3,193,0,2,613,2
2702,5,240,21,8,17,2
3,1,251,0,2,155,2
2701,5,704,230,2,59,0
11701,1,127,37,0,73,0
11837,1,44,8,0,29,0
7799,1,1286,1372,45,784,3
2445,10,797,0,4,371,0
4267,1,250,572,2,171,0
8015,1,1460,1871,23,748,4
10023,1,165,0,5,96,4
9296,3,847,1789,8,301,0
12215,2,598,0,11,326,0
9721,1,10,0,0,3,0
62,0,21,0,0,4,0
9436,4,89,3,0,27,0
12298,1,1315,0,16,401,0
12379,1,1531,1835,28,330,2
8755,4,3263,0,168,1266,296
3379,1,651,0,11,199,2
1420,4,362,1,16,135,1
9471,3,1850,0,81,675,4
3297,2,197,9,11,134,14
50,1,281,988,24,285,12
12703,1,651,0,14,336,6
9819,1,542,228,21,281,0
9991,1,472,1,5,75,1
8111,4,556,648,26,298,24
9960,1,32,0,1,25,0
5212,1,52,32,1,39,1
11552,5,248,2,0,2,0
7081,1,339,38,1,207,0
10317,1,1206,0,46,701,39
6898,1,63,94,0,53,0
9246,1,16,17,3,11,0
2635,8,50,19,1,37,0
5748,1,1564,0,131,758,30
3356,2,59,10,0,25,0
8203,1,159,8,1,138,1
8351,1,10,0,0,10,0
302,1,1594,0,48,66,86
440,3,92,0,0,111,1
13961,1,117,37,1,56,1
9618,1,220,752,5,174,22
10309,8,5819,0,86,600,0
280,5,39,1,0,45,0
11293,1,1897,0,39,1119,13
12900,1,263,799,146,339,94
9064,1,129,0,8,108,25
10544,5,1245,0,260,800,13
6805,1,74,28,0,70,0
1062,1,772,0,8,502,3
4346,1,1203,7,16,407,5
7273,1,470,1,1,305,0
2063,3,95,0,1,58,0
1072,1,478,480,9,372,25
234,4,38,0,0,8,0
10220,4,238,0,5,92,0
11751,6,2261,379,156,885,157
12952,0,414,0,70,397,44
7429,1,82,153,0,70,3
3168,3,167,59,0,135,0
6317,1,458,0,4,100,3
11223,3,696,88,115,189,87
1211,1,47,90,0,95,0
13748,6,86,23,0,98,0
9509,1,303,0,2,35,0
8439,6,593,36,16,407,2
10516,8,1166,1,39,1326,16
12046,3,384,0,9,123,2
11228,3,1528,64,22,743,16
11745,6,414,618,9,456,2
9363,1,1139,0,20,477,20
12830,8,2435,2766,141,803,18
12010,1,2190,1343,116,1557,91
14376,5,84,30,3,26,4
10805,1,308,0,13,303,4
11640,5,104,1,1,83,0
11317,3,1228,357,96,683,19
14240,1,126,0,1,45,0
9158,1,203,184,9,215,10
14082,2,96,68,0,49,1
4059,3,692,1030,11,1332,7
9841,6,68,0,1,28,0
3762,4,1502,0,42,346,0
9151,1,893,1068,9,1420,1
10891,1,6239,17951,249,6246,255
3561,3,83,0,0,42,0
10363,10,3296,39,73,970,0
5382,3,726,62,45,519,67
11516,1,821,2,25,311,9
14322,1,993,0,3,272,0
1407,1,635,29,1,293,0
6676,1,60,130,1,47,10
10183,1,13,2,0,12,0
984,4,165,82,15,82,10
10927,1,98,0,0,46,0
9425,1,4709,4365,57,3829,47
247,1,763,134,70,270,7
4238,1,123,0,1,72,2
4443,2,334,38,9,221,19
3949,4,497,0,4,94,0
14518,1,811,0,7,462,2
1210,1,759,332,23,476,4
9313,1,2278,0,73,589,9
7074,3,219,20,4,159,0
6026,1,1353,281,132,829,281
10786,1,349,326,19,316,14
1029,6,730,400,17,1020,6
9632,1,402,0,7,250,0
2827,8,1904,0,28,302,1
565,1,655,37,48,249,25
10721,1,240,0,0,169,1
268,1,1523,0,22,119,0
9218,1,332,17,0,189,0
8332,3,642,24,2,188,3
13091,1,537,0,8,301,4
12997,1,2439,0,92,967,78
8500,1,193,99,8,114,0
13090,5,515,0,12,1103,1
6791,4,30,38,0,31,0
8724,3,644,4,10,210,2
3757,2,26,28,0,25,0
5970,1,579,167,7,472,0
5329,10,598,0,1,311,0
366,5,1500,398,16,91,0
8643,4,268,94,0,69,0
139,1,5811,0,65,1195,2
10093,8,1140,13,12,363,4
14269,1,21,11,0,24,0
8713,1,734,0,8,416,2
9598,5,584,2,66,105,28
12141,2,96,0,0,48,0
12764,4,774,0,18,332,0
102,1,133,174,0,109,10
1741,4,67,1,2,78,1
2817,1,1008,270,6,454,0
9453,1,49,16,3,111,2
4497,1,285,0,8,222,13
4878,2,981,1487,77,830,121
12729,8,3060,731,48,328,1
9617,1,878,1161,38,656,55
1229,1,1123,0,10,3440,0
13061,1,257,3254,10,661,14
29,1,138,21,0,83,1
7833,3,951,20,16,299,16
12859,5,875,0,52,304,0
14180,0,18,0,1,3,0
14155,3,87,0,0,26,0
9599,8,1620,0,5,62,0
2964,10,360,4,4,167,0
5812,1,90,51,2,107,1
4991,1,963,1243,18,920,7
6415,1,448,1,0,274,0
2166,1,34,3,0,15,0
9416,1,304,1142,10,272,10
11572,10,768,0,33,23,0
9462,1,734,0,2,289,0
12500,1,617,1092,12,670,7
6136,5,960,135,16,403,6
9594,1,724,0,59,84,0
2104,1,396,8,1,200,0
4012,1,755,198,2,126,0
8354,1,158,0,1,79,0
11349,8,193,0,49,121,0
765,1,701,0,261,1077,47
12823,1,2725,2862,276,2837,7
1445,8,31,24,0,22,0
11429,1,540,60,4,184,0
4496,3,1040,2,11,234,0
7690,3,469,0,18,119,5
10752,8,4896,0,150,144,26
14060,0,16,0,0,7,0
3203,5,727,623,13,1109,4
10654,1,1437,59,21,124,10
7402,3,453,0,19,596,8
8942,3,1845,3601,97,1330,51
12445,2,52,166,1,180,2
10436,1,837,3,4,316,0
14663,3,14,1,0,3,0
14034,1,603,916,13,469,19
12142,1,416,220,17,889,22
3660,1,2098,0,99,389,117
1519,1,91,585,0,79,0
13185,1,953,0,38,471,28
12580,10,8,0,0,6,0
379,2,1561,0,102,2392,7
9688,1,89,209,0,83,0
5167,2,50,0,0,19,0
10897,2,540,4,9,212,2
12812,1,1863,734,291,1268,43
8923,2,86,0,0,42,0
8922,2,21,16,0,26,0
792,3,998,0,33,492,10
7426,1,49,4,0,30,0
6934,1,362,0,3,209,9
11189,1,418,0,30,354,2
7285,1,123,1,1,65,0
6619,3,358,54,10,170,7
9499,1,50,62,0,65,0
13305,5,573,0,19,565,3
12917,1,743,24,20,364,8
14450,1,11,0,4,73,1
13998,1,325,225,1,254,0
11217,1,20,0,0,10,0
4041,1,644,314,2,357,2
11462,3,2477,11,57,982,1
14200,0,16,0,0,8,0
1849,1,63,23,0,90,0
10832,1,8728,0,251,623,4
11167,1,200,0,2,74,0
14536,1,9,0,0,1,0
3370,1,120,214,0,67,2
7881,3,2789,197,204,1063,55
10962,5,1359,0,27,440,2
4801,5,9735,77874,254,12356,168
6428,1,145,0,0,70,0
7739,3,290,0,3,531,2
1625,1,993,502,30,612,28
844,1,109,255,0,101,1
10629,1,300,353,14,479,11
8,1,219,608,1,207,14
4814,1,46,0,0,26,0
7077,1,1391,0,39,601,9
12999,1,378,116,7,79,21
10230,1,344,2,0,11,1
416,1,494,295,10,484,19
9676,1,219,8,1,165,0
2614,3,295,26,4,102,6
11738,1,61,29,1,50,3
2243,1,85,12,0,3,0
8240,3,2127,4208,7,1578,0
1889,3,561,590,1,290,1
2491,1,82,0,0,64,0
7115,1,730,48,7,261,7
11044,1,584,1,23,494,1
564,1,5591,7225,229,301,8
10555,1,296,399,7,232,2
2943,8,1713,1073,35,1125,45
10316,1,3027,254,176,585,128
2261,1,463,317,12,153,0
7116,3,328,0,0,183,0
7112,8,331,630,8,184,3
12192,1,3258,0,153,2100,16
7580,1,316,37,3,157,3
2937,8,1521,3610,28,1089,28
1908,1,2693,0,34,1756,237
4234,1,270,0,0,154,0
1100,1,745,3919,41,673,40
2364,3,823,10,22,0,27
6080,1,272,35,3,152,0
2932,8,2777,0,178,377,303
9600,8,448,0,15,202,0
4066,1,2506,5,94,1069,1
7327,1,551,0,11,412,5
7391,1,1279,1650,194,532,68
2151,1,411,1,8,269,7
257,1,147,436,0,203,3
12642,1,8,0,0,8,0
10138,10,1667,641,34,447,3
2829,6,4089,2302,72,1233,107
10137,10,2449,64,19,227,0
10141,5,3118,0,20,349,0
10134,0,400,419,3,127,1
10133,5,2336,0,113,967,19
11888,0,909,2025,114,796,90
6044,6,1689,1596,12,260,21
9955,8,4387,303,37,188,1
7098,1,2705,14858,140,2500,98
5965,1,2334,0,1027,1125,8
7543,4,614,1,43,1593,26
7765,1,238,154,3,79,0
4850,1,6572,1944,69,3025,139
8710,1,460,405,19,456,0
12293,4,300,0,10,113,0
4420,0,448,16,28,181,3
11451,1,1058,0,21,366,0
5093,1,1235,0,39,725,10
2285,1,1397,3142,46,1055,177
2267,1,194,32,12,59,8
1245,1,812,0,7,498,1
7980,1,614,125,9,455,0
9536,1,486,4,1,294,0
14597,8,210,1,3,101,0
6958,1,1719,0,44,1475,40
5022,4,254,43,3,178,0
7971,2,41,0,0,35,0
10868,1,550,1840,3,463,4
7111,8,59,0,0,52,0
11100,2,491,138,11,448,8
1887,8,2167,23,46,992,16
13434,2,13,0,0,8,0
570,1,1248,0,64,948,32
13945,4,28,13,0,15,0
14187,0,22,40,0,35,0
5811,3,1540,9,88,834,128
344,1,94,0,0,73,0
11329,1,585,584,11,153,12
12766,5,710,0,52,111,1
7595,3,876,0,10,303,1
14568,2,242,0,14,123,3
5344,1,790,0,26,692,31
8169,1,427,954,47,225,24
2632,7,16,0,0,11,0
4676,1,1043,0,21,570,1
4899,10,153,0,1,56,0
13345,1,83,804,4,112,5
10032,5,1062,0,5,162,2
10403,10,310,0,6,141,0
12493,1,887,356,109,516,43
11536,1,1059,2480,38,1252,26
11946,1,732,0,6,138,0
10856,1,980,0,132,615,78
7449,1,249,64,1,83,0
3819,3,925,4,4,120,1
1884,3,3296,0,24,557,12
3817,3,1437,0,25,149,0
3815,3,1955,14,11,160,3
3824,5,1923,1367,6,729,2
2929,3,2973,2636,44,1169,55
3816,8,4096,0,48,734,38
3823,3,1416,0,2,344,1
3813,1,1034,1,2,188,1
3808,3,790,1099,3,137,1
3806,3,541,430,1,70,1
3809,3,1387,727,53,1199,72
3807,3,1022,1066,16,263,22
3791,3,917,35,2,62,0
3799,3,679,77,3,253,12
3803,1,692,2524,24,339,38
3796,3,453,91,4,42,2
3801,1,1391,100,6,121,2
3804,3,1413,456,57,296,25
3798,3,1299,2,28,321,2
3800,3,1474,669,36,1075,89
3794,1,3259,916,49,948,60
3795,1,1422,896,19,711,31
3792,5,19670,20161,450,5729,287
11454,2,8,0,0,1,0
9294,1,29,1,0,21,1
10958,1,60,4,0,88,1
6447,6,5,2,0,15,0
8766,9,18,0,0,8,0
6850,1,544,0,10,381,68
9796,1,166,102,0,60,0
10466,2,345,121,9,190,0
10129,3,2253,11267,92,1164,14
9675,6,758,0,26,957,30
5126,1,209,0,8,94,4
11545,1,1982,0,110,1418,109
7147,3,644,0,10,247,0
5452,1,187,85,0,134,1
1238,1,832,0,30,318,7
4413,1,557,1420,0,437,2
7605,2,236,0,3,84,0
3413,1,491,0,7,336,16
8737,1,369,0,243,259,0
12054,4,105,0,1,45,0
13255,1,1180,1,3,380,0
7939,1,278,188,0,114,0
10397,10,492,59,87,109,49
10759,7,187,2,2,144,0
12049,2,3355,306,50,1684,0
2830,5,1148,0,70,1968,120
10593,1,110,162,6,86,13
4693,0,8,0,0,5,0
7114,3,773,30,24,2018,13
5420,1,2200,0,115,1285,52
7834,1,226,0,9,824,19
6015,1,926,437,14,285,1
4934,1,504,631,25,1158,0
12041,8,288,0,1,37,0
13062,8,206,0,10,5,0
4761,8,1197,1190,33,540,12
10374,3,22,3,2,15,0
12079,4,278,0,1,79,0
8330,1,13,0,0,12,0
8831,3,196,0,0,107,0
1647,1,743,0,20,374,19
8372,4,267,0,1,418,0
1868,4,2921,0,96,1491,1
13333,1,353,2,6,50,0
119,7,1767,0,50,436,13
2917,4,2234,147,52,619,3
4781,1,754,28,6,223,2
6006,1,814,87,7,174,1
5575,3,457,0,15,667,5
12566,1,383,4,4,281,8
1250,1,34,0,0,23,0
13272,1,131,0,4,124,2
11599,3,6287,52,249,2640,4
10078,4,26,0,0,13,0
3493,1,119,61,0,95,0
11662,1,115,20,0,61,0
1092,1,138,2,0,106,0
2587,2,37,68,0,33,2
11018,7,708,13,15,225,1
7523,1,305,0,16,269,2
2807,8,866,2,28,173,4
3131,2,55,0,0,18,0
7926,1,288,0,14,606,4
10879,1,804,0,2,96,0
5478,10,417,0,0,225,0
2554,1,31,91,0,47,4
11102,1,249,413,2,152,0
3041,4,18,14,0,27,0
6048,1,159,0,1,104,0
1480,3,509,1670,3,507,0
8289,3,1189,664,29,555,20
6187,1,1020,97,66,537,102
6996,1,176,0,10,113,0
9630,6,1195,6,11,715,1
6882,1,434,2879,34,211,8
6161,1,53,277883,59,45515,118
10130,5,1215,343,26,497,56
8828,0,152,0,0,41,0
2284,1,50,0,2,30,1
4632,1,924,449,46,484,4
14561,1,78,7,4,33,0
1361,1,391,197,7,349,10
5148,3,109,0,0,54,0
11810,0,1341,339,37,694,20
5741,1,980,0,33,616,1
1882,3,1541,17,26,1520,0
5824,6,127,0,2,527,0
5429,1,1184,25,113,333,214
12185,1,396,32,7,56,4
9079,3,3105,1207,82,3499,12
3972,6,85,54,0,65,0
8347,1,15,0,0,15,0
8552,1,527,0,10,414,9
6657,2,89,181,6,117,2
11791,1,1123,0,31,315,1
6773,1,2109,49,27,850,8
901,1,763,98,25,182,7
3331,0,39,12,0,12,0
10089,1,1155,0,91,180,47
10007,5,335,274,10,332,7
2077,2,743,0,5,193,0
9494,1,297,7,1,146,1
6585,1,21,1,0,3,0
307,1,23,12,3,15,0
14677,0,172,0,0,16,0
14659,0,187,27,1,39,0
14477,1,630,1,3,41,1
13804,0,142,0,0,1,0
13494,0,144,0,0,1,0
13599,0,169,0,1,14,0
13703,1,370,1,0,46,0
14531,0,200,0,1,4,0
3123,6,1546,0,35,417,0
2994,1,390,0,1,281,3
6897,1,374,0,2,259,0
8518,1,1102,68,48,505,2
10081,1,1401,8,85,345,21
10125,1,217,17,1,144,0
8941,8,408,39,27,397,26
10943,1,528,473,15,182,0
8955,1,88,0,0,30,0
9596,5,184,0,2,48,0
12619,3,406,1025,15,229,18
13328,1,427,1,12,207,1
6622,1,304,13,1,265,2
14247,1,44,47,0,106,0
1526,1,890,1634,12,714,1
6886,1,1515,0,24,833,6
1695,7,100,11,0,56,0
13043,1,780,1660,50,470,2
3931,2,85,1,0,47,0
7707,1,1073,904,38,354,9
5341,4,14,3,0,14,0
9626,10,735,0,128,628,63
13731,1,68,22,0,69,1
11145,3,337,978,29,481,6
1778,1,317,0,4,113,0
2575,5,792,110,13,222,16
5354,4,141,2,7,83,4
4309,6,481,0,2,124,0
5626,1,505,2,3,97,0
13984,0,112,279,5,225,2
13066,1,1336,7,25,356,0
10794,1,19,0,0,2,0
768,2,18,1,0,48,0
3719,4,389,0,7,44,10
8047,6,415,24,2,133,0
2529,1,711,509,3,492,8
8514,1,455,936,11,118,2
13597,6,7213,0,23,1714,26
10755,8,646,1,7,204,2
2281,1,284,0,3,136,0
8752,1,636,0,27,0,3
5560,1,505,0,68,353,13
9177,6,304,0,2,134,0
7319,1,1099,6,54,139,37
3595,1,161,0,0,112,0
12281,1,893,0,26,454,1
10602,10,36,58,0,43,0
11570,3,2296,0,60,745,0
7001,4,129,29,0,48,1
10751,8,910,0,22,281,1
5840,1,244,0,9,231,1
6586,1,486,142,14,360,61
7624,7,1784,1516,130,666,159
1962,1,871,1891,14,687,7
12721,10,872,713,35,460,24
13908,3,51,0,11,16,8
4505,6,19,27,0,38,0
2921,6,302,0,2,138,0
10318,4,959,1,5,346,10
10705,1,160,77,1,50,3
6233,1,101,0,0,76,0
11315,1,174,14,1,97,0
4983,5,385,1,14,268,1
12877,1,180,174,4,305,1
11379,1,59,27,0,52,0
9605,3,1516,14,68,525,0
6629,1,2037,24,24,220,5
6963,3,254,0,4,166,3
12651,3,1268,0,48,1088,89
9235,1,2742,455,67,797,5
8422,1,97,0,0,58,0
11466,1,591,5,8,345,4
11975,1,1135,0,95,928,32
13493,1,581,4,0,321,0
13101,1,1087,0,10,329,15
1358,1,457,0,16,191,3
9784,1,4960,0,593,4531,232
1432,1,1456,82,17,560,5
8704,1,5,0,0,4,0
10600,3,3640,0,215,876,112
14461,1,304,4,3,184,1
5563,1,339,72,2,205,0
13438,0,71,44,1,41,0
7158,1,169,164,1,245,4
594,1,321,290,7,253,0
2560,3,508,167,10,305,0
1575,3,1539,271,68,796,29
5951,1,830,561,22,453,13
3666,2,20,22,0,14,0
3306,1,218,0,4,293,1
2910,1,34,0,0,39,0
12967,1,310,0,51,179,9
2861,1,2113,3832,266,1512,50
10702,1,303,0,10,125,3
11515,1,171,242,2,123,0
7804,1,675,832,0,121,0
11918,0,129,49,5,106,7
2537,1,652,60,10,39,1
400,1,338,0,4,321,3
10528,1,264,0,3,210,1
12157,1,548,436,22,118,5
12832,3,428,140,137,830,211
9258,1,273,0,9,124,7
7509,1,460,0,2,238,0
11679,1,2036,0,85,2059,21
11937,2,562,5,13,368,5
4438,7,107,584,1,75,2
13682,1,71,0,0,8,0
12400,7,456,210,4,158,23
10088,0,240,284,5,84,2
14040,1,108,0,0,83,0
7121,1,65,165,0,56,0
467,6,26,0,0,28,0
11123,1,531,3,5,155,0
11290,4,705,26,7,192,2
10099,1,568,48,53,1,554
1289,3,3200,0,81,987,162
8300,3,146,0,0,54,0
4812,1,278,544,4,169,0
8248,1,176,114,4,150,10
7678,3,1314,0,18,953,8
4268,4,394,2824,10,1022,8
3035,6,29,0,1,30,0
11024,6,563,9,15,288,0
2424,1,15,84,0,78,1
7801,5,2880,0,308,123,0
11220,3,924,1290,24,478,5
7245,3,238,2,3,149,2
6505,1,40,222,0,64,3
4259,4,84,41,0,54,1
11805,1,831,0,42,450,0
2432,1,1078,3242,24,717,3
10557,1,159,35,11,60,9
2586,1,78,0,0,2,0
9464,1,134,122,2,134,0
11715,3,1115,0,3,526,0
10920,1,2842,1575,55,1045,42
3543,8,816,0,25,295,3
10623,1,257,161,4,415,1
1847,1,790,0,10,543,39
171,1,108,12,2,79,0
8170,1,162,43,1,128,0
3017,3,668,883,54,373,158
1339,2,911,0,14,449,3
8161,1,132,0,1,68,1
12163,1,1228,4,40,396,8
14559,0,312,322,5,180,2
12317,2,204,10,20,160,3
5152,2,20,0,0,3,0
7867,1,1549,2,92,756,1
3436,2,1350,34,30,360,4
4035,2,70,0,1,96,0
1576,4,5541,0,16,1296,1
10373,1,101,60,0,88,4
10672,1,531,688,14,467,4
7714,2,141,5,0,80,0
10671,1,865,0,23,191,0
4284,1,507,0,1,375,6
11467,3,307,0,4,150,1
7552,1,25,1,0,19,0
10709,1,28,71,4,72,3
11841,1,685,2,15,339,0
3514,1,74,61,0,21,0
12377,1,1299,0,60,856,17
8184,1,211,1876,8,190,60
9402,4,1680,2,18,680,0
8809,1,42,9,0,27,0
5149,1,23,11,0,20,0
10110,3,21,5,1,17,1
11580,7,462,3,5,114,0
7191,1,116,1,0,82,0
3841,7,131,10,1,69,0
6667,2,158,13,0,82,0
11041,1,1059,76,31,502,7
10707,3,452,0,12,191,2
429,1,227,250,1,170,0
6845,2,381,0,1,214,0
978,3,1854,241,78,676,52
2963,1,2604,244,23,1433,6
7920,8,15,0,0,12,0
1093,3,2491,5552,419,2038,275
13198,1,531,109,6,348,6
14310,1,34,0,0,43,0
14293,1,245,0,0,6,0
14646,1,54,0,0,7,0
13418,1,176,21,1,79,0
12719,4,4369,2148,1753,2452,235
14699,1,875,15,3,113,0
2074,1,4068,238,6,812,0
12170,1,56,0,2,57,0
5585,1,785,117,17,305,3
11051,1,7447,0,522,4151,140
14788,1,840,1,4,161,0
2547,1,1956,0,44,1061,33
10069,1,37,49,2,27,1
446,3,73,0,0,39,0
2513,1,64,1,0,2,0
3334,1,663,0,42,865,24
10872,7,44,107,3,39,1
9271,1,20,1,0,27,0
7288,1,197,30,7,82,3
12419,4,229,2,3,102,3
6441,5,4023,1763,79,1623,11
12416,1,771,0,42,917,21
9254,1,722,5942,72,285,102
14017,0,57,2,1,3,0
7736,3,673,954,23,1558,50
11752,4,991,0,28,321,4
5615,3,163,0,3,90,3
1374,3,337,20,36,250,36
2210,1,23,0,0,15,0
11111,1,312,7,12,191,5
9245,1,2667,0,77,3791,57
6633,1,699,7,1,94,0
6812,2,15,1,0,6,0
8128,7,240,233,0,56,0
8453,1,825,137,7,382,1
9613,7,84,1,2,53,1
13519,1,67,3030,2,1072,4
10608,2,1160,6,24,510,0
816,1,346,483,4,202,4
7877,5,1784,173,402,911,689
10761,1,64,0,1,41,0
7202,1,340,0,0,198,0
3467,1,926,1,21,544,2
3191,1,40,1,0,34,0
186,3,432,143,7,193,2
11120,1,163,1,1,350,0
7829,6,1003,40,58,345,17
9905,1,1362,0,2,85,0
10264,5,480,124,7,301,6
2450,3,2204,1044,136,631,96
9540,6,1499,804,56,652,8
6937,1,216,0,0,31,0
7264,1,26,19,0,26,0
8843,1,740,0,4,615,10
11294,1,75,20,0,64,0
12340,1,109,0,0,41,0
3199,1,443,406,3,421,7
9324,1,27,0,0,6,0
7885,1,464,3,2,87,2
8255,1,877,0,8,518,1
7500,1,385,1521,14,299,7
13598,1,270,177,0,94,0
11204,4,3395,0,36,218,19
1461,1,776,500,1,551,0
12179,1,2025,0,3962,1073,21
4605,1,558,19,1,201,0
14595,0,52,2481,3,1210,2
5942,1,943,68,53,431,7
1761,1,221,771,2,636,15
11808,1,989,1199,8,484,26
10341,3,572,0,4,363,0
5998,10,204,0,1,153,1
2771,1,1745,0,28,606,0
5941,3,197,43,0,119,0
3863,1,2874,414,871,1593,185
3730,3,102,0,0,24,0
4242,3,653,0,10,439,3
609,1,434,157,1,113,0
14703,1,30,1,1,11,0
10605,1,61,27,6,32,0
11142,10,12,0,0,64,0
12963,1,4437,9,53,795,0
7839,1,145,11,3,103,0
8885,1,5457,1925,421,1930,33
11718,1,2686,946,110,1002,10
1599,2,39,5,2,50,0
1915,1,1737,1063,178,1445,474
10595,1,255,28,136,382,16
46,1,969,0,8,563,0
12068,1,122,46,1,187,2
8167,8,429,0,22,355,7
2274,8,373,0,18,41,24
3624,3,766,0,0,1078,0
5983,1,210,0,3,232,2
4562,4,1597,0,34,870,5
11832,1,1161,117,303,576,0
14080,1,19,0,0,8,0
12451,7,1198,0,207,968,411
7912,1,47,0,0,31,0
11517,1,739,0,1,435,1
317,1,141,145,1,109,2
547,1,873,855,18,542,1
2438,7,95,0,0,33,0
305,3,3287,3176,118,3062,134
4023,1,239,155,11,123,3
12699,1,1713,0,38,678,11
12960,2,971,0,4,89,7
11025,2,2393,20,60,675,5
2990,1,1576,1,44,481,4
3533,8,207,12,10,125,5
3033,2,69,108,2,52,0
12957,1,3136,3860,57,1169,264
4699,1,101,0,1,62,0
2975,1,11753,0,264,4985,1
2057,3,1804,1498,41,465,25
12110,1,143,3,12,113,1
8234,1,181,36,4,111,4
8393,2,36,0,0,9,0
5650,6,28,69,0,66,0
10613,1,2449,90,48,424,4
8529,1,667,717,16,125,3
1640,0,19,0,0,3,0
7299,5,92,0,0,21,0
395,4,195,5,5,73,0
1712,1,2303,13,60,545,0
8574,1,28,0,0,31,0
7755,1,15,0,0,11,0
7878,1,22,34,2,18,0
13408,1,148,80,6,66,9
12285,3,501,636,13,260,32
6503,4,802,5,16,335,0
10935,2,344,0,1,251,0
12876,1,150,0,14,181,64
9677,1,938,0,20,736,0
13919,1,165,20,2,76,1
550,1,1616,1111,8,401,5
9820,1,47,3,0,24,0
4030,8,1482,282,30,497,0
8541,1,1631,0,0,143,0
12936,6,372,563,11,301,3
14721,1,22,0,0,16,0
1888,8,1988,196,18,501,5
2624,1,862,0,7,929,3
14585,1,586,0,1,142,0
11822,1,267,16,8,316,17
5687,3,41,1,2,14,0
2988,1,76,0,0,43,0
11919,1,1424,3,23,348,2
4809,1,63,24,0,57,1
10061,1,53,5,0,29,0
2283,1,2675,2,49,1409,5
2455,3,688,937,21,335,14
1844,1,110,0,0,83,0
8394,9,181,37,0,45,0
9912,1,459,24,7,320,5
13144,1,867,1760,19,576,17
13376,1,764,0,22,272,17
3344,3,633,118,13,333,4
191,10,115,0,1,199,0
10679,1,1299,888,33,1280,5
11886,10,243,3,5,154,0
11900,1,1287,1078,27,437,2
8971,3,1489,0,8,426,0
5701,1,444,0,16,207,41
1520,1,882,150,4,423,2
4625,1,309,0,2,171,0
8686,1,18,0,0,4,0
12855,1,333,0,3,77,0
10890,1,1821,45,55,875,26
1412,1,255,171,10,200,5
12436,5,1068,2319,62,594,64
9317,1,896,0,13,76,7
13057,1,312,0,20,258,2
12132,7,216,0,22,120,12
5479,1,778,29,4,313,2
11035,5,1091,1092,14,903,15
4026,1,124,0,1,104,1
9731,1,499,15,3,132,0
4675,1,518,495,17,301,10
9625,1,916,2309,48,1046,98
10523,1,31,153,0,55,0
11287,1,721,666,5,288,16
11942,1,602,75,7,449,0
13732,1,233,0,0,132,1
4946,2,684,98,6,341,0
10865,1,399,15,5,25,1
5258,1,1059,2,32,325,1
9159,1,1390,0,40,557,19
4548,4,561,137,1,307,0
8802,1,105,69,6,79,2
8301,3,533,88,4,76,1
13536,1,24,0,1,16,0
7274,1,777,821,3,432,11
7367,1,106,0,0,11,0
14520,1,1108,0,34,147,9
5722,2,221,213,3,230,2
10491,0,7,0,0,2,0
14234,1,254,362,2,173,1
1417,3,1779,0,5,14,0
8988,4,584,0,8,244,9
9253,1,158,148,6,129,5
12233,1,1351,0,330,973,27
4908,3,26,548,7,352,11
8053,1,12,11,0,14,0
4366,1,885,0,0,318,0
6628,1,1250,0,12,219,5
11008,1,1145,283,45,468,30
1291,4,672,1280,2,410,0
121,1,2736,0,68,1128,11
7330,1,269,54,0,170,1
7899,1,11,10,0,13,0
10296,5,598,64,10,505,6
12730,0,1225,36,91,540,34
12935,1,2386,3711,60,1945,38
7354,10,430,0,13,129,0
10446,5,3132,10,57,574,24
9757,10,1104,262,52,805,8
4771,4,3253,1007,228,3086,208
9249,3,207,776,18,187,1
5056,1,79,11,0,45,0
13344,0,172,273,14,153,11
7222,3,966,9,5,218,0
4725,1,2462,2901,105,1128,134
61,1,519,566,42,503,9
7733,1,924,0,10,420,8
5906,2,575,0,1,146,0
10236,7,9,0,0,1,0
7414,1,522,2,2,354,7
5454,0,26,0,0,5,0
12714,1,3642,3414,378,3404,157
10991,0,935,0,48,1442,9
4123,1,105,0,5,7,0
3455,1,206,5,3,93,2
1490,1,144,0,0,48,0
10948,1,1976,720,6754,7194,187
1565,1,183,0,7,88,0
9857,4,666,810,14,499,1
10850,1,1086,919,27,454,1
1873,1,2555,0,18,1124,68
5611,3,309,6,8,76,1
8287,1,384,74,30,238,0
9582,6,194,141,7,235,2
923,1,105,6,0,78,0
14237,1,214,0,0,10,0
5131,1,219,422,1,147,6
7685,8,2069,189,195,669,56
13504,6,14,0,0,9,0
11057,8,583,1,32,210,1
9542,3,367,3,0,120,1
8207,0,168,0,0,34,0
8065,2,179,96,2,101,1
12152,3,707,0,2,306,0
6843,1,416,498,24,189,71
935,2,22,0,0,20,0
5538,10,771,1,28,285,16
4765,1,1294,228,45,520,50
12158,1,2623,0,75,1096,32
7764,1,286,28,2,124,0
1928,1,2133,1574,107,1211,106
1053,6,1461,0,13,635,2
9555,1,1092,0,11,130,0
14471,2,84,2,0,25,0
2891,8,147,464,6,135,31
4134,1,1573,121,99,452,299
9460,1,650,337,24,824,9
330,3,268,0,3,675,1
5854,1,2856,359,126,1030,8
8272,4,56,25,0,42,0
8580,2,487,458,11,236,12
12232,1,340,4029,20,1046,28
6911,5,214,270,2,164,3
4758,8,249,173,3,85,3
3524,1,241,0,1,126,0
9805,1,932,244,84,577,28
1701,4,40,0,0,26,1
9187,4,1769,52,29,677,0
3734,1,1456,1936,20,790,0
10026,10,366,0,8,246,10
8641,1,1021,0,18,182,1
4997,4,577,30,9,217,3
10265,10,613,875,37,450,6
6087,1,19,36,0,16,0
10939,7,348,366,20,247,1
11125,1,17,0,0,32,0
7442,1,718,202,11,265,2
9611,1,1066,741,42,197,5
12268,1,162,0,22,92,8
12843,1,569,31,31,174,4
13618,1,158,0,1,26,0
5845,1,717,16,3,398,0
14386,5,13,34,0,41,1
115,1,192,147,2,76,2
9816,0,694,0,8,356,10
7925,1,461,2379,23,1280,37
10003,5,386,0,15,570,5
5480,1,154,0,0,14,0
10960,1,418,61,5,378,0
1370,2,111,1,0,43,0
6185,1,1603,0,31,969,4
9232,1,251,0,1,114,0
11234,1,1508,3878,26,831,0
9219,1,834,46,1,291,1
10276,6,278,6,3,117,2
10004,5,1296,0,96,437,35
11688,1,1402,59,35,524,38
8239,5,2098,35,16,655,18
14638,1,115,0,2,47,2
3956,1,112,57,0,46,0
14616,1,232,60,4,209,1
8064,6,353,11,0,200,0
13959,1,53,0,0,37,0
3369,1,113,54,2,53,2
13729,1,57,3,1,21,0
3748,3,238,1,1,126,0
106,1,108,128,1,93,5
11376,4,328,0,2,45,0
5072,1,121,58,4,74,0
1662,1,863,591,10,579,2
2352,1,1051,713,127,711,62
12518,10,1702,1382,64,1094,65
10932,1,1164,0,17,60,0
9136,2,123,120,0,192,0
9442,2,306,121,5,177,2
9812,1,47,2,0,38,0
766,7,86,0,0,33,0
3788,1,151,171,0,114,1
1663,5,136,0,0,47,0
5947,1,532,0,6,141,5
12429,1,40,1,0,31,0
11300,1,840,121,73,507,83
7743,1,80,173,1,159,6
14417,0,9,0,0,1,0
11795,1,330,279,7,118,1
12098,1,999,0,149,487,52
9736,2,35,27,0,29,0
11058,3,367,0,6,262,0
1769,1,544,0,7,497,23
11409,1,949,0,13,443,0
13815,1,250,0,1,34,0
2118,1,158,91,3,500,8
5518,1,498,2050,38,406,204
10952,1,654,1040,46,526,112
183,1,193,561,4,222,9
13990,4,169,57,2,52,0
3586,2,222,1109,4,174,1
7646,1,641,0,7,141,13
5182,8,49,4,5,33,1
5688,3,112,0,3,6,0
309,1,83,4,1,39,1
563,1,10,0,0,9,0
566,1,1352,1768,8,400,4
1615,1,76,22,0,67,0
11761,1,513,0,14,221,3
12943,1,385,1560,138,1264,79
10773,1,24,1,0,6,0
4299,1,178,245,0,122,0
7785,1,691,287,4,436,2
6303,2,422,0,6,275,13
995,3,1500,32,55,237,11
153,1,687,0,38,200,1
7297,2,11,0,0,10,0
11449,1,2349,0,46,248,27
8609,5,173,0,1,138,0
9208,8,1106,0,44,250,2
7996,1,710,0,10,640,2
2486,1,135,342,6,126,13
6049,1,673,371,8,278,23
1536,1,541,0,5,404,0
9126,2,26,44,0,30,0
5813,1,1784,2,61,446,12
1891,5,847,0,5,95,0
7778,1,476,37,8,59,3
5432,1,182,9,1,130,0
8192,1,220,427,7,170,8
8292,1,1505,533,72,513,9
6799,2,385,0,5,492,0
8966,1,1287,32,42,291,7
13747,1,151,352,1,74,0
2422,1,2186,5,367,1213,5
3554,1,339,0,3,85,0
13860,1,256,624,6,191,3
12396,1,590,649,57,341,42
805,1,449,280,6,189,13
1247,1,996,383,18,651,7
7178,1,384,8,2,215,0
4170,1,84,1,0,46,0
3099,1,622,322,3,249,4
2795,1,2786,0,69,2546,2
3189,1,49,10,0,52,0
10918,3,5865,0,490,2413,1
12439,1,478,0,24,725,5
3763,1,1346,3336,22,704,21
12196,1,506,0,4,96,0
12130,1,2329,5975,159,1056,41
3678,1,179,76,2,84,0
13373,1,223,0,28,26,16
11535,1,1109,6558,41,1469,53
7110,8,539,60,6,57,0
8246,1,293,856,2,148,0
11974,3,483,650,16,274,10
13346,1,326,3670,2,121,6
8464,1,35,2,0,21,0
13511,1,203,97,14,130,15
9306,1,1845,1896,541,970,17
9815,1,48,130,0,41,1
7444,1,4237,506,138,904,21
296,1,579,0,11,461,0
11559,3,162,15,3,173,2
11790,1,458,0,12,10,0
1539,3,540,0,9,339,7
6219,3,900,0,17,507,5
7117,3,539,1929,11,262,4
406,3,1031,0,39,431,8
7432,3,219,13,15,145,5
3741,1,236,21,20,120,21
7344,3,137,264,0,139,0
10320,3,241,0,8,121,2
3354,1,61,8,0,30,0
3170,3,214,8,4,185,0
6823,1,10,6,0,18,0
10178,1,383,285,14,152,12
10336,1,1677,2,12,460,3
4282,1,299,820,0,329,0
3874,0,468,341,16,234,11
6400,1,993,1062,5,217,7
5529,1,553,48,9,321,0
1665,6,432,0,12,533,16
9593,1,1169,53,3,568,0
3148,6,40,20,0,17,1
12411,2,502,15,4,258,2
9734,1,340,108,5,285,0
5747,5,554,2897,30,625,0
3755,8,89,9,1,44,0
5179,1,259,0,0,10,0
5893,3,289,416,0,139,1
4748,8,11,0,0,8,0
889,1,257,240,0,123,9
12318,2,147,3,2,109,3
4987,3,647,44,36,484,74
3481,1,2071,3,36,540,2
8349,3,225,394,1,199,3
10384,1,134,0,0,94,1
6093,1,138,20,11,34,2
11309,0,47,2,0,55,0
4620,1,1545,1,7,579,2
1294,1,14,0,0,3,0
13868,1,116,0,0,42,0
6224,1,1414,0,57,1099,12
14800,1,350,2534,1,291,1
7544,8,1058,0,7,175,2
7046,1,64,59,1,60,0
8811,1,2747,1,140,1392,25
7032,4,84,0,0,23,0
5521,1,433,60,0,164,0
13095,1,187,25,1,129,0
11639,1,302,58,3,206,0
2081,1,241,22,1,121,0
4779,4,11,0,0,9,0
13459,1,228,0,1,146,0
8435,2,208,0,1,108,0
5515,1,735,0,11,363,2
8629,2,6025,0,87,2420,7
7268,2,1050,0,11,469,0
3268,8,724,0,6,140,0
11188,3,1002,531,71,598,22
4831,2,2307,0,11,400,0
8035,1,69,55,0,51,0
1605,1,87,0,3,64,0
5912,1,555,87,6,483,6
1030,1,558,29,12,294,2
8540,1,26,18,0,11,0
4842,5,1819,13,69,1403,12
3478,1,36,2,1,23,0
12777,1,5638,9,77,535,12
1393,1,1531,0,34,812,10
3834,1,854,1487,23,918,4
2481,1,1979,0,36,828,0
7257,2,59,14,0,33,0
11266,1,699,0,1,161,0
4029,7,784,4,11,219,1
9861,1,266,167,0,162,0
14279,2,77,1003,1,186,0
1403,1,992,428,5,565,0
1327,3,857,274,39,356,8
944,2,1427,1,11,982,3
2419,1,529,0,12,348,28
12995,1,1709,0,34,557,1
1328,1,67,1,0,45,0
11801,1,1442,52,20,498,3
6405,5,2997,1243,98,1327,134
6762,1,3139,2208,406,1570,44
4798,1,518,1,1,270,0
5943,1,899,0,33,837,3
3103,4,284,17,21,144,14
14015,1,223,239,0,217,3
4137,3,93,16,0,26,0
11284,1,3379,0,21,2112,38
10310,3,55,5,0,25,0
1274,1,105,1,0,60,0
2199,3,744,0,6,53,0
2207,1,309,0,0,196,1
12151,3,276,294,2,506,0
900,3,279,11,3,91,0
3275,1,1473,0,16,753,5
782,1,77,0,0,51,0
2561,6,54,2,0,34,0
11783,5,1631,0,47,2656,0
8041,1,448,0,30,534,1
6832,3,1581,444,75,795,21
6479,1,180,183,0,95,0
10645,1,547,0,1,1014,2
6742,1,1367,1774,14,1509,9
13193,2,2317,463,54,1309,63
8746,1,1164,0,51,757,23
1691,3,431,0,1,304,1
13164,1,175,77,6,93,3
11461,3,656,519,198,1118,420
13955,1,213,31,1,161,0
5005,3,904,705,56,604,27
9133,2,30,17,0,37,0
404,1,48,0,0,46,0
6838,1,538,924,6,205,3
7645,1,170,4,0,1,0
11390,1,934,365,6,226,1
8333,1,692,284,15,348,9
3557,1,1697,8130,28,3101,40
5822,5,1190,534,41,370,26
3850,1,236,182,17,275,6
14086,1,114,8,1,57,1
12332,1,1188,0,27,755,7
11055,10,176,530,2,120,8
14078,1,395,79,7,270,3
8975,1,670,79,4,143,0
10366,8,332,670,46,131,80
14749,1,1777,78,40,865,9
8466,7,73,2,0,4,0
4226,1,422,2,2,262,0
1335,3,195,0,3,29,0
8264,3,15,18,0,13,0
3419,3,471,528,6,232,2
6822,1,133,0,0,96,0
160,1,334,18,3,55,0
9395,2,729,0,7,368,0
11166,1,268,25,11,200,2
14691,1,115,0,1,288,0
9762,1,319,68,4,118,0
5815,1,3528,0,51,1815,28
242,2,9,0,0,4,0
11512,1,22,12,1,15,1
1768,1,2644,93,29,1202,32
2538,3,2923,0,223,865,35
14662,1,158,4,4,49,0
1644,1,150,0,0,12,0
9108,4,625,0,7,221,0
11772,3,935,286,40,664,65
735,1,4576,0,25,1501,17
11792,1,66,0,0,24,0
11344,4,905,0,26,488,2
2786,1,99,9,1,35,0
6001,6,1989,0,35,1067,31
7450,1,416,0,17,320,0
9787,1,454,285,4,340,0
11717,5,953,3046,28,708,5
143,1,774,0,7,438,2
6506,1,2413,0,92,1496,151
13781,1,113,8,0,47,0
10333,3,430,0,2,58,0
13277,1,1181,0,1,552,1
10796,1,612,436,5,446,4
8672,3,743,0,6,249,0
4697,1,756,6,17,389,0
7244,4,1105,0,7,552,0
12868,1,2970,0,198,6580,717
4393,3,31,0,0,16,0
7526,1,707,0,8,304,2
9145,1,65,21,1,42,0
4108,1,519,2,0,94,0
6041,3,242,17,1,31,0
10874,2,1402,3,33,635,4
6178,1,4519,0,39,781,2
8195,3,79,0,1,28,0
5052,1,1996,108,61,933,166
135,1,1523,0,49,673,0
4644,1,986,0,3,97,1
4091,1,1824,0,274,1649,289
11072,9,14,0,0,4,0
9074,1,843,0,13,299,6
2651,1,84,22,2,159,0
6156,1,139,0,0,59,0
428,1,26,0,0,20,0
14712,1,208,0,3,126,7
7043,1,95,0,0,85,0
787,3,659,7,14,350,3
3596,1,200,53,2,181,1
1797,1,70,108,1,112,0
2654,1,271,159,3,160,1
5850,4,7,0,0,3,0
14256,1,69,109,0,48,2
5565,1,75,11,0,55,1
10053,3,1094,12116,58,1158,81
7545,1,33,0,0,4,0
398,1,101,387,2,102,2
4661,1,1369,0,12,895,11
3173,3,680,0,5,359,0
12230,0,148,111,4,203,1
3682,1,568,86,4,84,0
11561,1,704,436,8,333,2
10085,1,8,141,0,8,0
9473,1,59,0,2,74,0
2276,9,15,0,0,5,0
9578,1,103,29,3,108,1
12732,5,58,26,21,64,8
11249,4,117,0,0,26,0
5726,1,31,1,0,25,0
8612,1,476,10,26,309,0
11452,1,630,0,3,135,0
14291,5,203,0,2,69,0
7152,1,166,175,3,201,0
6561,2,396,21,12,207,2
4457,1,521,163,8,322,0
13341,1,355,0,6,122,0
255,3,473,1212,1,8,0
3376,1,407,0,0,100,0
1922,1,862,0,29,822,3
8363,2,304,73,7,107,0
2573,1,466,1192,2,364,38
5216,1,1004,578,75,974,62
8995,3,2283,3165,182,1281,297
7040,1,1356,1161,12,863,1
5049,1,110,1,1,87,0
11533,3,70,0,0,44,0
3063,6,3531,5,176,729,22
10405,1,684,0,5,541,1
3323,1,168,21,0,125,0
3790,3,557,124,10,296,3
9683,1,511,0,11,316,0
12000,1,977,1,25,276,1
12705,1,1199,4,1,271,1
7540,0,87,54,1,26,0
12387,1,649,2091,38,684,27
10590,6,2769,333,130,1889,70
1213,1,173,0,1,142,0
12881,1,389,392,12,301,12
3054,1,156,0,0,103,0
8906,1,434,75,5,308,2
4359,7,45,17,0,53,0
6421,4,1357,567,40,1554,57
10762,1,814,0,10,259,4
9696,0,104,122,2,160,1
11564,1,216,79,12,150,2
14514,1,6,2,1,1,0
3946,1,487,4,6,254,1
971,4,165,50,2,68,0
5437,4,38,0,6,61,12
2192,1,126,7,2,102,0
9554,3,31,0,0,12,0
2686,1,3059,5524,217,1796,407
10501,6,1558,1969,107,2190,81
7560,2,2751,1462,110,968,1
9984,1,166,30,2,29,0
3721,1,56,5,0,32,0
13457,1,723,62,4,423,3
3591,1,60,1068,0,161,2
1897,1,111,1,2,49,1
4736,1,1026,2874,34,494,29
8753,1,952,0,10,415,0
3883,1,579,15,14,422,12
13008,1,659,1684,23,347,274
13759,7,37,32,0,4,0
9432,1,187,534,2,185,4
12636,1,1052,4,47,556,8
1570,1,510,641,11,414,26
5446,6,26,1279,0,65,0
4046,1,40,161,0,97,1
13552,1,1343,0,3,307,0
2579,2,459,360,1,227,0
6965,2,3142,0,69,921,0
7321,1,1256,0,144,3503,261
8027,1,595,285,23,315,24
10299,8,6197,241,70,587,4
7019,1,17,0,0,2,0
2631,2,500,0,1,279,0
727,1,1547,0,152,1544,82
12844,1,3918,1393,51,1874,5
4426,1,644,428,6,271,4
12982,5,2757,0,165,907,28
9098,1,106,55,4,133,8
3200,2,213,81,4,115,2
12981,3,457,216,77,591,124
544,3,1275,18,48,603,30
13251,1,421,338,35,251,4
12415,1,1055,0,10,295,4
8326,3,5,0,0,2,0
6595,1,1475,0,74,564,22
13994,1,26,0,0,5,0
8994,3,1316,0,26,864,0
12563,1,1067,1562,33,649,44
11165,6,337,5,2,154,0
13499,8,28,0,0,6,0
3458,1,1833,4,24,437,5
4951,2,191,0,0,130,1
7901,3,1106,1685,34,807,19
12208,1,204,0,14,143,0
69,1,303,192,4,370,3
11754,1,1027,3,20,434,13
2180,1,236,6,0,139,0
7898,1,177,45,0,108,2
11560,1,241,3,6,139,0
442,1,43,2,9,29,0
2913,1,313,467,6,269,2
4800,1,72,0,2,139,0
4705,1,52,23,0,54,1
3724,1,229,0,0,18,0
1584,3,255,1,1,100,0
13315,1,297,0,10,65,7
12583,1,539,70,1,232,0
10659,3,552,92,14,372,12
6899,3,183,0,2,105,0
4512,1,34,91,1,66,0
4329,8,34,0,0,25,0
5637,2,47,88,0,35,1
7787,4,227,0,2,142,0
10083,1,654,342,28,292,20
4638,4,69,4,4,56,0
1140,5,1366,0,1,138,0
12466,1,305,0,2,115,1
10454,1,25,172,2,91,6
6813,1,383,616,10,448,19
11731,3,5,0,0,5,0
11238,1,588,9,12,440,19
10210,3,374,0,110,0,3
12741,1,2912,0,111,1261,19
3921,1,705,225,23,478,0
4837,3,5828,0,371,2371,749
1270,1,3258,12676,167,2199,123
2672,7,774,81,14,282,25
4533,4,2329,168,54,1688,58
1822,1,53,6,0,86,0
14529,0,28,0,0,5,0
13845,2,92,0,0,95,3
11270,3,197,541,3,593,4
4398,1,88,0,0,46,0
12144,2,542,0,0,196,0
1405,3,390,4249,7,1593,3
11424,6,576,1,8,419,0
6469,1,1243,0,214,660,0
10737,1,2869,0,102,501,1
3488,8,1134,18,25,77,17
14690,4,8,4,0,2,1
2214,1,68,50,0,79,0
12665,1,172,1,2,46,1
11366,1,328,19,11,109,4
10261,4,2171,4,210,1771,5
3675,1,800,150,0,181,3
7689,3,141,0,2,55,1
3731,3,129,196,1,92,0
13767,0,7,0,0,1,0
6782,1,117,56,1,184,0
1912,1,3442,922,16,464,4
12047,1,1102,0,16,311,16
22,1,817,89,9,280,0
2814,1,1449,0,46,1137,45
4747,1,74,11,0,28,0
10404,3,1325,601,38,619,5
8075,1,1184,0,15,581,0
1651,1,348,102,1,73,0
11071,1,21,34,1,11,1
9972,1,189,0,0,170,1
12169,1,263,0,14,478,20
1880,3,474,1252,38,1459,80
2816,1,4890,0,207,1128,101
5401,4,8,0,0,3,0
12790,3,291,0,12,1,1
2395,1,138,76,1,70,1
10481,4,772,0,25,142,1
4462,1,718,161,24,646,17
5778,1,1124,10,12,364,20
7766,1,304,0,8,68,3
6024,1,437,85,4,293,2
2292,1,1113,0,36,717,25
13176,5,3006,0,22,698,1
10908,1,6202,0,234,2175,32
4564,4,1571,3642,24,480,2
5711,2,1073,225,44,1231,4
9516,1,253,2,2,173,0
4117,1,56,2,0,44,0
9331,10,556,5,5,303,0
12533,8,1691,283,35,386,1
13452,1,29,0,0,22,1
8365,1,32,13,0,33,1
5738,1,1615,2566,51,879,40
1803,1,115,501,9,374,20
5145,1,47,63,3,38,3
13310,1,1122,0,37,413,2
8915,0,28,1,2,18,0
10259,1,1187,574,8,567,3
3781,2,275,933,9,743,30
7075,1,38,12,0,29,0
3742,1,787,0,42,247,2
4336,1,153,1,1,103,0
14740,1,248,17,0,150,0
6213,1,1457,1108,12,1090,37
11371,1,1153,0,21,580,10
9791,1,1691,3705,43,1596,31
1286,0,316,5,6,92,0
6718,8,97,9,5,25,0
4867,1,13,20,0,8,0
9577,1,1456,1248,64,723,51
14473,1,24,0,0,40,0
1481,1,1530,0,19,881,30
124,1,1763,6,153,949,2
811,3,143,0,3,8,2
8688,3,391,206,6,244,2
7233,0,10,0,0,4,0
2688,3,76,8,0,23,0
3324,5,486,0,59,353,22
13074,5,289,0,13,800,14
3448,1,423,0,13,292,21
1282,1,10,0,0,15,0
6776,1,17,42,0,20,0
9144,4,339,16,14,163,9
4954,8,933,187,40,516,17
4396,1,140,0,0,79,0
2005,1,823,9,13,339,8
10828,1,144,3,1,87,0
3516,1,54,0,0,45,0
6205,1,42,22,0,30,0
8098,1,1746,52,22,782,2
1834,1,219,6,3,181,0
6576,1,9,13,0,33,0
5459,1,17,8,0,18,0
7821,1,131,212,1,42,0
934,1,489,863,7,947,12
7424,1,37,0,0,30,0
13912,1,119,0,0,76,0
359,1,366,78,4,160,1
10119,3,677,569,24,348,11
12839,3,628,64,558,231,527
11378,3,286,0,2,191,0
12149,2,418,13,13,245,4
3475,1,1211,170,14,316,1
3563,1,169,481,4,579,2
12166,10,456,65,8,201,0
11340,1,265,0,3,147,0
4191,3,31,8,0,19,1
10567,5,558,148,57,313,2
2597,0,661,0,3,260,0
6002,1,1107,3534,48,1568,57
5115,7,603,1941,15,1322,6
1450,1,439,35,0,259,0
2821,1,2654,71,66,344,1
9629,1,161,0,2,125,0
9507,3,367,0,11,212,0
6652,1,41,16,0,25,0
9766,3,3661,1173,113,1346,132
13140,1,269,0,6,162,0
6976,3,128,115,0,101,1
10170,1,6,0,1,5,0
2006,5,1394,0,12,651,69
8997,1,281,0,2,199,1
8530,4,1435,0,59,705,133
457,1,42,0,0,17,0
4228,1,76,36,1,68,0
4016,1,139,2,13,106,2
8655,1,899,0,29,794,23
3129,1,2126,294,53,1230,5
8610,2,600,70,5,351,2
10302,1,370,357,24,293,4
6557,3,63,14,0,21,0
7372,1,434,7,1,289,0
11112,1,1228,0,40,408,28
11168,7,216,11,4,104,2
9813,1,271,0,16,134,2
7039,1,1112,222,5,589,8
6499,1,91,0,5,21,0
13275,5,520,0,20,432,2
1475,1,428,220,3,269,1
10827,1,404,0,177,248,21
10463,7,192,3,2,16,0
11651,4,2195,0,60,1346,45
1978,1,728,0,1,205,0
14373,1,15,92,0,14,1
10655,2,444,805,6,197,3
4377,8,76,0,4,25,0
5055,1,134,1,1,106,0
12428,1,335,2,9,127,2
12474,1,535,383,51,438,97
8776,1,66,8,0,56,1
9792,1,33,99,0,44,0
13352,1,130,4,3,52,3
9843,1,113,0,1,24,0
2338,1,179,0,1,177,1
7900,1,837,680,26,570,4
7597,1,147,5,0,112,0
10934,1,22,0,0,17,0
11352,1,217,20,2,173,1
13012,2,644,426,10,300,14
3411,1,67,0,1,61,0
5331,1,1292,104,18,763,23
1080,1,312,22,5,185,0
2387,1,176,1,21,84,1
12841,3,358,0,36,629,19
12191,1,768,5,15,337,1
9337,1,30,0,0,29,0
4143,1,580,71,34,290,1
7300,5,90,0,3,223,1
1624,1,1252,0,19,861,11
3604,1,150,57,5,133,14
4251,0,159,0,12,123,35
4324,5,1654,1071,175,3454,37
8286,8,43,17,0,33,0
3541,1,36,0,0,7,0
11173,1,2339,0,123,2379,93
7653,1,677,671,3,475,2
6755,1,58,0,0,28,0
4333,1,87,15,1,43,0
11920,1,42,59,0,40,1
6131,1,232,1,3,96,0
2468,3,5212,5899,505,3378,40
13247,1,254,4,6,224,10
6039,1,34,18,0,19,0
12888,1,47,0,2,37,1
9472,1,247,380,13,179,7
2542,1,353,555,7,309,1
8312,1,736,0,205,284,4
3616,2,275,791,4,132,4
4545,2,5496,141,327,2414,79
11760,5,1989,3,55,755,6
6000,1,244,0,23,96,6
13554,1,45,44,1,40,1
3358,1,1852,0,68,220,18
4575,4,257,0,0,85,0
12269,1,183,35,5,56,2
10663,1,1488,1610,38,874,14
8337,1,3528,0,59,1273,0
4312,4,462,146,43,412,21
2080,1,385,0,29,719,58
7278,1,856,0,42,372,0
3888,3,96,1,0,74,4
985,3,777,0,6,504,7
3597,1,2813,114,53,882,1
12115,1,41,0,1,30,0
1106,1,879,0,72,588,4
4823,1,2031,306,81,623,0
6042,3,1516,0,8,529,2
8715,1,940,0,44,1042,2
187,1,253,52,2,160,0
8520,1,198,137,3,230,3
9567,1,13,25,0,12,1
13739,1,53,56,1,30,0
10175,2,1988,0,8,751,0
7359,1,619,0,5,271,0
156,1,1113,16,7,384,0
48,1,1095,0,17,687,51
9106,1,255,0,10,253,21
7130,1,796,0,9,450,21
14606,1,108,308,0,75,0
6128,4,197,0,2,195,1
6433,1,409,0,6,180,2
14523,3,27,0,0,11,0
14767,1,639,2,9,283,0
10785,1,289,54,2,169,0
9635,5,2380,301,169,1820,131
8919,1,149,1,1,114,0
5765,1,291,501,0,210,1
7732,1,1401,156,6,849,2
10821,1,129,21,1,119,0
6716,3,644,9,38,319,43
5201,0,153,0,0,6,0
11796,1,665,0,30,141,0
7852,1,217,7,0,165,0
7416,2,276,2,1,173,0
1151,1,554,0,9,785,23
6078,1,787,664,19,474,2
7547,1,255,0,4,51,0
1736,2,220,29,6,182,0
2873,1,80,27,0,65,0
2870,1,324,279,8,355,5
5994,2,471,7,6,276,0
7911,1,20,0,0,13,0
1474,1,161,101,2,103,2
11661,2,1680,353,69,741,57
12579,1,29,0,1,24,0
911,1,139,167,0,92,4
7517,1,489,64,35,572,32
13225,1,165,449,6,152,17
8675,7,306,0,1,22,0
6748,1,163,524,0,151,0
9171,1,415,208,4,332,3
13299,1,829,0,5,242,0
7203,1,372,0,21,256,17
2010,8,236,31,2,553,1
1022,1,57,38,1,71,2
4583,4,1721,0,34,757,6
6357,4,8,0,0,5,0
12435,5,1039,23,96,554,113
13289,1,1069,0,24,68,18
10818,7,45,1,0,13,0
289,1,88,77,0,88,0
5890,1,866,0,31,1254,109
3056,1,276,0,0,220,0
1279,1,57,526,0,207,0
6957,4,1524,0,10,334,0
5021,1,336,1,39,131,5
4752,4,702,1025,10,320,0
14707,1,20,0,0,2,0
7266,1,380,100,5,530,25
4214,1,138,73,0,156,0
13564,1,104,23,4,52,0
9176,2,135,102,2,98,0
6141,1,455,416,15,186,37
3326,1,31,1,0,20,0
12691,1,211,0,1,96,0
1524,1,1328,0,30,358,0
14275,1,175,2,1,53,0
817,1,518,0,8,282,1
470,1,165,0,0,115,0
3498,1,1370,0,26,549,36
1600,1,874,102,9,459,8
1790,1,280,0,4,270,1
8614,1,2469,0,167,716,85
4938,4,1453,0,59,6229,220
2193,1,2903,0,101,1723,28
7794,4,4357,0,230,1920,53
2021,1,364,926,1,523,7
13582,1,203,1,2,37,0
8496,1,575,678,35,524,12
7345,3,187,77,9,92,1
4826,5,2632,116,25,888,21
6946,1,2564,80,47,1550,61
8303,2,242,0,2,64,0
11894,0,157,342,2,68,0
4442,0,236,52,1,38,2
10723,2,1819,0,67,211,1
1614,1,3948,0,173,3377,201
9134,1,368,0,17,237,11
13486,1,68,292,6,90,3
11395,1,458,69,10,101,5
13085,8,548,0,2,139,0
6983,8,1944,1196,161,936,74
1549,1,1713,240,28,967,50
9458,1,185,568,3,208,3
14323,1,1246,65,5,201,0
8647,1,3661,0,101,1040,47
1952,1,3295,48,4,171,0
12523,1,1704,1,14,222,13
14451,1,1575,0,2,215,0
12770,1,405,0,11,131,6
12524,1,1635,10,16,348,3
6697,1,1606,449,10,392,12
11537,1,760,0,73,794,92
8113,3,192,30,4,125,0
9570,1,146,122,3,134,0
6840,1,1028,0,7,608,3
10684,1,35,0,0,11,0
12432,3,548,14,1,135,0
6540,1,3489,0,144,196,1
13696,0,14,3,0,10,0
6470,3,3096,20,116,1480,28
3491,2,26,31,0,20,0
14775,0,19,1,0,4,0
104,1,96,0,0,69,0
870,9,109,14,2,45,2
11354,1,300,126,5,320,12
4037,1,366,0,19,1728,23
184,2,50,1,0,13,0
10409,5,8,0,0,1,0
11128,8,892,9995,65,1871,22
523,8,112,0,0,57,0
6833,1,54,195,0,39,0
2044,1,61,0,1,41,0
5506,1,112,0,0,139,0
14192,8,87,3,1,33,0
3587,1,276,0,5,295,50
11110,1,861,324,39,370,21
14679,5,98,0,8,81,1
11774,1,94,0,0,66,0
13905,1,93,0,2,153,1
10273,1,50,262,0,67,0
2452,3,3578,0,31,1265,26
12669,7,38,0,0,23,0
9255,1,789,0,30,431,2
1455,1,623,0,3,330,6
5060,0,968,0,26,424,1
9742,3,185,1446,5,303,3
68,5,5,1,0,2,0
11448,8,5171,0,99,387,1
5164,1,60,132,0,47,0
8765,1,418,0,7,943,21
8680,1,2661,16062,36,2217,163
3347,1,644,0,24,38,6
12603,1,41,144,0,133,0
14090,1,56,88,1,57,1
7846,3,366,0,26,256,40
14538,1,308,0,1,153,0
13327,1,430,3,7,109,0
4865,1,51,29,1,6,1
4055,2,38,3,0,25,0
9284,4,10,0,0,2,0
10297,2,7,78,0,49,0
12897,3,998,616,21,573,0
1067,3,141,229,9,403,20
12278,0,170,0,1,90,0
11081,1,688,42,24,617,1
3550,3,1593,16096,557,2052,421
4716,3,31,0,0,15,0
12020,2,1155,0,67,2093,31
9773,8,1239,399,45,239,15
9463,1,330,485,10,257,3
5849,2,39,133,1,47,0
13567,7,43,50,0,97,0
13264,1,230,6269,33,5436,140
321,1,86,0,0,22,0
4064,2,29,0,2,6,1
1501,1,157,0,0,50,0
5697,2,3337,0,52,932,23
921,1,135,71,3,54,0
2119,1,45,0,0,39,0
14552,1,310,0,3,143,0
836,1,649,3,2,228,0
9621,1,40,6,0,16,0
12835,8,403,0,14,425,5
7918,3,279,34,0,137,0
13893,1,13,63,1,111,1
9716,1,1167,12,8,134,3
1610,3,1347,0,15,660,1
10875,6,2125,1,111,1275,40
4372,1,38,48,0,37,0
11106,1,32,49,0,17,0
9310,1,232,7,1,151,1
6393,1,15,20,0,16,1
969,1,295,0,0,145,0
399,4,49,0,0,8,0
5526,0,36,134,0,55,0
6389,1,771,392,12,348,4
7874,1,608,0,18,693,93
4792,1,442,244,15,298,2
9415,1,220,26,2,125,1
11704,1,39,4,0,40,0
1174,1,39,0,0,15,0
11277,4,282,383,6,83,0
777,1,352,0,2,118,0
5261,1,475,0,0,113,0
11936,1,1312,0,30,457,1
7339,1,57,122,2,40,2
13913,3,13,9,0,20,0
13236,1,571,279,12,255,11
4782,1,88,0,0,24,0
11265,2,1329,0,40,30,0
6738,1,412,0,19,255,5
1426,1,96,13,0,65,0
328,3,955,4,20,377,7
14191,1,100,65,0,59,0
14183,1,197,433,0,153,0
9607,1,207,0,1,103,0
13641,2,200,54,1,96,0
4325,1,485,211,4,384,0
9538,8,1604,603,23,177,8
5833,0,25,5,2,17,1
9242,1,250,1,1,48,1
3851,1,837,1546,3,226,0
2682,1,3769,0,256,1385,106
4696,1,55,31,0,57,0
9938,1,28,7,0,22,0
13283,10,216,495,8,143,0
11708,5,2079,0,77,611,2
10493,1,415,0,4,183,3
5984,1,321,0,35,887,10
9575,1,8,21,0,8,0
13178,1,487,0,30,291,3
7396,1,1176,141,39,532,11
11437,2,188,17,2,136,1
6969,1,967,29,6,611,3
1478,1,183,4,2,36,0
1040,1,1046,0,16,465,15
6941,3,2216,10465,115,2368,95
3282,3,101,0,0,76,0
10791,1,69,2,0,24,0
1781,1,149,99,2,185,0
5675,10,91,2,0,66,0
7477,1,1193,714,22,648,4
7329,3,483,853,12,914,9
3377,1,808,7,0,152,0
5159,3,25,0,0,8,0
5572,1,2398,0,18,495,0
545,5,765,0,5,360,0
12595,1,284,360,6,136,3
12829,1,462,1100,19,508,5
4521,4,5042,13420,203,6134,305
6707,1,394,74,9,145,12
8808,4,272,0,5,44,5
4307,1,110,108,7,99,7
11194,3,1016,1323,6,402,4
7356,1,125,437,4,121,6
9674,1,385,4,4,98,1
4949,1,413,0,4,322,5
9954,8,597,1080,12,132,0
1384,1,16,1,0,11,0
3753,1,1488,602,5,736,0
8344,1,483,59,7,112,0
7072,1,103,1,3,51,0
7620,1,343,455,15,1361,13
6790,3,466,219,4,375,1
3935,2,29,5,0,28,0
316,1,61,22,0,37,0
6661,4,11,0,0,2,0
5066,3,64,0,1,166,0
169,1,245,137,7,127,0
5610,1,51,113,0,86,0
1932,1,469,500,5,373,2
427,3,103,1,2,74,2
10859,0,4231,3162,273,2264,196
14003,1,194,0,1,83,1
7324,7,1439,749,52,576,6
7952,3,1800,4439,26,954,4
1930,1,559,8,1,161,0
12085,2,78,53,1,66,0
12441,1,72,0,3,30,1
14786,1,778,459,17,558,5
1936,1,2351,0,38,458,16
723,1,269,0,2,289,24
4999,4,2832,181,34,1105,1
3963,4,643,0,6,63,1
387,1,123,0,5,217,28
11264,6,103,58,0,45,0
2618,1,210,0,11,1233,39
11598,1,95,7,0,54,0
11895,7,1291,0,25,277,6
4042,1,1009,1295,44,454,3
5267,1,760,266,23,590,31
13342,1,586,0,3,133,2
7754,1,81,5,0,22,0
5323,1,1285,0,1,186,4
10484,1,244,348,6,261,2
12389,3,134,1,1,72,0
5552,3,213,0,13,460,13
1863,1,2141,0,85,1415,145
12201,0,113,61,0,96,0
7184,1,1359,0,28,482,29
6340,9,26,3,0,11,0
4754,8,396,0,23,114,2
2048,2,24,0,0,31,1
1619,3,178,0,2,195,1
14757,0,36,0,0,2,0
12406,1,266,883,4,275,0
9288,2,97,28,0,373,1
4375,2,28,29,1,20,0
11233,1,2209,0,48,912,0
75,9,35,0,0,3,0
527,1,147,415,0,115,1
6515,1,111,0,0,3,0
8341,7,272,17,1,62,0
11308,1,4330,0,95,2684,204
6067,1,759,461,28,281,12
9572,3,93,0,0,9,0
14799,1,60,6,0,14,0
5635,1,840,124,13,290,0
9648,1,429,90,24,163,1
5470,1,2366,2878,83,1014,36
7430,1,56,182,0,65,4
2536,1,351,382,12,147,2
11771,1,3164,1387,119,1016,119
4224,1,1558,0,65,1025,16
3125,1,1734,0,29,703,2
12701,4,28,0,1,7,0
13592,1,264,0,5,224,125
2461,3,1897,819,38,1207,26
2314,1,906,131,31,104,30
9809,1,723,76,96,708,226
12718,1,4237,3117,494,3630,985
70,2,1154,3203,6,1338,7
576,1,111,3,2,58,0
5120,1,336,12,35,194,1
12421,4,18,0,0,12,0
1670,7,216,0,3,131,0
931,1,1661,84,13,930,21
11172,1,1308,0,46,3713,119
4002,1,225,108,7,164,11
13332,1,154,31,6,51,9
5357,1,323,0,14,600,18
11927,1,2950,14,72,1094,3
11222,3,499,0,5,228,0
452,3,687,0,1,264,0
10979,1,34,0,0,34,0
3470,8,8,7,0,6,0
12243,5,2201,2,42,573,0
93,1,736,2,54,442,19
7728,1,216,0,6,470,12
9213,2,35,108,0,84,0
11038,1,655,0,57,545,43
1824,1,575,427,7,463,4
9002,5,831,4,16,162,5
10157,5,1148,0,94,963,0
2499,4,1447,0,61,1566,6
8830,1,2954,0,97,844,7
12931,2,510,0,31,190,1
8295,1,9,4,0,10,0
2141,4,10730,1574,636,5520,21
10969,1,268,98,5,174,5
2244,1,364,154,10,179,23
2782,1,247,78,0,179,3
2957,5,337,28,13,184,0
9364,2,50,2,1,40,0
9866,1,80,1,0,32,0
4276,1,150,77,3,75,0
11703,1,352,0,7,121,4
7106,1,154,0,1,119,0
3317,3,1202,0,103,1828,133
6842,1,38,423,2,148,1
7243,1,1035,125,44,442,39
3412,1,449,107,46,292,2
3569,1,255,0,2,94,2
357,1,1862,0,43,1626,8
1444,8,536,17,13,140,3
1075,1,126,13,1,112,1
13411,1,524,1864,3,219,0
11922,10,1364,2608,79,916,10
9992,1,716,327,10,304,3
7657,1,332,997,2,712,1
5177,1,210,0,13,145,10
13233,1,566,274,9,247,17
10936,6,1800,2604,98,5887,52
2971,1,1737,56,32,609,28
8888,2,1645,80,36,509,8
1078,1,90,0,0,40,0
6370,1,251,5,2,90,3
131,1,826,429,21,1453,93
194,10,876,11,52,161,11
7463,1,1098,1668,62,208,64
13580,1,6,37,1,7,6
1036,3,1226,2058,32,623,23
4860,1,184,5,6,127,1
10342,2,53,0,0,30,0
9138,1,881,695,27,172,0
11221,3,1779,1983,81,935,5
12712,1,1054,4,7,360,0
11430,1,983,18,6,190,1
1627,1,262,164,1,182,3
5360,10,173,0,1,553,1
1337,1,37,0,0,23,0
5663,1,280,0,5,71,1
435,8,691,0,30,219,4
6989,2,508,15,8,255,1
5328,5,828,10,10,136,2
14394,7,17,12,1,7,0
4083,1,1939,928,48,290,14
11788,1,11,1,0,12,0
3388,1,182,0,0,20,0
2645,3,97,67,4,77,1
7723,3,6216,203,246,1447,132
1984,1,240,150,1,158,0
5836,1,114,68,4,220,4
10205,5,354,8,2,241,0
1506,1,966,7433,32,2535,44
6334,1,972,142,12,160,2
5797,8,1490,730,56,336,60
10448,10,110,3,5,53,1
2333,1,115,8,0,95,0
9179,1,746,0,54,414,1
8998,1,571,751,1,204,3
2386,1,2009,462,181,952,50
2995,1,2518,0,458,1455,44
7361,1,10303,0,55,764,0
924,1,1571,0,77,740,15
4397,1,165,20,1,90,0
12477,0,6,24,0,12,0
932,3,23,0,0,19,0
7101,6,79,86,0,119,0
279,1,656,3,2,380,1
8938,2,27,77,3,27,0
386,8,3127,132,43,256,51
12167,4,581,26,60,593,21
6126,1,885,30,1,563,1
8722,1,554,0,2,286,1
9231,1,105,0,0,57,0
12567,3,136,1,0,32,0
7038,1,945,0,13,502,0
13840,1,79,21,0,64,0
12571,1,1777,0,14,790,9
10458,1,2462,2271,72,1059,64
1303,1,19,86,0,19,0
10269,5,5423,14887,3927,7885,284
14027,1,38,41,2,36,3
2872,3,95,0,1,25,1
1892,5,7216,2,361,833,929
3606,1,361,9,10,215,1
1751,1,1095,683,5,203,1
672,1,572,0,5,305,2
4414,10,43,139,1,105,0
7336,1,153,0,2,68,0
13878,2,197,0,0,41,0
8707,1,199,0,72,2372,456
12035,8,367,164,5,94,5
9872,1,584,2,5,217,0
1307,1,136,1679,0,682,1
7780,2,33,173,1,28,0
4049,1,1112,71,45,304,12
5287,1,1410,2016,17,579,8
5113,3,1189,5749,40,1731,50
2695,1,118,561,1,169,0
10062,7,971,0,37,437,3
2855,3,1110,5024,51,1755,77
1380,1,413,333,0,48,1
13935,0,31,28,0,33,0
12070,3,729,205,11,275,5
11883,1,444,0,16,379,6
12727,1,273,0,2,96,0
14770,1,250,38,3,47,1
2147,1,215,55,0,71,1
13468,1,278,24,3,43,0
9745,1,1997,0,56,805,49
12503,1,143,192,5,134,3
8943,1,1153,1651,24,431,3
13036,10,939,1373,31,249,7
4717,2,85,0,1,17,0
4018,1,151,82,0,40,0
2938,8,5998,48,155,692,0
12217,1,182,3508,2,187,9
14469,10,47,132,1,61,1
5548,1,355,400,8,55,0
7401,1,53,189,3,90,2
6611,10,558,214,9,255,1
6827,1,140,34,1,84,0
2526,1,917,2,169,310,0
10998,5,426,1,3,325,0
9164,3,119,254,4,122,0
8109,3,531,19,29,317,18
9175,6,83,9,1,85,0
9714,3,8,0,0,5,0
9564,2,58,8,1,74,0
8535,1,213,61,4,105,11
1676,3,1528,0,46,7846,36
12722,1,2557,79,24,492,3
12611,2,228,14,4,95,1
10469,4,710,178,3,480,5
8577,1,759,0,56,486,45
4915,1,1066,0,40,486,19
5566,7,38,15,0,48,0
5092,5,313,44,1,87,0
4558,4,662,16,6,164,2
11847,3,200,10,2,54,0
6025,3,210,47,3,129,0
8433,2,2026,583,113,735,7
9693,2,468,168,15,426,5
9131,1,1450,0,4,1231,2
9049,1,24,22,0,26,0
7333,1,4358,0,392,2866,98
3154,6,28,15,0,46,0
1713,1,31,0,0,25,0
5522,1,370,0,11,514,65
4275,1,35,16,0,10,0
1331,3,44,0,1,30,0
10109,1,5197,13236,148,1099,15
4365,1,52,70,4,65,4
4666,1,3001,240,143,825,5
9307,3,18,2,1,30,1
3573,1,591,0,15,1940,88
11193,3,1094,120,13,631,0
3751,0,9,0,0,1,0
12237,5,1678,1231,67,1044,164
11049,5,1659,0,31,1042,3
1437,1,42,308,0,70,0
358,1,348,710,1,255,11
12304,2,117,270,0,138,0
11550,1,1182,0,64,60,46
13784,3,22,1,0,9,0
5709,2,1491,470,33,984,15
9266,4,7,40,0,67,0
5373,1,47,16,1,67,0
4136,3,130,973,0,174,0
840,1,676,0,14,1767,16
5168,3,901,3655,33,393,14
99,1,122,181,3,114,1
12958,1,725,616,22,381,18
5279,1,877,1168,3,831,3
5332,7,98,16,1,72,0
1793,1,3839,123,270,1598,438
12138,4,240,865,10,646,9
7696,1,891,0,21,644,3
13877,7,211,701,7,241,4
7548,3,3145,4690,186,1933,202
6955,0,8,3,0,3,0
13063,8,742,42,8,205,8
12696,2,108,30,0,22,0
13572,3,244,0,2,126,1
9493,1,44,0,0,117,1
1587,1,159,32,0,54,0
728,1,191,0,0,100,0
3456,1,734,0,1,104,1
9665,5,958,0,39,918,17
2905,2,655,0,19,497,0
14096,0,17,0,1,7,0
10260,1,2119,1135,66,388,8
11476,5,509,0,0,17,0
6970,1,1152,63,29,596,9
13402,1,466,6,8,83,1
504,2,20,0,0,12,0
3833,2,93,228,0,140,0
2919,1,325,231,1,209,2
8426,3,1779,12,11,315,1
4351,1,272,103,4,151,7
10253,2,2099,97,48,628,0
11416,3,36,2,1,52,1
6980,1,244,0,2,21,0
13293,1,700,0,12,254,9
7549,3,1301,153,45,2414,51
12014,0,19,0,1,14,0
12575,0,117,7,1,62,1
5809,1,1648,0,14,661,0
4963,1,67,1,0,27,0
12022,1,408,0,16,764,15
4713,1,455,406,21,162,6
9975,5,584,0,6,294,1
13133,1,951,0,61,87,15
12909,1,1019,18,147,273,26
329,1,40,0,0,19,0
10513,1,113,0,1,24,0
12632,1,15,147,0,65,0
4714,1,115,44,0,73,1
4582,3,495,388,5,225,1
6660,1,126,0,3,112,0
653,1,9232,0,64,3090,1
13664,4,163,33,2,377,1
368,3,751,2,3,378,2
9727,4,255,8,1,233,1
9323,1,607,237,3,300,1
11312,1,1856,522,23,404,8
7048,1,130,52,0,69,0
117,0,37,99,0,34,2
7611,1,194,8,1,29,0
6240,1,1450,1713,52,1717,180
14526,1,201,50,3,140,1
3838,2,8,0,0,5,0
8929,1,566,1198,2,423,1
5260,5,2515,829,134,991,83
9212,1,852,1307,57,605,29
8706,1,239,0,8,252,2
1311,1,540,18,20,245,1
1933,3,523,507,71,253,38
8526,1,113,181,4,70,3
5761,0,64,0,0,10,0
3490,3,152,30,1,103,0
9374,2,368,251,5,312,1
12961,1,345,946,11,230,49
21,1,158,27,2,97,9
3322,1,313,281,8,263,7
9183,7,194,1,2,61,0
4617,1,5288,2567,30,696,39
7237,2,7,3,0,4,0
11721,1,1194,0,65,359,0
1684,1,314,175,3,276,1
9252,3,1460,1314,45,724,1
11119,1,124,13,0,46,0
3259,1,374,3,1,122,0
277,3,619,3,8,296,0
6743,1,701,101,33,316,7
6282,1,119,76,2,40,2
12786,1,2845,0,68,156,6
13071,2,1602,0,110,980,24
8930,1,459,2,5,262,0
12339,2,435,179,22,221,17
2808,1,45,15,0,16,0
2865,1,311,38,9,197,0
508,1,225,0,2,299,2
10668,1,6061,2639,618,2516,484
6678,1,27,85,0,66,0
11115,1,1340,448,8,359,5
6719,1,194,843,4,442,37
3213,3,12,0,0,5,0
9451,5,1175,0,22,115,7
13150,1,277,0,43,141,111
11711,2,172,0,2,104,1
11768,0,2545,0,27,1168,1
6510,1,814,808,26,209,1
1977,3,335,6,4,145,0
3032,1,433,96,5,315,1
12460,1,21,10,0,20,0
11319,1,172,0,3,35,0
11555,5,248,0,0,1,0
8646,3,1895,6065,122,1304,16
5085,3,908,0,15,304,0
8224,1,264,7,3,110,0
7017,1,496,4,8,355,0
12504,3,1364,2,34,758,1
9382,1,125,53,0,78,0
5051,1,119,0,4,422,7
2885,7,26,20,0,15,0
3278,9,75,57,1,37,1
7715,1,3746,35,106,938,42
2268,1,19,0,0,12,0
3318,1,102,127,1,92,0
8218,1,656,90,48,476,7
4542,4,2032,9,45,614,8
3982,4,159,33,5,98,4
4100,1,881,2,3,170,4
7452,1,416,0,2,289,4
11928,10,175,408,7,473,0
11080,1,6286,0,78,3029,88
10367,8,3752,0,87,370,0
12878,2,746,188,32,587,7
1463,1,46,0,0,26,0
5928,1,72,39,1,29,0
2466,3,2990,112,53,629,19
11933,1,779,35,27,368,12
6071,1,1916,1396,41,1062,12
2856,7,3326,16,142,2278,0
12723,1,2693,508,149,610,24
6429,1,23,0,0,3,0
10733,1,40,0,0,26,0
3473,1,64,40,3,45,3
8181,5,3766,0,279,1746,133
757,1,510,552,9,333,4
10474,1,76,0,0,25,0
2078,2,55,36,0,38,0
1390,2,59,18,0,24,0
1332,7,356,6,12,0,0
9080,3,1096,74,59,410,50
249,1,140,33,0,117,0
8257,7,2306,4,37,1092,5
5990,3,311,376,18,226,41
6451,2,9,0,0,2,0
12756,1,1144,1293,67,507,12
12941,1,700,0,26,678,26
8388,1,1126,0,30,372,0
11647,1,1916,2961,69,1266,102
5751,0,107,0,0,33,0
13788,3,81,2,0,18,0
7029,10,677,0,14,491,2
13349,1,146,20,2,58,4
2663,1,51,66,1,39,0
4354,1,615,197,42,141,26
9937,1,456,0,1,124,3
8485,1,710,23,2,96,2
8245,1,1636,0,6,473,0
6217,1,1538,0,37,1128,246
10829,1,401,5,0,54,0
8940,1,14,0,0,10,0
2023,5,2364,195,73,2132,50
5007,1,183,101,1,130,1
10788,9,385,0,3,102,0
12026,6,576,310,19,443,1
7466,2,10,2,0,20,0
10727,0,578,0,8,380,0
1709,1,239,0,2,155,0
9125,1,684,0,1,60,0
13300,1,167,74,5,118,11
78,1,392,1258,14,299,92
5484,2,113,0,0,51,0
11134,1,543,0,8,186,1
13634,1,34,5,0,32,0
1998,1,137,0,1,56,0
14309,1,292,0,1,141,0
12488,1,702,0,29,535,8
13932,0,8,0,0,1,0
7750,6,252,17,2,161,0
476,1,131,0,0,42,0
1988,1,71,2,3,53,0
12044,3,81,92,11,160,11
4874,1,1770,630,183,937,36
13432,1,100,0,0,24,0
5636,5,1021,22,97,521,29
13621,1,221,0,3,48,0
9448,2,30,31,0,20,0
7513,2,36,0,0,42,0
10985,1,918,2,21,574,0
11370,1,85,232,1,48,0
6616,1,91,388,0,72,0
14410,1,55,0,0,1,0
13465,7,913,27,79,1160,60
11627,6,1554,0,61,885,1
3549,1,591,0,4,594,18
1890,8,2488,8,53,509,29
5378,1,632,0,32,133,8
6726,1,338,15,4,150,0
10020,1,132,396,2,104,2
1061,1,87,0,0,54,0
7364,1,48,4,0,43,0
13216,1,774,2113,13,475,54
3899,5,910,1107,40,371,63
4015,1,88,3,1,78,0
2325,1,840,113,29,450,3
11525,1,119,79,8,153,0
13930,1,235,216,3,225,0
3909,1,7,0,0,5,0
4254,1,1121,0,10,465,4
11660,1,438,0,48,1509,162
9314,7,296,375,7,87,4
1943,1,53,236,0,177,9
13188,1,922,0,17,331,0
7621,1,753,0,12,213,2
13736,1,20,39,0,15,0
4344,1,1299,0,6,177,0
6844,2,39,0,0,23,0
109,1,636,0,75,691,43
2416,1,13,0,0,6,0
4569,2,1839,1750,12,470,0
10284,1,752,0,0,74,1
8222,2,28,0,0,13,0
14687,2,38,0,0,13,0
13510,1,116,403,2,74,1
5606,0,323,2,0,85,0
3526,1,1317,63,34,722,3
0,6,53,0,0,13,0
6331,6,367,17,3,32,1
4135,2,78,63,4,37,4
4795,6,394,394,0,305,0
10815,2,354,83,3,140,0
7781,1,98,82,0,47,0
14131,4,10,28,0,46,1
2007,8,11063,1983,144,2212,19
5784,1,796,828,6,332,1
1698,1,204,0,18,595,8
12462,4,1015,1,9,431,0
2801,1,983,199,20,510,2
2403,1,8342,0,193,2141,63
10845,1,624,2033,13,438,18
13786,0,32,6,0,10,0
573,1,253,44,2,195,8
11132,1,344,337,6,282,0
1611,1,19,41,0,20,0
4768,4,683,0,92,234,136
8640,1,246,39,3,142,2
13045,1,641,1701,129,435,26
6251,2,52,0,0,5,0
11070,1,97,0,1,61,0
8355,1,575,0,4,326,0
11256,5,1522,0,34,376,17
4788,2,255,81,7,159,0
4292,1,520,1,0,11,0
12461,1,459,399,6,87,0
10116,1,148,3,1,73,0
14780,1,799,23,4,199,6
7096,2,264,0,0,133,0
13722,3,25,3,0,17,0
1801,1,5551,0,191,4138,166
10107,1,896,102,5,326,0
12051,3,550,29,5,195,5
11597,1,154,11,2,85,1
6232,1,118,0,3,25,0
14399,1,123,211,7,190,8
1967,1,414,628,3,279,2
1360,1,103,37,3,92,2
5090,2,200,128,4,101,13
6442,3,2764,43,182,1664,29
11741,1,956,18,51,118,16
9850,1,964,2621,27,1314,23
6551,1,2685,2671,175,1561,268
6114,1,51,0,0,27,0
4855,1,372,3,0,25,0
13124,1,215,0,15,485,18
1510,1,3371,3,108,79,1
10444,1,1094,0,0,472,0
6455,1,9,1,0,5,0
11131,1,115,27,1,88,0
10760,8,35,9,1,37,1
8639,1,547,106,109,381,33
10173,4,391,330,7,100,7
8703,1,298,0,3,289,1
8658,1,180,1,0,124,0
3885,1,276,184,0,302,3
11431,1,1737,12,11,420,4
14622,0,67,18,0,48,0
12465,1,793,0,86,194,3
13322,1,506,125,18,91,4
8969,1,265,11,1,210,0
2578,8,340,582,5,200,1
12128,1,2445,137,179,887,52
12209,1,1562,2583,24,642,14
13498,1,102,0,2,0,2
14048,1,284,760,13,178,14
8223,1,91,345,4,187,11
5856,3,391,335,4,112,0
7991,1,540,0,8,460,6
5338,3,1464,110,37,86,0
942,1,2235,238,37,1041,3
3230,1,139,359,1,273,1
13484,0,30,47,0,31,0
8852,3,474,8,3,264,1
13711,1,176,0,5,82,7
11622,1,729,213,2,761,1
7959,1,614,56,1,176,1
9010,1,43,77,0,53,0
10637,1,673,2950,4,1613,0
5640,4,392,6,2,212,1
13774,5,45,13,0,8,0
12707,1,758,0,1,145,1
12904,1,479,7,81,222,9
3047,1,416,70,1,172,0
1120,1,163,1024,0,475,0
1544,3,13,0,0,4,0
6769,3,1749,824,143,1347,155
420,1,87,0,5,102,3
2399,1,6,0,0,9,0
7946,3,15,3,0,12,0
10609,1,364,424,25,304,36
172,1,436,144,15,308,2
1123,3,1142,1,9,2204,2
11643,1,555,305,6,238,1
11207,8,34,16,0,14,0
9926,2,8,0,0,5,0
1896,1,43,0,0,7,0
7008,2,29,0,0,23,0
6535,1,14,0,0,8,0
7065,1,225,0,0,56,0
1362,9,80,0,0,6,0
14794,1,11,0,0,13,0
14651,1,801,148,0,355,0
10017,1,148,258,3,94,0
13604,1,152,0,1,35,0
5439,1,202,18,1,162,0
4658,1,51,0,0,35,0
6953,1,336,0,0,176,0
3438,1,120,144,2,102,3
2883,1,1402,0,62,417,8
13409,0,288,6,14,115,1
7307,1,197,42,6,115,3
4119,1,128,18,0,90,0
2973,1,2822,318,156,1348,31
13018,1,413,0,36,96,1
13454,9,257,0,0,45,0
11438,1,1813,64,11,329,5
965,1,2275,0,57,806,2
4446,2,40,11,2,37,2
11408,6,315,44,0,126,1
8088,1,631,2007,16,329,6
6938,1,38,0,0,4,0
3040,5,3535,9182,148,2285,326
12136,1,75,22,1,49,1
7510,1,467,10,2,282,0
509,1,88,4,0,93,2
3697,1,67,0,0,61,0
12331,3,122,0,0,14,0
11426,4,163,0,1,84,0
1310,1,81,39,0,34,1
4581,1,414,7,3,225,1
12940,1,992,1699,40,666,14
6489,1,748,249,3,153,1
2054,3,5944,26,60,2434,20
10852,1,35,2,0,33,0
614,1,1217,6031,14,775,2
9810,1,668,0,10,73,0
4988,1,1589,1,25,536,1
10455,1,65,0,0,59,0
10744,1,995,115,1,197,0
2109,1,19,0,0,11,0
3086,1,561,4,2,428,0
9275,1,381,66,4,68,1
4425,1,624,2,0,108,0
9028,1,557,0,5,246,0
12736,1,440,14,62,339,53
7927,3,8,37,0,4,0
6695,1,547,47,4,36,1
1031,2,110,19,0,28,0
2998,1,1630,0,142,1394,224
12226,0,51,15,3,43,1
5932,2,1386,12,27,347,13
2195,1,1432,181,54,710,13
8834,1,1113,278,10,821,20
3340,1,889,1510,31,464,100
1387,1,134,180,0,111,0
9825,3,48,172,0,31,0
11658,1,827,0,34,276,31
1641,3,9532,10,48,3499,0
12125,2,711,2,12,340,0
13151,1,255,447,8,92,14
5381,2,38,0,0,15,0
1102,1,317,77,7,140,2
7816,1,1282,0,18,439,0
4131,4,235,0,2,167,0
11959,1,720,10,13,132,1
8992,3,103,0,0,27,0
4724,1,782,4191,37,874,18
4945,4,933,1624,45,659,22
9559,1,91,0,0,47,1
5103,3,314,55,7,120,0
3831,4,34,0,1,27,2
8772,1,1000,5,15,214,2
9065,1,659,0,11,276,13
5570,1,141,0,0,64,0
1068,3,2869,9036,56,4143,46
1334,1,227,0,3,516,83
1750,5,3492,0,61,662,24
3876,0,446,227,75,458,68
13612,1,183,0,21,201,19
11813,1,191,144,2,148,3
4265,1,183,149,5,165,1
12302,5,698,0,20,422,23
13581,1,44,0,0,14,0
5406,1,559,745,20,319,3
12210,1,1452,1,332,723,4
797,1,300,27,3,162,0
660,1,1484,703,3,773,0
11114,1,638,892,41,439,1
11224,1,1027,0,16,2557,14
4898,0,20,0,1,10,0
12424,1,99,134,0,82,0
2059,1,586,291,6,355,9
6908,0,83,339,2,109,2
1646,1,70,0,0,58,0
482,7,207,0,2,90,0
8947,1,51,0,1,20,0
8307,1,82,2,0,30,0
9720,1,82,37,1,63,0
14306,1,533,86,2,179,0
14072,3,28,0,0,11,1
3756,1,72,2,0,51,0
8141,1,1996,129,42,745,1
11295,1,151,0,3,209,16
11523,1,2009,2086,99,1265,102
1706,1,41,34,1,29,0
11113,1,83,0,1,46,1
419,1,2340,708,78,3286,468
9562,1,175,0,0,99,0
1809,1,77,11,0,50,0
4777,1,828,18,75,1207,23
12186,1,12,2,0,20,0
14778,1,585,0,18,1166,6
12951,1,466,0,73,77,15
5772,4,381,2,0,130,0
4252,1,240,0,2,155,15
3906,1,270,848,9,263,3
2347,1,484,35,1,241,3
3184,2,2238,0,48,627,9
8145,2,55,0,0,48,0
10510,1,330,0,6,197,0
13974,1,168,91,0,137,0
9072,1,125,0,0,41,0
7887,3,58,66,13,87,2
12366,1,349,2,1,210,0
10163,1,250,287,1,156,3
4257,3,24,0,1,197,0
12311,1,396,3995,3,1171,2
12512,1,24,12,0,44,0
13037,10,108,0,8,32,0
13476,1,31,0,2,40,2
12181,1,272,310,6,225,7
3355,2,39,8,2,15,0
14676,1,272,0,3,70,0
5485,1,51,123,0,93,0
4861,1,88,15,0,65,0
12032,4,729,383,37,819,30
8061,1,745,253,12,660,4
12778,1,1094,0,19,642,25
2355,4,172,10,3,97,0
12199,3,157,0,0,74,0
512,8,265,221,6,105,11
6456,2,179,0,0,85,0
10974,1,61,65,2,63,1
9013,1,693,1612,4,557,2
5019,1,535,0,18,733,10
2137,1,393,28,5,234,12
9127,1,252,0,0,193,0
10010,3,298,159,20,252,10
3926,1,795,0,107,228,9
10033,1,1295,0,78,518,1
2451,0,17,0,0,4,0
13881,1,61,98,0,40,0
9973,1,665,2091,5,732,10
13179,1,68,25,1,31,0
6195,6,76,0,2,40,0
4230,1,193,22,2,125,0
726,1,1574,2043,481,537,982
6513,0,97,0,0,60,0
917,2,167,5,3,58,0
33,1,1582,0,114,1177,67
5426,1,8204,0,263,2678,490
10097,1,206,0,3,73,0
364,5,418,354,25,129,3
12849,1,2041,0,150,627,81
3221,1,63,1,1,50,0
12384,1,212,236,2,225,0
12976,1,454,453,16,351,10
34,3,93,1,2,166,2
13768,1,514,1458,4,360,0
8032,1,57,42,1,47,0
7431,3,613,125,28,753,19
14424,8,90,160,2,26,0
1399,2,103,0,0,11,0
12513,5,935,1403,27,489,8
3303,9,102,0,0,27,0
14459,0,206,4,0,37,0
4996,1,186,30,1,79,1
8054,1,894,0,30,761,20
6733,1,13,0,0,2,0
8970,1,1161,20,36,2107,7
3285,1,279,108,6,76,0
2453,3,122,691,3,438,1
1618,1,43,24,0,31,0
9785,1,1086,4216,53,2838,14
5181,2,34,0,0,19,0
4910,1,4283,0,13,1406,1
7793,0,98,3,0,35,0
2534,1,74,0,0,136,1
11386,1,242,0,4,225,6
7557,3,196,17,0,83,0
6746,1,56,2,0,20,0
12031,4,491,0,8,267,0
6377,1,1151,163,33,333,11
9656,2,110,0,0,67,0
6592,2,1215,47,22,515,2
13174,1,629,0,22,271,29
12118,1,214,0,1,334,10
13943,7,482,570,6,257,0
12819,4,723,8,24,564,1
8835,4,462,247,4,189,8
9291,1,376,0,9,395,8
1441,5,516,0,7,122,0
2497,1,38,114,1,45,2
9033,3,20,0,0,10,0
6137,1,2530,87,55,192,0
6917,1,561,528,9,447,11
2825,1,487,517,23,529,7
2826,1,681,1876,17,386,10
1119,1,1104,382,40,357,73
2824,1,996,28,8,531,2
2822,1,1051,0,19,334,1
2818,1,2047,1061,67,879,8
2823,1,495,55,5,139,7
12577,1,1336,1808,101,935,50
3927,1,1469,140,22,503,20
7481,1,598,14,9,258,5
3983,1,28,0,0,28,0
2088,1,329,3,0,274,4
11463,1,266,6,5,187,3
4904,4,202,21,10,84,1
4261,1,369,302,4,309,7
13963,2,22,0,0,17,0
2069,1,147,3,1,69,0
1369,3,68,47,1,34,0
1227,1,307,0,6,272,7
9884,1,484,0,137,340,4
1138,3,325,8,0,62,0
4976,1,107,41,0,86,0
3847,1,1450,0,29,710,5
10790,4,507,0,10,190,1
13701,1,257,17,1,176,0
5345,1,164,1,0,65,1
1905,1,2302,0,74,408,12
3492,3,1168,1236,19,796,5
12473,1,264,0,13,94,18
6417,1,158,48,2,116,0
6016,1,363,186,2,242,13
35,1,171,29,0,138,4
6320,1,32,0,0,18,0
13282,1,851,739,24,520,9
12228,1,302,0,2,241,0
13869,0,20,69,0,28,0
10854,1,884,0,28,336,1
7165,2,7,0,0,7,0
7882,0,5,0,0,2,0
13921,0,64,0,1,20,0
12402,1,201,0,6,263,15
7563,3,724,0,9,254,2
13121,1,318,0,22,289,29
611,1,246,13,1,62,2
12320,2,49,0,0,115,0
3374,1,685,168,1,155,1
7512,3,373,1,3,47,0
2692,1,69,1,0,27,0
3943,1,33,0,1,207,0
11722,0,1000,171,38,232,6
11246,2,185,0,0,82,0
8783,1,199,0,2,117,0
874,1,451,109,1,270,4
9150,8,1613,0,52,470,4
9788,3,625,796,22,900,13
5944,8,543,344,87,120,206
11829,1,26,61,3,118,4
3979,1,918,0,50,700,80
2699,1,330,0,12,234,5
3420,1,225,1,0,185,0
7461,1,697,0,39,490,25
3339,1,118,24,0,72,0
2327,1,181,433,0,166,2
6243,3,529,375,26,515,32
2800,1,907,721,22,477,4
4168,1,143,117,2,99,2
3029,1,5971,0,136,2459,7
13456,8,361,3,15,50,0
5655,1,29,521,0,78,12
2643,1,615,0,0,380,0
10836,1,298,42,1,213,8
9450,1,116,222,1,144,8
1589,1,53,7,1,44,0
13977,3,223,0,2,69,0
2949,1,21,26,0,38,0
10512,1,388,0,3,180,0
5567,1,132,17,1,48,0
14772,3,426,0,4,262,0
8066,3,230,11503,10,284,19
8150,2,2915,0,37,1573,19
7569,3,1409,66,43,397,4
8431,4,834,54,261,756,0
7207,1,66,0,0,19,0
1954,1,1428,143,4,230,0
8420,9,23,0,0,5,0
1379,3,308,334,8,143,1
5830,1,1198,483,65,548,61
11067,8,416,320,3,123,0
11027,1,402,0,2,143,0
7530,6,252,46,6,169,3
3965,1,739,1985,13,827,26
8005,1,136,3,2,88,0
3654,8,24,1,0,4,0
11924,1,526,0,10,296,0
3043,1,4871,0,67,457,16
2116,1,6,0,0,5,0
887,1,382,0,5,339,0
10148,1,113,0,0,66,0
13926,9,62,0,0,4,0
12487,1,947,0,35,902,18
7716,1,130,0,0,61,0
3971,1,247,39,4,47,1
8463,1,127,176,0,87,0
10144,3,1085,2705,92,862,49
11311,7,91,280,7,30,1
6252,1,871,1360,30,387,15
8091,3,1900,0,81,777,103
14449,6,750,1435,10,323,2
2495,0,323,0,13,128,1
13566,2,49,0,0,5,0
6326,1,1317,0,9,345,0
9501,4,5,0,0,2,0
8205,1,345,0,3,72,0
13866,3,41,17,0,42,2
14487,1,5,0,0,2,0
12106,1,924,27,60,496,3
5603,2,54,0,0,15,0
11587,3,10,0,0,11,0
2887,1,155,122,0,264,0
10677,1,414,179,10,254,1
11532,1,764,1321,18,620,13
4652,5,76,242,2,184,3
12322,2,50,1,0,29,0
7262,1,75,0,0,59,0
9038,1,70,0,0,34,0
10946,7,581,363,24,316,9
2599,1,508,18,1,313,1
11087,8,801,3,14,20,3
5837,0,119,0,0,197,0
14433,1,135,0,2,69,0
12221,8,1099,0,3,271,1
9070,1,831,1031,39,463,2
11747,1,463,0,6,246,0
4127,3,544,41,5,282,1
14423,1,18,0,0,3,0
11565,1,154,159,3,126,3
665,3,167,107,1,68,0
423,2,11,1,0,9,0
9484,2,1221,106,7,865,0
7542,0,410,553,45,326,32
4449,1,633,61,1,269,0
11493,1,1228,230,13,344,2
13267,0,1112,0,9,113,1
6467,3,1087,0,29,412,0
12912,5,65,0,7,203,11
1687,1,1119,396,13,851,6
6265,0,66,0,0,31,0
10311,4,19,14,0,32,0
1436,1,132,132,1,132,3
1428,1,166,9,2,103,0
4203,1,341,197,5,260,13
6166,2,53,45,0,133,0
6907,0,242,482,32,603,21
14198,1,162,44,2,53,1
13940,1,179,0,3,44,0
7961,1,276,219,3,114,4
11567,10,224,299,2,165,4
1924,1,995,409,4,611,0
2372,1,917,1522,24,1091,121
4466,1,246,575,2,189,3
6279,1,438,17,21,347,28
8999,1,176,122,5,571,0
2172,1,1485,444,22,522,3
4408,1,124,1,0,18,0
10505,0,329,5,13,83,6
14296,1,97,0,4,22,0
2617,1,12,340,0,45,0
2175,1,46,29,1,29,0
9193,1,358,1,27,103,30
5061,1,306,38,7,149,6
1776,1,975,0,51,971,51
4235,1,380,0,23,183,0
9904,5,1001,0,19,482,9
12341,1,127,59,1,158,0
8933,1,400,0,19,738,35
3286,4,385,872,6,379,0
5013,1,684,725,10,448,6
945,3,64,6,0,37,0
1848,1,2122,208,190,1221,251
13812,3,345,79,4,185,3
10615,1,30,36,0,16,0
4614,1,110,1,0,74,0
1023,2,7,0,0,2,0
465,7,548,1,1,191,0
6888,2,1122,6167,35,925,24
4403,1,81,0,1,56,0
4180,2,15,0,0,5,0
2564,1,398,255,8,337,2
8343,1,207,0,0,54,0
2058,1,30,19,0,27,0
11709,8,605,866,19,457,8
2462,3,60,0,0,80,0
4279,2,476,0,3,242,0
14125,1,240,71,1,33,0
10951,1,1207,108,15,652,0
7599,1,9,0,0,9,0
4412,3,2575,266,74,784,6
12423,1,1098,0,19,320,17
5681,5,1274,864,46,723,8
7393,9,48,0,0,16,0
1216,1,446,11,13,616,0
8720,2,6,0,0,7,0
6518,1,705,0,6,77,1
12440,8,9,60,0,23,0
12715,4,1255,0,19,488,1
7352,1,446,101,7,422,3
3202,1,681,0,31,698,15
13094,1,642,0,19,349,40
6638,1,325,23,0,32,0
9980,4,1373,4,27,539,1
12392,1,2907,53,197,421,38
9276,1,124,141,3,74,7
5166,1,547,424,14,501,14
6856,3,15,0,0,8,0
12430,2,85,13,1,32,5
4615,1,3513,395,97,1864,86
8451,3,36,43,0,31,0
4507,5,5887,398,60,574,83
7295,3,336,698,9,173,9
4971,1,49,26,1,119,2
10687,2,15,0,0,8,0
12102,1,472,1,2,322,0
14624,1,140,9,0,92,1
14574,0,37,40,1,34,4
11615,1,1255,3320,58,2088,52
1782,1,238,0,6,193,0
2498,2,675,1143,16,365,0
8375,1,881,988,31,456,39
4481,3,257,0,20,392,13
9502,1,32,3,1,40,0
4928,1,9,0,0,6,0
9354,2,28,17,0,29,0
1593,1,19,33,0,32,0
10782,1,93,15,2,85,6
5128,1,404,1457,9,349,14
1112,1,826,64,7,90,8
13690,1,77,25,1,67,4
4939,2,401,0,0,220,0
408,1,108,0,1,90,0
10356,1,45,0,0,9,0
2232,1,168,0,0,106,0
538,1,360,0,1,107,0
2622,1,340,0,82,220,13
11191,1,1816,261,23,253,5
4841,3,4050,0,77,1244,92
10036,4,146,11,2,126,0
7998,1,408,0,11,84,9
4998,1,53,2,0,31,0
6411,1,271,82,51,551,2
11212,1,347,0,1,287,0
12288,1,128,13,4,174,2
7104,2,175,0,0,27,0
3877,1,101,83,2,103,4
3948,5,945,81,20,148,11
12249,6,372,2065,11,397,5
11491,1,355,0,2,44,0
11492,1,448,0,9,79,11
11502,1,330,0,1,7,0
11496,1,195,0,1,19,0
11499,1,178,0,0,6,0
11489,1,434,221,4,116,1
8939,1,215,10,2,50,0
11486,1,193,189,4,79,0
11488,1,610,26,7,203,6
11495,1,146,0,0,5,0
11504,1,428,410,2,116,0
11485,1,274,0,0,7,0
11497,1,172,0,0,5,0
11500,1,412,0,4,82,0
11494,1,127,4,0,9,0
5067,1,1567,55,17,1621,14
1898,1,21,56,0,40,0
11490,1,906,3072,17,635,3
1090,3,297,0,3,32,0
9640,1,1074,2257,5,821,11
2377,1,1377,539,15,685,0
13475,1,81,2,1,23,0
9590,1,111,83,1,87,3
5719,1,769,870,9,329,7
312,3,1982,395,126,1389,356
14435,0,25,0,0,8,0
14271,4,101,0,1,22,0
6125,1,1061,0,14,736,7
3163,1,154,54,2,45,0
11186,1,656,20,55,553,93
5651,1,381,114,1,146,1
2275,1,63,0,0,39,0
10568,1,2177,124,76,644,16
7087,9,26,0,0,10,0
2378,1,42,0,0,16,0
13339,7,3580,803,56,524,43
14130,1,15,139,0,17,0
7182,4,78,1,1,34,0
884,1,229,0,14,528,107
9367,1,82,40,0,68,1
12895,1,272,92,37,362,265
1743,6,574,0,10,219,0
8067,1,99,0,1,85,0
2380,1,34,20,1,27,0
7387,1,687,1,10,126,10
10160,0,10,1,0,32,0
7476,8,3309,0,139,352,78
12695,5,743,9,53,558,22
3698,1,138,65,0,56,1
10844,1,741,95,8,331,2
14360,5,19,0,3,6,3
8739,8,675,143,13,481,10
7947,2,60,0,0,34,0
10301,8,3039,0,104,1047,16
14122,1,54,59,1,39,0
3444,1,4170,0,60,958,88
7163,1,8,0,0,10,0
12609,4,474,6453,10,532,2
7682,7,25,2,0,28,0
12388,3,99,0,1,38,2
7516,3,1136,2363,29,774,12
7582,1,1382,374,125,836,40
5064,3,41,40,1,23,0
5842,1,17,0,0,13,0
8924,2,47,4,0,18,0
12346,1,373,1,0,55,1
1257,1,229,208,3,206,0
4098,1,1452,0,17,538,9
2304,1,106,8,0,16,0
11483,1,248,108,0,113,3
11885,2,38,0,0,24,0
8436,3,450,0,7,292,1
6587,6,29,13,0,29,0
10152,3,809,0,5,406,4
7136,1,487,1231,12,333,5
10812,0,30,0,0,31,0
9236,1,171,47,5,102,1
1007,1,255,137,1,195,0
2366,1,507,110,2,256,1
1255,3,80,0,0,45,0
950,3,3196,28,192,2461,199
10288,1,800,3808,166,513,129
13693,1,1170,668,6,760,8
9654,3,1161,331,155,1127,61
1860,3,196,165,4,130,7
9882,1,161,70,3,117,1
858,1,53,0,0,10,0
333,1,356,197,0,220,1
190,2,829,3,33,568,1
968,6,273,46,0,110,0
1117,1,527,0,0,160,0
3181,1,116,0,1,23,0
12390,1,590,1046,20,970,1
1693,1,29,40,0,42,0
3011,1,22,0,0,15,0
13473,1,70,38,0,38,0
4439,6,1434,1,122,1144,8
6600,4,22,85,3,26,1
14114,6,138,0,1,67,0
7773,1,161,3,0,27,0
3603,1,312,13,1,73,0
13218,0,217,1,5,33,0
7493,2,2084,2819,71,994,4
5289,1,127,0,1,62,0
11272,9,9,56,0,27,0
3115,0,6,0,0,3,0
5509,0,114,55,2,54,0
3338,1,9380,419,9,338,4
6104,3,298,1357,92,204,357
437,1,134,19,0,311,0
6064,2,7,24,0,8,0
8148,5,5,0,0,4,0
11361,1,1076,0,3,279,0
4355,1,1391,15,12,667,6
5029,3,491,0,2,662,0
9706,1,1573,372,27,544,8
13420,1,709,366,2,239,0
9332,5,5253,12519,167,3003,6
9790,1,177,20,0,144,1
12309,1,941,6,51,221,5
1401,1,251,677,8,246,17
13522,1,222,245,9,419,2
802,1,1523,706,2,706,1
3363,1,169,59,0,111,2
1118,1,1640,0,12,1026,5
14438,1,45,5,1,16,0
2634,2,95,12,1,63,0
11360,2,466,1,1,150,1
3540,3,1571,0,53,367,11
2120,1,243,0,4,173,0
4959,2,251,35,8,66,0
7382,1,185,1,0,101,0
4811,1,52,7,1,50,1
13674,4,148,0,0,59,0
13308,10,145,136,12,107,49
3915,3,209,137,4,126,3
9302,1,951,13,70,500,154
8511,3,342,844,4,214,0
394,3,263,919,2,454,0
11255,1,819,5,20,216,3
1881,3,165,1372,6,82,5
7664,3,40,33,0,27,0
11147,1,47,32,0,26,1
1725,1,50,0,0,17,0
118,1,620,2,17,395,0
4056,2,21,1,0,2,0
323,3,294,0,24,388,30
6511,1,72,0,0,19,0
8126,7,63,87,0,28,0
1841,5,25,111,2,42,2
5222,1,13,1,0,6,0
9799,6,32,0,0,46,0
2393,1,878,4,1,89,0
9025,1,28,159,0,156,2
4950,1,1220,1134,8,326,3
7337,2,626,1368,24,747,25
8519,1,991,0,42,307,2
10507,10,388,18,13,749,16
5204,1,1068,0,35,804,1
13128,6,87,5,13,53,9
673,2,18,22,0,36,0
286,1,277,61,2,152,3
11401,3,260,0,3,129,0
9396,1,575,1220,10,366,24
4211,1,465,0,4,93,0
13942,1,1854,0,26,399,45
3852,2,34,0,0,17,0
1395,1,144,0,2,113,0
5186,1,411,365,15,266,14
1452,2,260,673,3,103,12
13296,2,193,334,3,184,1
879,1,21,12,0,28,0
10249,1,803,0,36,366,47
4843,4,723,1,11,246,0
6939,2,5,0,0,5,0
11457,1,59,5,1,34,1
11605,1,19,0,0,10,0
12219,0,653,2,100,360,1
11827,1,325,0,7,116,2
10575,2,1953,448,18,619,55
13578,9,620,0,6,93,1
5081,1,14,0,0,12,0
11355,1,202,0,1,107,0
3826,1,41,99,1,48,0
14111,1,760,373,4,256,0
10801,4,1129,492,171,1566,259
3618,1,2035,2404,56,504,34
7287,1,1934,1706,35,573,28
10475,7,179,3925,6,534,4
4972,1,474,343,20,238,2
6122,1,5,8,0,2,0
11298,1,211,13,3,132,0
3102,2,83,44,0,44,0
388,1,2103,1245,51,2105,18
5333,1,270,896,8,304,34
10432,1,1174,12,11,805,6
8729,1,480,0,1,172,0
4294,1,544,0,0,11,0
2906,8,3159,0,62,1007,8
8558,1,289,0,6,82,0
6296,5,4306,0,196,2593,227
233,1,17,0,0,6,0
6398,1,683,480,11,658,2
7670,1,987,0,14,946,3
868,7,64,17,0,57,0
8770,5,60,287,1,74,1
4221,1,219,0,0,195,3
4578,7,15,51,0,16,0
807,1,182,0,0,152,0
12305,1,331,319,9,400,0
12769,1,399,250,4,153,1
7835,1,428,859,38,553,6
10955,1,917,0,20,501,42
8815,1,63,1,0,53,1
11846,3,6683,0,138,1541,131
1456,1,431,9,10,238,0
14389,1,19,26,0,9,0
3229,1,36,40,0,22,0
5740,1,155,9,0,108,0
10893,3,51,0,3,126,3
6767,1,55,1,0,38,0
8768,1,1304,0,40,769,0
3477,1,32,7,0,24,0
2127,7,121,234,1,89,0
12552,6,1377,0,41,639,0
4794,1,1120,0,6,847,0
3247,1,433,0,1,369,6
6091,1,444,0,1,315,0
11034,1,1305,1,589,761,14
7390,4,391,262,12,121,7
4931,1,288,1954,0,348,3
2473,1,21,1,0,6,0
8728,1,348,177,6,150,7
13683,1,1145,0,4,441,1
9755,10,3088,97,25,822,0
17,3,13,0,0,10,0
2978,1,337,36,3,129,0
4704,6,104,1,5,708,0
4418,4,620,249,3,219,6
4188,1,45,0,0,36,0
4111,6,18,0,0,3,0
49,1,1387,7945,15,2955,10
10416,1,25,9,0,35,0
4272,2,36,107,1,27,0
8163,0,675,25,62,377,0
12162,6,404,68,7,138,1
12875,1,1243,1067,14,744,5
7159,1,362,0,6,266,43
1288,1,1385,1994,36,697,37
4451,7,74,1,0,29,1
13762,10,224,2,3,102,0
13488,0,284,233,13,262,3
1223,1,382,1140,3,301,24
5288,1,127,0,0,12,0
1232,1,173,53,4,172,0
3089,3,72,0,3,42,0
5962,1,19,0,0,6,0
12308,1,352,0,8,309,4
4824,1,183,4,0,111,0
56,1,36,8,0,34,0
13487,5,251,28,4,42,1
14005,1,350,153,7,108,3
3706,1,142,2,0,55,0
11594,1,642,0,16,805,32
6366,10,688,41,15,413,63
8398,1,1046,0,4,686,12
7730,1,166,25,0,50,0
4551,4,2093,0,29,487,29
7141,3,98,9,0,74,3
8232,1,2273,3807,33,1177,68
9659,2,266,0,2,208,37
5852,10,105,466,2,850,8
1983,1,574,1926,26,487,8
13428,1,326,0,8,98,0
13976,3,144,13,2,66,0
6929,2,931,944,16,1000,9
1786,1,461,0,0,277,0
11765,5,1361,0,21,528,0
6387,5,9,0,0,8,0
13001,1,354,8,3,139,0
6874,1,38,68,2,235,2
4357,4,265,310,16,142,14
12948,1,243,26,7,104,13
6531,6,665,0,14,346,0
6452,2,18,0,0,9,0
2075,1,648,61,52,469,16
7987,3,6943,152,1549,5805,607
340,5,5612,6,90,664,0
9943,4,907,12,87,72,43
5725,2,132,0,0,38,0
12966,1,952,0,45,486,83
7944,3,526,2430,45,2381,57
10332,3,35,0,0,20,0
14182,1,134,11,0,137,0
1175,0,77,14,8,56,0
1467,7,79,0,0,6,0
2159,1,103,5,1,18,0
10063,2,52,121,0,88,0
8094,5,319,91,1,54,0
1378,1,260,4,0,54,0
8814,1,602,635,22,353,31
7341,2,106,93,1,56,1
4925,1,103,86,1,152,1
11105,1,563,0,22,238,2
12189,1,412,6,4,143,0
5313,1,637,900,11,574,5
6299,5,3009,1939,83,1171,31
8173,3,68,533,2,112,2
7083,5,972,588,62,567,51
9141,5,2280,283,34,522,10
13136,8,1859,0,29,190,3
556,1,1289,1,38,329,20
14043,1,80,24,0,55,0
14314,1,417,621,0,126,0
3996,1,63,116,0,43,0
5217,6,306,1,1,89,0
11858,1,416,3,0,34,0
9871,1,403,345,0,246,0
3239,1,240,102,2,140,0
10535,1,704,1115,12,170,6
14560,1,597,5202,24,1356,31
8226,7,1305,0,11,363,0
13393,7,1547,35,7,169,0
9851,1,743,0,12,497,15
5689,3,177,0,0,207,0
3608,1,296,9,15,57,12
7999,2,262,0,2,132,0
12284,3,6461,0,238,5691,324
2286,5,3078,176,55,1657,32
14649,1,104,65,0,165,0
7053,1,77,4,0,65,0
10864,1,145,377,5,163,1
13040,1,496,515,16,251,1
14444,3,350,0,0,118,0
5101,1,403,23,2,229,0
10199,1,279,352,3,333,15
6577,1,831,3,5,202,4
10014,3,810,30,11,447,16
3522,1,33,0,0,7,0
12683,8,2748,2,91,688,109
10270,5,566,6,4,76,0
11064,3,1750,10213,108,604,74
11445,1,3347,1564,284,1130,0
784,1,847,0,25,1225,6
5609,2,118,0,12,35,1
64,1,139,24,0,119,0
5775,2,215,0,18,55,4
5771,1,82,0,0,48,0
12355,1,752,0,7,4,1
12018,1,292,2,0,14,0
12287,3,298,0,3,397,0
1146,1,79,66,0,46,0
10250,1,194,411,10,464,20
225,1,753,0,2,280,0
6525,4,29,0,0,17,0
3551,1,144,4,0,161,0
10690,1,1318,0,17,524,0
10181,1,704,20,9,350,0
11176,1,418,0,19,364,2
9123,4,19,18,0,15,1
11109,2,1141,0,78,331,11
10831,0,384,3,7,222,4
4394,3,96,27,0,112,0
8502,1,19,40,0,17,0
9039,10,905,570,18,503,12
5814,1,1289,0,64,832,11
3585,4,9034,1740,401,3370,63
8430,1,229,0,6,145,14
5300,1,83,0,0,20,0
2463,1,301,0,16,344,0
3431,5,896,17,12,262,1
7965,1,635,0,157,637,16
5246,5,295,64,1,90,0
12792,1,995,0,48,1710,23
11254,0,226,1,5,87,0
7407,1,371,0,13,98,0
12879,1,335,0,23,211,4
11303,1,223,318,4,193,4
4470,1,1303,0,17,790,30
9527,1,339,32,10,112,1
1133,1,488,84,171,166,3
13050,1,848,0,42,2734,76
5695,1,18,0,0,15,0
11838,1,500,11,4,214,0
5787,8,805,0,24,279,2
5359,1,93,3,0,66,1
7232,2,12,44,0,28,0
1623,2,676,2,12,222,1
13863,1,10,1,2,16,6
2619,1,157,107,12,92,7
13048,0,281,0,12,31,0
284,0,22,0,0,10,0
8731,1,627,0,44,412,3
12040,10,122,74,0,166,0
2907,1,57,89,0,43,0
10924,3,1081,179,33,285,0
14302,1,89,9,0,54,0
2655,1,277,321,39,238,13
4149,3,137,306,0,296,1
13538,1,100,285,2,332,1
7169,4,15,0,0,6,0
3501,2,82,172,0,55,0
11608,10,326,0,4,302,9
1192,9,156,1,1,83,0
9891,1,652,0,5,755,10
14503,6,21,6,0,20,0
11654,2,122,29,9,85,8
11806,1,3057,12,46,586,4
3961,1,105,90,0,50,1
9100,1,654,0,18,224,0
3659,1,32,0,0,20,0
3545,1,691,5,34,225,1
2201,1,226,746,6,287,38
8978,1,54,59,1,60,1
4427,4,87,0,1,47,0
13226,1,679,15,8,256,12
7138,1,140,186,18,110,21
3022,3,604,0,8,344,0
9862,1,1508,1732,37,907,27
6663,3,1524,250,1335,875,76
12349,3,624,0,7,227,0
11965,3,4264,0,244,2808,233
10851,3,378,45,17,210,3
11939,0,14,3,0,21,0
13594,1,65,0,0,25,0
6624,1,4918,0,171,2048,43
6909,2,27,14,0,11,0
1317,2,2217,2734,58,740,63
7240,2,235,88,7,322,6
8449,1,30,0,0,24,0
7248,1,42,0,0,8,0
2781,3,2298,16,22,785,0
12257,1,250,555,29,293,15
5297,1,3234,8714,86,557,2
11941,0,220,0,18,384,29
1066,3,1982,1851,27,571,10
3853,1,214,211,9,192,0
7023,1,334,1,2,197,0
12942,0,1122,0,223,365,0
3045,1,201,72,4,109,0
11405,2,6,0,0,4,0
2368,4,50,0,1,8,0
13817,1,12,0,0,2,0
9741,1,16,0,0,12,0
1273,4,26,0,0,18,0
4092,1,740,2,3,104,1
6741,1,83,83,0,55,0
8695,1,549,2,24,279,48
8371,1,59,282,3,124,9
5384,1,34,0,0,10,0
5411,1,292,10,3,123,0
10876,1,311,3390,8,544,4
1703,1,371,37,11,252,6
577,1,108,0,4,58,1
2222,1,56,0,0,37,0
421,1,641,0,55,466,55
1047,1,412,1123,4,285,45
1522,0,1829,1,4,179,0
12514,1,1858,0,56,802,1
4374,5,1033,29,49,663,46
7837,2,11,15,1,7,0
3895,7,2358,1,99,1923,1
2989,1,105,18,0,44,0
8494,1,12,10,1,16,1
5668,0,41,63,0,36,2
13607,3,117,0,1,583,2
5296,1,758,375,11,278,0
4962,1,17,0,0,6,0
8714,1,164,0,0,65,1
5867,3,465,2502,17,1966,55
671,1,58,0,0,34,0
8958,1,83,0,0,57,0
8318,1,11,8,0,18,0
5475,5,18,0,0,141,0
4624,1,570,38,3,330,18
7600,1,21,0,0,19,0
13752,1,20,14,0,4,0
1324,1,469,67,2,260,3
5680,1,331,0,13,92,0
9948,3,86,45,0,139,0
4176,1,510,8,8,330,0
6250,2,260,6,6,110,0
5185,4,176,250,10,106,7
6018,1,22,0,0,18,0
10726,1,1892,0,212,2004,0
12203,1,70,91,5,216,11
7537,1,36,294,1,99,9
1683,1,409,188,0,271,0
6464,1,70,0,0,51,0
9210,1,117,0,0,77,0
4431,3,24,37,0,15,0
6255,1,239,670,1,170,2
6803,2,84,134,0,72,0
12463,1,775,121,20,422,4
13825,1,106,146,1,70,2
7438,1,50,4,0,16,0
722,1,707,315,24,619,26
6072,1,75,348,2,220,1
6079,1,227,0,0,145,0
11343,1,2338,3,17,588,1
8956,1,221,70,4,80,4
1028,1,83,0,0,52,0
3220,1,147,186,2,82,1
1800,1,38,0,0,32,0
5008,4,621,0,12,451,3
6532,1,825,638,36,483,14
1198,1,323,0,13,268,4
10869,2,264,134,6,208,0
915,1,255,13,23,107,1
11687,1,285,12,6,144,2
9568,1,591,170,30,284,19
2382,2,11,0,0,4,0
1999,1,141,0,0,115,0
14551,1,60,0,0,14,0
2428,3,244,0,1,101,0
1464,1,323,0,0,120,0
11989,1,504,27,1,207,0
1239,1,34,15,0,38,0
2408,1,97,0,0,93,0
10813,1,35,20,1,46,1
4866,3,459,2739,31,636,80
8424,1,748,45,226,172,2
4040,0,285,107,2,109,1
7369,1,356,802,4,402,7
18,1,84,4,1,62,0
3430,1,156,55,0,111,0
14250,1,244,0,0,70,1
1680,1,51,0,1,157,1
6191,1,228,148,0,159,0
6202,5,3196,1584,119,977,32
2972,0,95,0,0,16,0
3060,2,233,9,0,106,0
8415,1,204,0,0,92,0
14304,1,38,3,2,18,2
14527,1,21,1,0,11,0
14614,3,120,0,1,54,1
5436,0,247,0,0,196,0
7475,1,1836,0,91,831,6
833,1,45,0,0,13,0
9383,1,193,0,0,125,0
10665,1,1767,0,199,2072,139
6735,1,555,0,11,262,0
13734,3,115,0,0,34,0
3007,1,91,0,0,57,0
6699,1,826,0,21,507,16
5315,1,244,0,3,242,0
11554,5,808,0,3,162,3
9487,1,208,61,2,141,3
13108,1,885,0,20,282,9
14500,1,432,0,4,51,0
12161,1,127,0,0,59,3
2956,1,424,0,1,183,0
5472,5,2386,0,109,4437,332
1137,1,174,506,6,408,42
859,1,34,0,0,2,0
3037,1,46,0,0,34,0
8694,4,649,349,6,250,6
6981,1,18,8,0,14,0
11273,0,8,2,0,3,1
3422,9,511,2,2,152,0
14509,1,320,0,1,396,4
635,5,2577,0,3,276,2
7260,1,497,0,7,372,4
10914,5,877,0,44,584,20
8329,2,281,0,49,308,13
10580,1,17,0,0,4,0
10292,1,48,4,1,33,3
8159,1,670,312,4,262,12
548,1,65,11,0,54,1
14158,1,101,7,0,148,0
7108,6,125,1,1,49,0
8469,1,1293,0,12,283,0
3092,1,221,4,0,74,1
5555,3,904,435,30,544,6
5888,1,270,92,5,134,3
4668,1,21,4,0,15,0
12242,8,754,14,34,365,48
5800,8,1825,27,59,260,52
1732,1,732,1039,13,486,2
2585,1,56,50,0,39,0
2562,1,1339,0,20,496,0
7011,1,140,0,1,102,1
10180,1,451,0,3,201,0
10030,3,42,0,0,22,0
6289,1,439,47,6,151,13
1287,0,448,0,10,622,5
13294,1,696,178,14,270,4
7091,1,234,1,5,162,2
10051,7,45,73,1,75,1
13652,2,61,11,1,55,2
13570,1,14,0,0,10,0
14276,1,138,0,1,22,0
6702,5,295,0,1,91,0
10042,1,38,0,0,30,0
12362,1,32,0,0,25,0
3073,2,25,9,0,18,0
7828,0,9,0,0,0,0
9876,1,758,20,4,50,0
37,1,83,0,0,54,0
6419,1,233,0,2,248,6
2371,1,284,0,7,231,5
111,1,307,0,0,219,0
5286,1,89,0,0,49,0
9356,1,25,44,1,34,1
9941,2,663,0,18,255,2
6242,1,43,2,1,25,1
10483,1,33,1,0,33,1
3093,1,853,255,8,651,5
6261,0,10,0,0,4,0
14572,1,96,0,0,66,0
11108,1,1014,1191,29,969,49
6956,2,9,0,0,3,0
4399,5,304,27,1,68,0
2266,1,18,0,0,41,4
511,1,88,0,1,32,0
8926,0,169,0,1,105,2
963,1,240,0,1,101,0
6793,1,518,209,2,159,3
13662,1,153,77,5,56,2
5063,1,1361,0,66,791,7
4731,1,23,0,0,14,0
12516,3,46,0,0,33,0
7775,1,165,31,1,136,0
1602,0,9,0,0,1,0
9988,5,628,245,3,121,2
13279,5,829,2208,31,420,3
12865,5,1868,3966,47,1437,51
10035,6,2526,5,32,990,18
13214,5,1445,0,1,136,0
12950,5,861,0,27,195,7
12798,5,8124,61,29,91,2
9343,1,476,0,6,126,0
11720,1,243,313,3,176,13
8456,1,178,0,1,188,3
820,1,88,0,0,55,0
8886,1,232,0,3,317,2
12738,1,2458,6750,186,1058,0
11769,1,348,49,17,207,0
10487,1,5,0,0,5,0
7317,2,99,183,6,175,7
12323,1,455,511,13,404,11
2107,1,358,33,3,253,1
6935,5,1310,730,4,325,0
8682,0,140,451,5,196,15
7792,2,15,32,0,22,0
10667,1,252,31,5,48,0
10450,1,832,4,78,456,18
847,1,33,0,0,1,0
1635,3,36,0,0,18,0
9419,1,211,0,7,279,4
9592,8,253,167,3,57,0
12626,4,17,0,0,2,0
6245,4,27,4,1,20,0
8204,3,7,3,0,8,0
6283,1,579,307,10,482,6
9744,1,2229,0,54,1852,22
8265,2,320,1337,11,343,7
8202,1,87,13,0,52,0
3785,1,88,31,0,34,0
6900,1,43,0,0,17,0
7109,1,124,7,1,100,0
7507,1,31,1,0,21,0
6478,1,22,0,0,7,0
13053,1,302,0,8,189,0
4721,7,783,897,38,535,0
441,1,567,5,1,278,0
14016,1,25,1,0,4,0
10434,8,461,338,22,189,0
13720,1,170,22,4,46,1
10190,1,86,0,2,67,4
2459,0,93,18,0,58,1
11104,2,120,50,0,84,2
1367,1,105,0,0,13,0
3951,1,125,79,0,77,0
5619,1,65,1,0,36,0
1107,1,590,766,51,534,79
11970,4,6877,5495,120,1728,66
8977,1,1144,404,105,915,11
3969,4,59,0,0,47,0
4080,1,19,1,0,13,0
9703,3,91,1,1,51,0
10354,5,1597,68,82,221,0
5628,3,252,0,6,300,2
2550,6,159,0,1,85,0
12204,3,388,95,13,347,21
13820,7,21,7,0,13,0
6364,1,256,131,6,203,4
8887,1,77,3,0,61,1
2478,1,213,1,8,286,4
12420,2,112,1,1,49,1
8044,2,23,4,0,24,0
10976,1,28,22,1,17,0
14335,0,69,0,0,111,1
1217,1,635,359,7,488,32
11874,1,117,0,3,16,0
4052,0,8,3,0,7,0
12543,2,225,563,7,285,2
2437,1,1192,0,25,820,131
10973,1,158,1,1,27,0
9947,2,79,0,1,63,0
9641,3,408,105,5,149,0
5574,1,871,0,14,618,17
13796,1,166,68,0,150,0
5846,2,25,0,0,18,0
4320,7,10,34,0,21,4
13724,4,85,0,0,42,0
2757,2,6,2,0,5,0
168,1,1138,0,13,666,2
4436,3,73,1,4,257,1
12731,1,1638,0,146,926,0
2769,4,1049,0,9,297,0
14604,1,277,4,0,99,0
11013,1,48,264,1,332,1
4602,1,856,746,45,596,36
3441,1,83,4,0,46,0
6877,1,294,200,15,83,0
148,1,929,85,1,564,1
14071,1,16,0,0,2,0
2126,1,17,0,0,17,0
3407,1,537,0,2,455,39
12173,1,187,0,5,57,0
4772,1,18,0,0,14,0
6269,1,977,142,3,596,0
1013,1,583,11,13,268,1
7565,3,1432,920,49,271,1
9093,5,3009,129,65,1113,96
1495,1,288,163,2,220,3
9016,6,2162,2352,272,1309,48
7363,4,3273,6908,556,3940,929
13163,1,399,203,32,360,16
3710,1,2172,29,30,601,1
20,1,135,40,1,104,0
14501,1,778,0,3,8,0
8749,1,182,66,10,168,4
9573,7,46,0,1,14,0
13509,1,298,24,8,167,0
10556,1,15653,3,94,1247,27
8025,1,8543,8509,452,2502,11
6943,1,272,71,2,134,0
318,1,177,13,1,113,0
7978,1,345,3,2,206,0
980,1,31,0,0,21,0
9104,1,1118,700,85,579,95
414,1,873,559,40,603,49
5109,1,15,0,0,2,0
10295,1,1175,3,47,509,0
13555,1,57,34,0,65,0
2447,1,986,1109,22,717,35
11304,1,560,0,52,467,2
11498,1,1176,78,25,414,38
7360,1,739,0,53,499,21
1230,1,131,627,1,117,13
1917,1,2055,227,40,286,3
5995,4,2824,57,54,969,75
3006,1,19,48,0,17,0
3997,1,119,0,0,88,0
7304,1,125,0,1,113,0
497,1,834,0,14,1679,53
1313,4,966,10,13,380,8
3064,1,599,0,7,289,2
12086,7,318,0,1,208,0
11373,1,2017,343,38,475,2
496,1,397,638,4,255,4
5682,1,266,51,0,55,0
14088,1,300,9,1,197,0
877,8,21,0,0,6,0
5988,1,219,0,2,141,0
5493,1,482,56,5,228,0
7439,1,201,1,3,39,0
7570,3,871,12,25,171,7
7573,3,770,0,2,85,0
4531,3,3060,11808,60,1128,66
7566,3,1731,89,25,379,0
7568,3,3611,1631,194,1439,36
7574,3,1255,1393,11,531,1
7567,3,1702,0,18,464,0
7575,3,1792,59,30,707,37
7148,3,918,56,4,200,4
7572,3,915,613,8,265,2
5374,3,1390,14,30,466,5
7559,3,3091,669,130,1538,22
7554,3,131,28,0,76,0
7558,3,192,0,2,59,1
4520,3,721,94,8,243,1
11434,1,3338,6,27,593,7
3418,1,350,141,1,200,0
14194,1,95,22,0,8,0
9519,1,9,0,0,4,0
9029,1,45,1,0,28,1
7137,0,11,11,0,7,0
3034,1,327,20,2,230,2
8786,1,2761,0,27,338,0
4032,1,816,0,29,537,55
6058,1,945,19,8,190,2
8070,1,72,302,7,172,7
5902,1,30,4,0,24,0
11604,2,66,24,0,90,0
11673,1,494,65,37,409,44
14734,1,394,0,7,246,1
6932,1,1090,0,30,632,29
1323,1,86,22,1,65,1
2361,2,9,0,0,7,0
3014,1,655,593,2,108,1
12979,8,472,64,28,79,1
12112,1,3716,83,184,647,2
4817,2,11,0,0,4,0
13593,1,8,0,0,8,0
6488,1,154,9,0,15,0
10449,10,235,0,5,116,1
2745,4,8,53,0,36,0
986,3,41,75,0,71,0
7487,1,209,13,5,201,2
9285,2,181,0,2,94,0
5949,1,25,0,0,17,0
5449,8,69,0,0,46,0
2213,1,53,0,0,30,0
9011,1,102,0,4,2926,1
7856,1,71,3,0,60,0
1094,4,49,0,0,7,0
12836,8,1396,230,166,309,13
13302,1,1324,21,5,92,0
4674,1,301,309,2,261,0
11863,8,2506,709,304,333,12
8932,1,154,19,0,79,0
4756,1,307,2,0,169,0
10504,1,934,0,27,950,64
3261,1,9,0,0,61,0
11664,1,458,9,2,372,5
12111,7,749,0,48,313,0
11443,1,240,276,2,101,0
5151,5,720,0,6,442,1
10041,1,437,56,0,341,0
1507,4,127,114,3,153,1
4318,1,540,0,6,336,0
8810,4,1128,62,26,237,42
5825,8,1200,474,51,1011,155
5823,1,772,1765,28,324,4
737,3,644,0,16,739,0
3702,5,806,1030,18,561,1
11330,1,334,6,2,129,1
4455,1,267,484,4,190,2
13068,1,1136,0,9,540,26
3786,1,884,5342,31,2047,2
2985,4,62,165,0,40,0
3701,1,14,0,0,13,0
5604,1,884,19,24,476,8
9399,1,949,55,24,460,2
5624,1,625,1382,2,339,0
3849,1,1333,0,98,1125,18
3375,1,169,66,0,125,0
10052,3,37,0,0,27,0
10077,5,282,194,4,406,4
13044,3,1325,586,27,361,62
1762,1,102,11,0,37,0
250,1,394,1,0,283,0
3745,1,52,1,0,42,2
1947,1,746,0,14,141,0
1951,1,960,712,48,561,17
1950,1,6473,0,94,970,0
1948,1,2999,0,22,262,5
1949,1,4592,85,103,681,87
1945,1,305,2,9,47,1
1946,1,2493,60,37,478,6
1944,1,502,4,8,195,1
11911,5,199,41,11,96,8
6904,8,111,85,7,73,11
8548,1,70,1,0,34,0
10312,1,426,63,6,215,0
10298,5,760,415,130,728,126
8791,4,959,0,18,196,0
9503,3,259,4,19,320,6
6149,1,30,0,0,26,0
10488,1,71,129,0,63,0
9376,4,112,56,0,104,0
8370,1,100,4,0,19,0
3137,1,166,0,2,105,0
11184,1,453,730,26,455,10
5184,5,117,0,2,45,1
13944,2,60,4,1,23,0
1440,1,100,147,1,128,2
13763,1,520,13,6,413,3
8310,1,103,125,0,63,3
12120,1,1807,211,18,2061,28
1355,1,1824,3340,78,1264,62
4208,1,875,14,22,444,0
8927,7,707,0,18,477,11
1128,10,12,0,0,5,0
7989,1,81,35,0,50,0
1024,0,25,0,0,20,0
552,1,3656,2022,61,1048,1
14489,1,112,0,4,117,2
14637,1,260,0,3,31,0
13461,1,184,25,0,58,1
3886,1,1680,0,35,999,2
1422,1,36,0,0,36,0
9664,1,2920,220,714,2288,947
10128,1,288,266,0,204,0
7617,1,90,227,2,145,3
8151,1,38,0,0,35,0
10171,4,88,0,0,58,0
14612,1,137,1,1,38,0
6318,1,1316,0,176,1060,17
7968,1,93,0,0,28,0
8691,2,8,0,0,1,0
1234,1,214,0,5,214,19
6146,1,5,3,0,21,0
6634,1,1603,6,12,192,1
5817,5,351,102,10,226,1
11322,4,452,8,21,313,1
10565,1,200,0,0,17,0
9778,3,8078,2298,140,1825,79
1176,1,109,296,1,97,6
5492,1,139,55,0,188,0
205,1,79,0,0,40,0
7936,1,11,0,0,10,0
3837,1,105,44,0,38,0
12485,4,15,0,0,2,0
10431,1,512,0,9,453,7
3783,1,116,13,0,66,0
10064,3,238,151,4,183,0
11748,5,823,0,46,778,25
8142,7,208,0,10,54,5
4793,1,72,36,0,42,1
11649,4,481,10,22,1187,6
2379,1,271,0,0,166,0
1410,1,7,0,0,6,0
13743,1,4,0,0,4,0
13532,5,257,63,4,362,6
13080,8,195,19,22,55,0
4565,4,1093,1037,39,745,1
4568,4,5225,1203,1520,3210,368
4566,4,3038,582,910,4908,98
4559,6,720,0,9,170,3
4560,3,3766,155,105,1508,42
4556,4,982,0,44,260,1
4554,3,2106,0,116,1154,96
4555,4,839,21,38,917,8
4547,3,339,1,4,90,9
4549,4,960,667,24,776,43
4544,3,795,189,10,268,5
4541,3,284,50,1,20,0
4539,3,1276,2,19,133,9
4537,4,1017,3,13,269,1
4538,4,889,964,72,315,2
4535,4,446,421,48,263,77
4536,3,1737,64,145,695,242
4526,4,671,130,25,1178,3
4528,3,1104,1501,14,816,6
4529,4,818,107,15,222,15
4525,4,2311,1535,31,2119,55
3990,2,24,0,0,1,0
4518,3,153,5,0,49,0
4523,4,1117,4,10,462,1
4519,4,250,14,1,83,0
4522,4,362,43,5,99,5
6153,1,2081,9,31,1091,1
6426,3,753,0,28,422,0
9525,6,853,0,241,607,13
9340,1,242,31,0,59,0
2181,1,107,0,0,77,0
4458,1,11,0,0,1,0
8685,1,1377,3665,27,604,12
7590,1,522,226,8,314,0
5739,0,7,2,0,7,0
772,2,113,60,1,112,0
9512,1,219,0,5,905,12
662,1,1292,759,12,1297,7
3156,6,53,7,0,31,0
5143,1,892,0,13,492,16
8669,1,665,1263,73,2168,3
8346,1,300,187,2,112,0
12129,2,170,102,0,93,0
9303,6,15,24,1,19,1
10711,3,1908,0,24,770,0
12745,2,620,0,146,318,0
11458,1,958,1,98,580,23
9256,1,71,0,1,57,0
7445,2,183,0,7,80,0
9360,1,867,0,10,250,1
287,1,42,0,0,15,0
1042,1,1188,0,69,1076,25
7154,1,567,36,0,103,0
8191,3,167,16,2,85,4
6547,1,16,10,0,10,0
10802,1,261,40,4,290,0
8023,1,89,56,2,222,3
3636,1,35,0,0,18,0
7472,1,86,208,2,84,0
3097,5,24,2,0,26,0
13686,1,358,113,0,82,0
5193,1,621,0,7,191,1
11282,1,644,0,14,468,36
9824,1,478,449,10,430,20
8427,1,1542,0,40,991,4
9272,1,89,30,2,88,0
8959,1,505,1412,9,569,3
6200,1,1103,0,14,507,3
9668,1,1766,987,79,7276,89
13132,1,543,0,22,325,53
10096,3,1449,0,32,690,13
12467,1,36,1,0,25,0
13587,1,18,156,1,14,4
5320,1,769,0,15,407,11
3305,1,23,0,0,6,0
7061,4,3903,2155,70,294,5
10837,1,1582,5107,273,4187,19
10001,5,342,123,14,55,3
7501,1,1455,1952,84,700,23
4990,1,438,26,0,71,0
7468,6,69,3,13,83,11
108,1,3522,0,129,1908,22
6757,7,6,0,0,1,0
5614,1,261,0,2,89,0
3683,1,844,5,6,219,0
987,1,64,66,0,98,0
370,3,283,0,0,164,1
7596,1,66,0,0,84,2
151,1,1303,0,27,1725,15
6458,1,2019,0,45,223,5
5465,2,977,4,16,371,2
10944,7,77,105,1,64,0
1376,1,70,7,0,11,0
3298,3,466,0,11,331,5
6806,1,53,13,0,44,0
9124,5,764,0,63,380,25
3941,1,388,119,10,309,8
8678,1,1663,63,1036,966,86
6792,3,406,42,13,252,19
9585,1,125,286,1,170,0
6173,3,349,132,16,169,0
10186,1,1133,0,23,526,3
13472,1,114,0,1,86,0
8294,1,28,7,0,16,0
14667,1,80,0,0,28,0
13799,1,89,18,0,25,0
7281,2,8,0,0,2,0
14502,1,11,6,0,8,0
5919,1,420,0,6,200,6
4645,1,27,15,0,13,0
2288,1,262,493,4,95,2
10164,1,461,0,19,586,82
1791,1,323,187,0,227,5
2003,1,262,53,11,133,5
5667,1,730,1,6,290,0
8659,1,2432,0,289,557,3
13243,1,596,0,25,182,25
13989,3,18,2,0,19,0
8928,2,50,0,0,32,0
4031,1,57,34,1,38,0
11864,1,368,109,9,114,1
7648,1,93,4,1,30,1
3383,1,28,0,0,16,0
10371,4,4110,838,22,839,2
4248,1,495,169,2,397,1
9591,8,806,197,42,30,2
7845,3,371,2,6,223,0
4975,1,1369,5206,54,2081,109
2212,1,104,89,1,88,0
13365,6,564,0,3,169,0
6546,5,910,2,33,444,0
10272,3,271,0,6,211,1
2308,1,107,0,0,29,0
3389,8,10,0,0,5,0
5808,1,228,0,3,265,0
3684,1,348,83,10,251,6
195,2,7,0,0,7,0
12373,1,857,2154,98,2639,215
5194,1,224,0,1,132,0
6910,1,96,18,0,24,0
7213,1,42,0,1,134,1
11059,8,14,0,0,6,0
7235,1,155,400,1,65,2
2246,1,559,78,2,265,2
8086,1,68,0,0,88,0
11211,1,2038,427,23,983,3
6959,2,7,0,0,20,0
4386,5,1034,13,2,21,0
3421,1,29,94,0,61,0
10840,1,549,1,0,130,0
5887,2,265,1,1,82,0
9500,3,610,242,37,435,47
7875,1,62,23,0,49,0
2153,1,442,1,0,271,0
7310,10,718,9,13,223,0
6951,1,255,34,1,47,0
12559,1,245,1,17,203,5
3187,10,308,1,2,130,2
649,2,51,0,0,119,0
13135,1,546,625,27,266,24
9776,1,332,0,0,265,0
2219,1,101,0,0,43,0
1637,1,420,0,0,24,0
3096,1,507,0,3,377,6
4362,3,572,1754,61,307,151
12029,3,87,1,0,47,0
1342,2,79,59,7,88,3
3083,1,276,422,1,234,4
10414,2,311,1,1,42,0
12826,1,1219,1,91,282,68
13677,1,37,0,5,50,1
10820,7,34,0,0,9,0
4757,2,20,2,0,11,0
3386,1,2476,0,101,1944,95
5898,1,1636,0,17,1044,126
7006,3,655,3403,42,1613,12
13780,1,171,33,0,77,0
11529,1,527,0,133,1004,399
3515,1,107,1,0,73,0
1659,1,859,313,1,645,2
474,1,52,33,0,29,0
14633,1,5,0,0,3,0
3758,2,14,0,0,35,0
13672,5,59,19,0,118,1
7760,0,465,141,1,245,0
7063,1,322,174,3,206,2
8459,1,84,94,3,68,0
8115,1,300,0,0,91,0
10457,1,879,80,6,89,3
9207,1,148,0,1,50,0
881,1,20,0,0,20,0
4225,6,944,0,6,783,1
7358,3,2782,0,26,761,3
14148,6,23,0,0,4,0
4889,1,221,0,3,79,0
5892,2,59,0,1,106,1
3827,1,195,32,0,141,0
12980,7,952,2142,21,500,30
11299,1,882,37,9,312,1
3976,1,417,863,60,521,30
14032,2,122,232,7,361,35
1965,1,178,255,4,125,6
8779,1,47,15,1,23,0
3150,6,14,0,0,3,0
13824,1,175,305,0,108,0
3718,4,64,52,0,80,0
2188,4,13,0,0,9,0
6170,1,41,16,0,25,0
13795,4,660,555,7,356,3
13521,1,88,28,0,58,0
10293,1,22,2,0,10,0
8229,1,213,0,0,98,0
8822,1,1219,0,31,343,18
12539,1,144,0,1,114,1
5030,1,58,0,0,42,0
1577,3,1223,0,119,1092,116
12631,8,819,0,76,1182,34
12013,1,456,0,7,261,14
5458,8,565,0,5,17,0
10315,1,4203,19,157,1089,17
2606,3,32,0,0,13,0
13426,1,169,0,0,67,0
5656,1,51,0,4,41,0
6768,3,70,54,9,102,7
10143,3,6,0,0,7,0
1571,2,42,0,0,19,0
7774,1,389,24,2,120,0
7404,3,218,0,1,119,0
13378,1,409,58,11,230,15
11237,3,578,0,7,264,12
3122,1,220,0,5,232,1
5233,1,1101,470,10,596,10
8748,1,268,552,15,262,24
13181,1,471,302,13,148,5
14371,1,73,141,4,65,6
6683,1,309,0,8,204,11
10489,2,415,6,2,201,0
12007,1,47,0,0,13,0
2096,1,1659,378,423,749,7
240,1,1191,19,7,687,1
3999,1,421,64,0,225,0
10277,5,388,287,6,217,2
8823,1,28,0,0,18,0
8383,1,322,163,2,265,2
8045,7,20,0,0,14,0
9330,6,698,0,22,1159,26
9584,1,34,5,0,14,0
13691,1,868,0,13,497,4
10406,1,700,0,8,356,4
12188,1,48,120,1,38,0
6655,1,201,32,0,171,1
4073,1,145,0,2,26,0
10915,1,2113,910,30,1114,64
5062,5,1745,4832,36,1644,32
8416,1,14,257,1,55,0
832,1,1552,165,61,1179,7
12947,1,754,0,56,406,37
7970,1,497,1861,54,618,28
2227,3,113,0,2,53,5
3776,3,2472,279,83,917,48
217,1,631,0,1,244,1
7489,4,59,48,0,48,0
12359,1,836,0,10,282,1
5298,1,1881,0,32,468,13
12574,8,216,12,1,35,0
941,1,1207,21,136,750,27
3880,3,21,0,1,5,0
13093,1,1942,10352,66,1094,34
3394,1,292,0,0,9,0
271,1,213,66,1,172,0
14331,0,12,0,0,3,0
1553,3,590,845,8,214,1
815,1,1357,0,8,596,47
9946,0,438,880,4,328,0
849,1,315,80,0,34,1
3770,1,178,11,2,135,0
2805,1,392,561,4,252,0
5734,3,279,575,85,552,205
846,1,34,0,0,5,0
13204,7,302,0,16,370,18
3600,1,798,2717,31,742,38
1990,1,782,2461,37,700,47
4428,6,68,31,0,61,0
1528,1,56,18,1,73,0
13803,1,68,148,1,144,12
10235,1,107,58,10,80,8
6736,3,348,0,18,183,1
1957,1,178,0,2,135,0
3216,1,1738,853,52,1360,149
4888,1,12,13,0,26,0
7379,3,106,0,0,27,0
3426,1,5,6,0,5,0
3450,1,117,10,2,70,2
3634,6,351,433,11,280,19
2149,1,631,122,9,178,1
4609,1,1715,0,5,686,0
11910,5,835,423,6,121,15
2065,2,46,0,0,11,0
12534,1,1233,0,151,537,23
13719,1,190,0,4,45,0
4894,1,136,0,0,102,0
5309,1,1428,0,23,830,12
9069,1,1480,84,3,879,45
8293,3,189,146,6,155,10
12694,5,1109,0,190,233,0
2189,1,125,869,0,157,1
12989,1,619,0,38,143,7
7311,1,88,0,1,26,0
9386,1,418,0,22,46,0
13278,1,1834,35,34,547,0
6009,1,855,1979,27,448,7
11130,5,513,20,7,181,1
14320,1,112,426,5,76,1
4691,1,251,366,1,157,1
8914,0,7,0,0,3,0
13355,2,1866,0,29,364,1
3650,1,946,0,106,444,11
13709,1,1142,284,5,202,0
857,1,33,0,0,1,0
4662,1,54,0,0,32,0
1032,1,2003,0,291,1060,31
10365,8,4014,1251,180,533,4
13999,4,20,0,0,8,0
5016,1,49,173,0,44,0
5017,1,35,125,9,156,5
7525,1,529,424,4,161,1
12456,3,180,20,6,68,2
9225,1,86,55,1,74,0
2610,2,91,64,1,44,0
9426,1,243,0,2,92,0
8136,1,2006,1283,28,947,25
5541,4,525,1,1,16,0
9358,1,579,0,23,300,19
11856,1,2385,451,135,2852,18
7726,5,20,0,0,1,0
6229,5,656,0,21,3799,2
13005,1,769,358,18,166,20
4003,2,8,0,0,7,0
6382,0,26,0,0,21,0
974,5,982,3,123,202,19
13363,1,173,106,4,126,9
2962,1,63,139,0,51,0
2375,1,48,3,0,25,0
3708,1,138,213,2,90,0
13134,1,153,93,8,126,9
11800,1,58,0,2,45,0
10325,1,234,0,16,165,1
11678,8,1459,772,53,474,27
3574,2,26,1,0,10,0
9180,1,86,0,0,60,0
12452,2,96,0,2,125,0
14014,1,24,2,1,17,0
12146,1,298,77,5,234,4
1293,1,252,141,4,165,0
3361,8,947,442,15,321,18
663,1,116,107,1,86,1
9526,0,11,0,0,4,0
13761,1,38,0,0,32,0
14736,0,333,28,1,103,3
2165,1,9,0,0,8,0
2135,1,77,24,0,65,0
6543,1,408,2490,1,641,1
2087,1,108,0,14,39,0
12739,2,6919,403,404,2991,259
13025,1,103,112,5,8,1
13423,6,17,28,0,13,0
9673,1,5,0,0,1,0
5295,1,340,95,0,127,0
9724,9,6,0,0,8,0
8750,1,51,0,0,7,0
9105,1,5473,453,12,375,8
269,1,36,19,0,27,0
13949,1,26,5,0,6,0
9362,2,473,699,3,165,0
10385,0,254,38,12,255,11
13086,7,353,25,7,36,17
9789,1,213,201,4,144,0
7315,1,296,17,1,195,0
6304,1,1050,443,34,549,0
12176,1,39,3,0,47,0
5326,3,60,401,13,75,24
6384,2,165,163,6,89,3
4296,1,20,3,0,13,0
3709,0,48,123,0,66,0
6855,1,160,10,0,100,0
7491,1,457,840,14,510,15
2591,5,177,0,0,53,0
5816,5,1757,354,8,190,6
14195,1,71,0,0,79,0
1702,2,59,0,0,14,0
267,6,6,0,0,5,0
10028,1,355,0,18,374,17
1850,1,315,27,1,179,3
47,1,326,0,13,169,11
6431,2,347,2,5,96,0
150,2,33,102,0,23,0
8220,1,89,26,0,74,0
5153,1,82,2,0,71,0
2256,1,2947,0,68,457,14
11963,4,1011,0,2,96,0
10986,9,69,13,4,25,2
11915,9,34,4,0,35,0
14753,1,11,20,1,11,1
10792,4,28,0,0,25,0
534,1,537,0,3,307,0
11996,1,955,0,50,496,4
3689,2,51,23,0,28,0
2156,8,27,0,0,11,0
13583,1,69,0,0,39,0
3432,1,399,0,8,199,0
10972,1,281,3,5,28,3
3620,1,358,404,2,148,2
14002,1,1249,0,6,268,3
13343,7,324,0,65,356,137
4072,1,712,0,0,241,0
7002,3,4261,0,38,1858,0
587,3,117,13,0,69,0
8063,2,37,213,0,258,0
8853,1,1942,225,57,649,11
9608,1,298,39,18,221,3
11610,5,106,0,0,38,0
6216,7,3021,0,5,734,0
14701,1,48,0,3,24,2
7435,0,9,0,0,4,0
8038,1,7,46,0,10,0
2376,1,517,176,23,238,11
3696,1,449,333,4,293,5
953,1,318,118,0,275,0
2319,1,21,5,0,16,0
959,1,3534,0,150,1324,20
7080,1,887,90,50,346,3
2320,1,1837,405,27,592,0
13354,1,520,0,9,15,0
14098,1,6,8,0,3,0
12833,8,264,1,5,151,0
6349,3,1346,82,14,3610,2
6524,1,64,139,1,44,3
12235,1,555,112,18,239,2
6894,1,260,0,3,218,1
5561,1,712,1382,7,422,6
5253,1,168,30,1,214,1
12809,1,596,0,114,796,59
14161,1,946,2,0,120,0
11154,1,1769,0,38,775,10
1942,1,255,0,5,175,17
4692,1,1227,1745,64,774,14
11384,1,1352,1024,17,279,22
11006,8,1103,20,45,186,3
84,1,3159,0,29,200,0
5796,8,6698,11823,229,1726,74
11007,1,1843,1799,76,478,4
11005,8,529,0,2,97,0
2068,1,432,0,1,184,0
356,5,1272,0,67,439,97
10724,8,2301,363,28,770,1
11004,8,321,2,0,25,1
11000,8,597,387,1,168,1
7474,8,1273,0,4,396,0
11623,1,1142,1682,14,1256,8
1563,1,13,25,0,22,0
10499,1,719,0,117,2175,295
7071,3,358,0,4,208,2
11723,1,675,672,0,261,0
2262,1,406,0,2,320,3
10588,2,24,4,0,17,0
13049,1,404,0,12,215,1
11045,8,917,0,46,309,49
13419,1,381,0,1,19,0
2552,4,86,0,0,11,0
10233,1,521,551,41,337,23
10691,1,915,55,28,176,12
4486,1,393,15,3,265,4
12408,3,1827,0,109,0,5
3736,3,85,0,0,67,0
7105,1,17,5,0,5,0
6731,1,20,0,0,5,0
2342,1,247,0,0,120,0
12541,1,63,2,1,48,0
9571,1,501,0,2,213,0
6412,1,1025,27,3,209,1
2349,8,32,0,3,41,5
12850,1,629,344,9,204,10
11367,1,216,3,4,249,0
1739,1,805,0,4,615,23
6599,5,186,2,4,63,0
2869,1,41,16,0,42,0
9603,1,16,0,0,13,0
6038,2,15,0,0,9,0
2053,1,58,0,0,65,4
166,1,1755,0,63,531,0
12478,2,427,2,20,106,2
3218,3,458,74,5,411,14
13110,1,541,0,7,577,21
4266,0,35,0,0,22,0
10798,1,927,775,49,781,50
2271,1,232,0,0,82,0
7303,7,188,79,1,162,0
2644,1,875,585,20,928,12
6986,6,63,6,2,27,0
9278,1,1269,2583,61,892,1
8589,1,1828,1400,288,1440,230
11728,1,1276,2383,476,1603,295
2132,1,709,0,12,391,0
7534,1,1662,535,18,738,15
6045,1,25,0,0,16,0
9345,1,47,2,0,104,0
1558,1,21,30,0,9,0
13700,0,68,0,3,70,4
9406,1,171,125,2,132,4
11197,1,645,0,6,157,0
8517,3,40,8,2,87,2
14177,1,135,331,3,102,11
5487,1,1512,61,21,555,2
12067,1,144,663,5,288,3
5397,1,74,16,0,75,0
13859,1,210,205,0,275,8
3028,1,650,171,4,405,0
10757,1,528,0,19,471,30
5460,1,81,10,1,109,6
1746,1,43,15,1,25,0
413,1,856,1230,34,447,3
1070,4,32,0,0,1,0
3461,1,2100,0,17,465,38
11017,1,128,4,3,168,2
675,1,49,0,0,49,0
12168,1,152,317,19,440,8
10411,1,71,0,0,18,1
10349,3,1308,2826,144,2340,304
11514,1,129,38,1,69,2
6982,1,158,0,5,224,2
14092,7,90,23,1,52,0
1101,1,319,27,1,241,0
4942,2,109,50,4,126,3
4222,1,127,0,0,67,0
6491,1,75,0,0,34,0
2388,1,498,0,1,327,1
10612,1,114,79,0,106,0
2530,4,637,9,53,334,43
5904,1,20,5,0,15,0
11375,4,255,1,3,193,7
5490,1,589,1,11,182,0
152,1,247,0,1,151,1
14186,1,64,0,0,46,0
8258,1,718,0,202,737,52
5877,2,138,16,0,65,0
1927,8,67,5,0,23,0
7103,1,29,0,1,10,0
1816,1,274,0,15,334,25
12391,1,715,0,4,114,0
8701,1,1881,0,82,769,7
9467,2,736,8,9,336,1
9492,1,7,12,0,5,0
4075,1,315,1405,1,376,0
13337,1,1223,0,54,766,83
7508,1,193,0,2,201,1
11809,1,972,798,5,568,7
13242,1,685,0,17,172,1
10459,1,282,2,4,57,0
12295,5,1161,1225,121,819,152
9315,1,240,66,10,193,4
1632,1,187,0,0,137,0
116,1,87,253,1,91,5
10305,8,518,0,49,296,22
3528,1,236,68,2,202,3
9880,3,795,932,48,861,239
2492,3,3937,7361,269,4406,90
3449,1,117,5,4,42,3
13084,1,573,24,19,121,20
3936,2,35,25,0,24,0
4014,1,476,344,5,364,13
10787,0,479,113,11,567,1
6435,1,337,1,2,204,0
2853,3,103,139,0,138,0
9112,1,371,0,7,282,2
10150,1,576,2593,46,1760,5
8481,1,156,0,1,111,2
13145,5,236,4,5,260,4
13147,1,1945,99,7,146,2
13146,5,46,0,2,272,0
5196,1,405,4,5,148,0
11052,5,4535,6517,182,7044,998
3453,1,1877,0,38,485,0
8339,0,8,1,0,3,0
4495,5,33,0,1,25,0
2001,1,2405,0,67,1062,7
1904,1,27,0,0,26,0
9859,5,629,131,5,318,2
5294,1,672,0,7,173,0
8194,5,813,0,28,844,32
8199,1,240,0,1,156,0
12998,1,575,54,11,289,4
4269,1,830,12,8,209,2
6777,1,708,214,6,271,4
3211,1,6493,0,95,939,24
3439,3,181,26,1,104,0
8228,4,14,0,0,6,0
1906,1,637,0,58,512,85
12633,1,1299,2592,14,1056,6
4407,3,43,0,0,23,0
4664,1,1706,1457,23,1143,29
8528,1,162,0,1,43,0
5673,5,20,0,0,2,0
5243,2,61,0,0,56,0
3277,1,9,29,0,21,0
11682,1,1049,387,74,359,20
14093,10,398,0,7,89,0
3341,5,2825,274,114,1982,18
3457,1,472,0,20,215,27
2173,1,46,13,0,20,0
8302,8,1019,1987,25,209,2
2487,1,217,354,1,278,3
9852,1,225,90,1,157,0
493,1,288,206,5,143,12
6609,1,45,0,0,37,0
9089,1,835,0,32,805,14
8458,1,3549,58,45,894,31
3534,1,166,59,3,110,2
4511,1,21,37,0,15,0
10980,1,339,0,2,105,2
6724,1,115,0,0,86,0
13015,5,792,13,51,497,35
11757,2,421,4,3,251,0
7905,1,26,13,3,45,2
5958,3,10,0,0,0,0
6567,3,162,0,6,63,0
5810,4,1350,0,10,148,0
1300,1,284,0,12,213,0
13259,1,1914,906,14,671,0
13361,1,214,211,3,150,0
13078,1,702,0,35,1620,13
498,1,953,0,1,626,0
14515,3,42,0,0,55,0
10047,1,48,15,0,40,1
11372,3,494,1,19,307,3
7394,1,1557,168,58,1007,26
4750,1,51,3,1,43,1
1716,1,3357,0,65,1652,88
7133,4,30,0,0,19,0
2184,1,2407,5199,217,1500,432
11659,1,145,0,1,72,0
5094,10,274,43,3,218,0
13104,1,320,7,18,44,12
4331,3,40,0,1,59,1
8565,1,276,74,1,166,1
5736,0,21,37,0,31,0
7576,1,254,294,7,180,7
339,1,1267,49,7,228,2
4913,2,6,1,0,2,0
10068,0,115,0,0,21,0
9858,1,944,2966,7,982,2
12978,3,556,58,32,142,74
9823,1,51,3,0,45,0
1911,1,302,37,12,72,8
3628,1,783,0,18,311,2
9994,1,149,1405,1,176,1
3726,1,444,1218,13,582,21
11400,1,950,0,38,280,16
10441,1,1837,0,67,1909,75
9077,1,713,340,11,439,10
8026,3,1284,1513,20,1142,20
12535,3,534,44,18,193,5
5863,1,3416,1279,30,976,1
8432,3,484,49,4,239,0
1281,1,1035,48,6,100,2
10597,2,125,0,2,22,0
11618,1,1508,1704,22,1546,5
5792,8,379,14,2,60,0
14112,1,6,1,0,3,0
14644,3,35,0,1,5,0
2359,1,47,0,2,19,0
4593,0,1508,994,25,1197,19
9111,1,561,119,31,246,46
4571,2,396,1,0,173,0
1086,3,178,524,1,370,0
11301,2,2526,2075,63,1825,22
13157,1,426,5,10,93,0
4175,1,73,92,2,74,0
1500,1,153,105,1,96,0
6893,1,13,0,1,13,0
12124,10,1032,2,13,789,0
5421,1,1018,0,0,11,0
12093,6,401,1,8,176,4
7258,1,1857,49,12,226,10
13980,2,125,47,2,49,0
12905,6,225,0,17,324,26
8826,1,139,21,1,108,1
215,1,106,74,0,76,2
3789,1,638,289,1,198,5
6924,3,384,52,4,233,8
1628,1,108,2,2,25,0
3700,8,1316,0,35,467,19
4493,3,18,2,0,25,1
4967,1,118,1,0,61,0
10054,1,166,57,9,278,15
10708,3,555,0,3,284,0
7640,4,21,1,0,13,0
9375,8,11,0,0,3,0
12657,1,485,26,0,232,0
1473,1,184,23,1,79,0
1408,1,34,0,0,6,0
10664,1,53,3,0,40,0
4139,1,365,0,68,306,52
13359,6,19,0,5,13,9
6434,1,56,250,1,62,16
4368,1,647,1,11,361,2
5369,1,1363,0,5,520,17
13894,1,323,0,0,223,0
10988,5,74,0,0,58,1
3619,2,923,0,0,948,0
10242,6,13,39,2,11,2
8788,2,23,18,0,26,0
9455,1,207,474,3,228,1
3177,1,53,1704,7,276,3
12884,1,2300,426,166,658,34
1806,1,630,0,10,491,8
384,1,55,412,9,235,13
5629,1,489,469,5,390,2
13142,1,251,1,7,91,0
14157,1,51,2,0,32,0
12501,6,21,0,0,10,0
5038,1,765,0,19,555,18
14280,3,14,1,0,15,0
5643,1,65,42,0,46,0
10009,6,3201,3391,51,1100,2
11865,1,224,0,6,162,0
13356,1,1242,1678,32,316,10
516,1,1196,0,36,882,61
8651,1,189,82,6,82,10
12510,1,110,1,0,30,0
4669,0,130,0,0,7,0
10225,1,4214,0,151,736,0
6193,6,24,0,0,16,0
9612,0,61,40,1,53,0
1810,3,141,38,1,103,0
5975,2,533,925,7,430,2
11727,3,329,308,7,393,10
3061,2,4,2,0,4,0
9652,1,586,0,1,16,0
6127,1,359,26,2,166,0
14169,1,42,0,2,136,5
8797,4,81,0,2,51,0
12090,1,346,914,29,433,3
9191,1,501,0,3,270,0
3566,1,373,73,3,139,8
6866,1,96,39,0,25,0
372,1,19,1,0,16,0
13753,3,784,0,2,14,0
12238,9,185,0,2,27,0
12084,7,172,57,4,559,0
158,2,608,297,1,317,0
13864,1,302,127,0,105,0
7958,0,15,3,0,3,0
4660,1,192,129,0,78,0
8331,5,729,1307,27,703,32
9349,0,764,0,22,214,0
2411,1,209,25,0,32,0
9997,1,260,0,2,35,0
5991,10,2164,0,19,557,0
13064,10,1695,3582,42,449,21
8532,1,453,129,1,165,1
5763,3,206,0,4,91,0
11062,2,2493,2,33,1965,3
1509,1,206,108,0,103,0
3665,7,136,43,23,135,10
1368,1,64,19,1,44,0
739,1,10,29,0,9,0
2097,1,31,0,0,10,0
6747,1,31,8,0,80,2
6995,1,113,33,1,91,3
14100,1,19,11,0,17,0
466,1,288,1,2,235,4
8029,1,1408,3,265,626,24
11420,3,771,0,163,580,2
10005,1,78,0,0,49,0
3159,1,77,0,0,25,0
3787,1,1093,423,16,393,12
510,1,112,0,3,168,5
3368,1,52,0,0,42,0
5654,3,27,19,2,391,1
10896,6,34,0,0,81,0
5468,1,142,248,2,105,4
8298,1,792,0,23,1203,57
3250,1,1570,0,40,1177,73
3967,1,87,79,0,79,0
9366,5,874,2,14,169,3
14354,3,136,120,5,148,2
13189,1,584,0,12,102,2
6523,1,1154,2660,22,587,4
14000,1,19,0,0,1,0
10639,1,53,0,2,21,0
11907,3,152,0,1,69,0
3052,2,561,21,22,276,79
3059,3,16,0,0,8,0
8584,1,275,253,5,154,1
13654,1,431,145,3,178,0
5366,1,2029,0,18,507,6
14773,1,237,0,1,63,0
10758,8,371,0,2,102,0
218,1,53,0,0,55,0
5031,1,4007,0,219,1367,2
9181,1,2233,0,73,1168,104
5630,3,747,1430,102,995,125
996,1,1954,816,47,928,0
6408,0,116,53,1,141,0
9879,1,1606,0,3,730,0
9520,1,9,0,0,1,0
7758,1,1479,221,5,733,1
7790,0,18,25,0,15,0
8681,2,22,0,0,22,0
12789,5,585,181,27,277,5
13026,3,135,5,11,153,6
6811,0,6450,0,43,2263,0
13058,3,1155,23,78,1103,0
1482,2,27,137,0,22,0
4306,0,60,2,1,26,0
11793,1,456,0,0,82,0
1731,2,1039,4030,37,1420,40
8356,8,3047,0,195,79,20
7647,2,24,9,0,14,0
5841,0,22,3,0,27,0
1149,1,2192,2115,23,1005,3
13758,4,113,4,7,64,0
2433,5,65,0,1,24,0
13370,0,546,0,11,163,0
818,1,571,0,0,21,0
14341,1,149,17,0,18,0
2503,1,345,0,14,102,8
14696,1,29,0,0,2,0
12570,1,317,1195,8,200,13
13391,1,932,854,11,91,6
1336,1,533,460,89,512,35
12385,1,906,0,19,328,9
9411,3,153,68,3,60,1
11995,1,1113,934,99,1805,96
5927,1,134,0,4,38,0
2604,3,317,94,13,222,3
11335,1,28,0,0,16,0
6740,1,283,4,0,29,0
6542,4,79,32,5,114,9
238,1,753,457,9,461,4
13512,0,7,0,0,5,0
11063,2,2027,5535,26,1136,0
11365,1,199,60,0,39,0
11902,1,1544,0,32,298,3
3057,2,84,0,0,48,0
7340,5,21,0,0,18,0
96,8,1893,157,58,206,3
1226,1,1539,0,89,642,0
2698,1,997,309,12,557,40
13162,1,812,9,32,170,95
12780,8,751,19,24,39,17
13481,0,159,255,4,104,9
5223,2,88,6,0,52,1
3743,2,31,0,0,28,0
6613,0,24,0,0,46,0
1064,3,1561,4587,83,1361,92
762,2,64,9,0,27,0
786,3,68,0,0,33,0
12150,1,446,0,9,204,1
5714,3,228,90,13,216,15
657,1,32,52,0,37,0
8124,7,1516,0,21,524,7
9827,3,74,206,2,186,3
4058,0,176,11,1,140,1
1404,3,154,100,3,84,5
1666,3,860,16,9,460,3
14321,2,243,0,0,76,0
10451,1,646,0,12,788,7
13518,4,20,0,0,2,0
5843,2,11,12,0,13,0
10368,1,515,15,10,494,0
8009,2,18,0,0,16,0
8429,1,204,188,2,136,0
2596,1,77,0,0,45,0
12867,1,2509,0,138,864,16
5672,1,1541,390,110,1056,80
3920,1,70,20,0,58,0
5956,1,436,0,5,89,0
10894,1,302,11,5,262,0
2122,1,56,19,0,43,0
2136,1,368,175,2,123,0
6346,3,4459,2291,126,6037,1
14793,1,5547,0,33,924,0
10867,3,165,0,0,224,0
1560,1,55,5,1,32,0
6737,1,2265,909,37,606,10
4501,1,321,0,4,214,3
3690,1,12,21,0,12,0
8631,5,8,10,0,2,0
6192,1,109,0,0,45,0
9053,3,557,0,10,285,1
10833,1,1503,5142,56,690,21
10421,2,392,0,8,203,1
3019,3,27,132,0,23,0
5861,3,572,1502,1,959,0
10824,1,418,9,7,185,0
12558,1,1283,1106,34,1063,23
8186,10,2445,30,90,347,6
13230,1,1092,0,42,1841,55
2763,1,71,10,1,60,0
5696,1,311,0,2,121,0
14759,4,30,0,0,19,0
2881,1,39,0,0,19,0
5646,1,184,0,1,173,5
13934,9,13,0,0,4,0
14107,1,42,0,0,22,0
9019,1,152,219,10,212,0
6098,1,80,0,0,46,0
4273,1,433,118,6,202,14
6834,1,177,87,1,117,0
7602,1,174,119,8,203,5
5918,1,808,0,51,654,5
11083,1,30,0,0,15,0
5043,2,168,2,1,55,0
7250,1,85,0,8,50,1
4579,3,52,0,0,11,0
462,0,39,0,0,4,0
10660,7,12,7,1,7,0
3662,1,201,933,7,199,2
10072,2,1957,0,28,656,0
10769,1,529,57,5,296,4
1838,1,563,46,205,277,18
11412,1,794,0,16,378,4
5000,1,557,0,21,306,0
8911,0,11,3,0,12,0
3590,1,350,0,6,264,8
7434,2,9,0,0,4,0
5073,6,29,9,0,15,0
13565,1,734,172,34,338,47
7666,1,441,0,2,258,0
12554,5,707,337,71,2650,240
10360,2,4488,0,34,3035,0
3494,1,1798,0,1,0,0
1546,1,96,5,0,59,0
4286,1,339,4,2,139,0
8003,1,211,0,0,76,0
74,1,341,0,5,227,12
7146,1,333,208,4,364,2
9223,1,1845,3181,74,1043,180
5229,1,53,0,0,59,0
11522,1,33,0,0,18,0
7483,2,170,0,0,32,0
7484,8,1594,171,37,231,27
9544,1,1070,555,3,323,1
3167,1,275,220,22,121,7
198,1,1054,1538,7,882,16
4082,4,187,0,3,128,1
7724,2,11,0,0,8,0
8543,0,108,494,3,87,1
551,1,329,20,9,123,0
8627,2,12,0,0,13,0
5312,1,45,0,0,13,0
7270,4,552,0,2,146,0
3925,2,77,0,3,33,0
2197,3,132,0,3,102,0
219,1,1083,1744,29,475,5
9528,4,948,0,26,528,1
12776,1,853,0,61,155,44
5993,6,214,39,0,90,0
7,1,686,1962,1,296,1
1794,2,44,17,0,46,0
10606,4,559,55,8,226,1
10402,1,1396,1,21,509,1
2363,1,1111,0,23,1251,5
4421,7,1157,2317,26,433,14
2011,8,942,0,113,148,19
8492,1,1106,1512,31,362,4
10468,1,1112,2706,22,613,116
8031,3,1524,199,148,683,44
7306,0,11,0,0,3,0
5135,1,275,0,0,23,0
7208,1,2992,7523,42,3746,51
2507,1,63,90,0,30,0
8820,1,56,0,0,41,0
12329,3,15,0,0,12,0
2038,2,51,2,0,25,0
1457,1,2095,0,34,1141,7
14067,7,12,0,0,12,1
2348,1,1230,0,29,2070,59
8948,1,273,0,0,151,0
2582,1,151,0,0,101,2
1937,1,151,0,0,72,0
7425,1,341,0,4,113,0
4245,1,212,298,2,188,4
12263,1,156,1388,17,141,44
1302,1,1710,0,21,968,0
10058,1,2295,1631,88,970,68
4532,3,9819,0,282,4408,278
2766,1,928,2,1,298,0
10545,2,97,1,1,117,0
2548,3,544,7,8,273,1
3335,0,29,0,0,22,0
3509,1,711,23,1,269,4
14743,0,84,1,0,7,0
176,1,129,241,2,111,1
14026,1,216,0,0,70,0
396,2,13,0,0,1,0
19,1,102,0,0,35,0
4190,1,121,356,0,69,0
12251,3,341,0,8,192,9
11393,0,14,0,0,5,0
11346,3,464,1013,14,571,4
8622,2,8,0,0,6,0
1260,1,177,15,5,126,3
7482,2,480,663,7,157,1
11477,5,1614,7308,285,13209,276
12455,9,107,0,0,49,0
6787,1,301,130,3,180,18
7633,2,58,0,0,27,0
6536,3,271,1050,14,228,7
12165,1,1234,0,21,534,5
9118,1,112,261,0,93,1
964,1,1502,0,35,597,12
9041,3,106,24,1,53,0
13947,1,206,77,0,135,0
5496,1,889,3515,21,455,22
2516,1,1280,0,40,594,23
3009,1,15805,37249,845,21748,976
11011,1,105,1,1,81,0
5099,1,370,794,7,216,3
2903,1,115,0,3,3,2
7505,2,595,1350,44,520,55
13309,1,543,123,25,270,6
5528,1,203,135,1,154,0
14432,1,55,0,1,78,2
8486,1,820,0,2,322,0
2652,1,1001,306,30,597,50
1191,2,9,0,0,6,0
11297,8,834,402,4,262,0
13377,1,624,0,69,120,58
3319,1,315,4,0,208,1
12662,3,346,86,4,114,2
2131,1,224,0,3,124,1
14108,1,5,5,0,1,0
958,1,67,1,0,52,0
8455,1,7,0,0,1,0
11619,1,116,0,1,81,1
10271,1,1380,2201,42,1274,146
2775,1,780,0,10,470,3
261,1,289,0,2,209,1
10034,3,751,1,27,452,0
14288,1,58,0,1,21,1
3768,1,613,0,0,317,0
5598,8,435,110,8,64,5
9206,1,446,14,19,197,0
12468,1,553,40,1,119,25
2316,1,42,9,0,29,3
12470,5,80,2,0,57,0
10529,2,429,72,13,248,7
2981,1,227,0,0,186,0
5402,1,883,0,14,376,10
5213,1,136,0,1,13,0
5900,2,205,0,7,167,0
14666,1,12,303,0,156,0
7004,1,196,202,3,113,1
12236,1,83,0,1,53,0
13819,1,43,8,0,39,0
7014,1,81,293,0,126,2
13205,1,631,4,12,182,2
6095,1,105,0,2,33,1
7496,1,416,70,9,458,4
8058,1,66,29,0,37,0
1097,1,21,0,0,20,0
12646,1,79,1,0,54,0
12787,1,6926,7749,518,2000,95
8536,5,1092,622,34,21,57
8921,1,1895,0,72,979,2
1804,1,386,2817,29,749,86
10688,1,83,44,3,46,1
9951,1,635,2488,8,507,7
5491,1,21,0,0,23,0
7931,1,1950,0,87,794,8
13034,4,700,371,22,179,4
4667,1,62,0,0,48,0
658,1,640,0,12,548,39
12156,5,244,0,8,181,2
7107,1,9,8,0,9,0
5926,1,179,1,0,93,0
4473,3,1348,0,14,1146,0
12275,2,121,0,0,52,0
11834,10,139,0,4,80,0
8028,1,491,0,17,754,5
12754,1,1041,464,4,784,4
14507,5,56,3,2,31,0
1290,1,1079,0,45,663,18
2454,1,948,6,3,517,6
5934,0,147,11,1,62,0
6182,6,11,0,0,10,0
8235,1,413,1760,7,289,4
251,1,77,0,0,49,0
3970,1,105,0,0,27,0
7864,1,921,1075,66,269,51
12752,1,1145,0,152,2270,86
1394,1,189,28,1,169,0
2983,2,172,117,3,33,3
81,1,41,17,0,30,0
14208,1,124,174,2,114,10
1105,1,35,5,1,15,0
591,1,679,1207,106,452,25
4179,3,606,311,3,295,5
2397,1,33,26,0,23,0
11357,1,781,0,20,396,8
10713,1,12,0,0,9,0
9890,4,55,4,1,26,1
13515,5,10,0,0,2,0
9849,1,580,206,10,182,1
5862,1,1616,1700,70,960,45
8183,5,3417,575,198,825,36
8832,1,36,0,0,28,0
4067,1,442,1559,2,443,0
3594,3,704,0,16,200,0
14168,1,10,0,0,14,0
7122,1,917,1005,16,4477,33
12256,1,320,2,61,161,2
2860,1,273,26,3,94,0
8954,1,46,0,0,12,0
9679,0,17,22,0,13,0
2916,1,415,0,1,52,2
8461,1,272,4,12,121,0
10810,1,88,433,2,109,1
8364,2,396,745,12,280,19
12184,1,19,1,0,13,0
14437,1,157,0,3,105,2
8605,1,157,2,1,89,0
1657,1,429,24,1,54,0
5971,1,261,173,2,300,4
10169,1,199,0,1,176,0
503,1,470,129,0,291,2
8012,3,2472,29,110,1032,157
4684,1,426,827,23,390,8
14334,1,94,0,1,131,3
4477,3,1153,24,36,296,0
10560,6,286,119,13,216,3
3281,1,762,27,41,464,6
14516,1,252,0,0,111,0
2751,1,1801,929,64,1134,19
9441,1,24,2,0,31,0
12052,4,233,8,4,119,1
8288,3,5931,54,98,1862,100
5045,1,165,5,0,95,1
12772,1,195,1,14,25,1
2953,1,2396,4,74,1097,4
922,1,81,182,0,69,2
9541,4,49,54,2,46,1
10207,2,137,0,1,36,0
87,1,51,12,0,28,0
10527,1,947,0,31,1051,22
3865,3,673,889,14,478,2
14315,2,17,0,0,9,0
204,1,18,68,3,88,8
5584,1,80,94,0,72,1
7275,1,595,1010,10,466,4
5274,5,1383,545,29,1494,0
9579,1,280,8,3,50,0
4376,1,18,35,0,39,1
14332,1,609,0,17,189,6
8709,1,385,29,1,257,0
824,1,248,37,5,161,0
2310,1,73,1,0,21,0
6424,1,636,869,6,341,48
3417,1,356,0,9,589,3
13818,1,47,0,0,39,0
9167,3,1404,54,21,648,21
9469,1,600,0,246,448,45
14042,1,187,9,1,112,0
13702,9,95,67,3,88,1
7928,2,28,0,0,13,0
5169,9,82,0,0,32,0
7064,2,25,0,0,10,0
8952,1,60,0,0,18,0
12375,1,1073,134,19,424,4
2206,2,39,1,0,15,0
5901,2,7,1,0,1,0
7976,1,1299,0,78,415,24
13766,1,942,155,20,193,2
10114,3,13,1,0,8,0
6181,1,350,0,9,270,32
13527,1,202,20,0,40,1
12004,1,1120,139,47,545,0
12380,1,272,9,25,106,1
5195,1,404,0,3,319,2
2062,1,2654,0,576,2084,429
4846,4,24,4,0,4,0
7030,2,9,13,0,7,0
8156,3,21,19,1,21,0
9797,0,601,1,10,319,0
1249,1,116,0,4,105,11
14023,1,37,0,0,24,0
12614,4,22,6,0,4,0
2470,3,1732,0,57,933,10
1256,1,26,2,0,19,0
5367,1,554,0,11,671,2
5457,3,89,0,53,68,0
9510,1,21,0,1,9,0
2749,6,119,18,2,72,1
1228,6,79,0,2,66,0
11633,1,354,486,9,258,1
4848,2,33,3,1,23,0
14496,1,63,0,0,36,0
1971,1,695,0,1,187,0
828,2,2224,0,13,1451,0
6895,1,56,0,0,28,0
13771,7,200,2,0,99,3
5163,2,7,0,0,4,0
12244,1,414,6,8,148,2
5582,1,212,0,0,150,0
7174,1,213,0,1,115,0
5896,1,2049,0,91,2090,62
451,8,39,20,0,20,0
10522,3,164,82,6,123,0
10387,1,274,161,3,97,0
9012,6,264,0,3,168,0
3038,1,42,0,9,395,0
8314,1,50,2,0,9,0
11836,1,91,54,3,38,0
2992,1,1307,3334,36,1182,16
2792,1,9,2,0,9,0
9005,1,261,58,1,73,0
1431,1,1918,0,321,735,50
9873,2,121,0,0,37,0
7771,1,351,0,0,8,0
11917,0,461,74,1,237,3
12607,1,236,1,2,23,0
14210,0,8,0,0,1,0
11737,1,664,0,24,1170,59
8474,1,799,209,8,357,0
12667,2,8,1,0,8,0
1839,1,1120,0,23,291,13
10321,1,471,15,14,358,0
774,1,279,274,4,421,271
10392,1,781,0,17,466,4
11010,1,257,180,13,115,22
12447,6,1318,1,52,403,1
4183,1,279,77,10,57,0
9589,7,13,0,0,6,0
3385,1,431,47,2,207,1
11794,1,1175,6,20,382,1
11347,3,1356,87,31,947,9
5517,1,67,203,1,59,3
13156,1,90,70,1,75,0
3496,1,11,42,0,19,0
6775,1,271,539,5,201,0
8290,3,359,126,16,281,2
2944,5,957,1,29,219,3
4849,1,660,106,73,420,44
537,4,402,0,3,96,0
13314,1,57,0,4,70,17
5632,2,53,34,0,19,0
10857,1,3500,0,205,2160,32
12814,8,578,15,84,163,82
14581,1,28,0,0,3,0
1842,1,48,196,0,24,0
13177,1,306,863,11,227,11
10090,10,56,3,0,71,0
11925,3,444,0,6,143,1
11826,4,1461,0,133,577,20
13325,1,123,263,10,70,10
9186,1,716,474,14,414,4
1656,1,48,25,0,46,0
8572,1,729,661,416,528,30
5608,4,613,0,9,212,25
11143,1,28,11,1,30,0
10060,3,1254,0,18,519,2
3151,6,222,61,2,288,2
1993,2,7,2,0,3,0
6583,7,87,43,2,93,3
11213,1,26,80,0,48,0
2211,1,39,0,0,27,0
6032,2,25,0,0,93,0
4591,1,601,387,4,388,2
8402,3,2266,0,109,2476,63
7225,1,373,45,3,120,0
3782,1,100,87,0,36,0
12735,1,560,17,30,323,4
5945,4,268,67,8,104,4
3903,1,162,113,23,144,93
4482,3,534,21,49,288,19
4313,1,29,18,0,45,1
2098,0,11,0,0,1,0
9860,1,312,374,19,430,26
13749,1,83,0,1,21,0
7076,1,180,1,0,138,0
14083,2,335,149,3,157,3
8798,3,233,0,0,111,0
14795,1,798,547,10,805,9
13262,1,341,0,14,285,81
10531,1,337,0,0,39,0
11382,1,56,25,2,38,0
7798,1,6,74,0,52,1
6919,1,612,716,2,357,2
8981,1,101,0,0,78,0
7433,1,699,407,11,201,2
3005,1,428,653,5,301,0
12009,1,777,0,2,386,0
13194,1,437,0,2,251,2
10407,1,687,7,4,293,0
7084,1,686,121,19,515,16
1527,1,515,0,6,255,26
7836,1,59,7,0,53,0
892,1,646,215,0,276,2
3280,8,28,0,1,9,0
6052,8,1342,5,48,273,24
5818,5,2807,52,96,1281,31
1460,1,955,0,129,416,0
4327,1,139,0,1,56,0
7578,3,395,268,24,490,22
7292,1,244,68,3,99,5
12537,1,86,45,4,89,0
7942,1,2029,2879,32,1312,155
126,1,2014,0,118,1529,481
12838,8,526,0,95,23,0
5178,1,30,5,1,20,1
6065,3,67,0,0,26,0
3246,3,1169,0,37,877,0
2934,8,570,1,17,228,2
6425,3,1022,2517,7,549,4
11339,1,707,72,10,412,2
14253,2,27,24,1,58,0
593,1,1939,760,65,1362,28
8968,1,811,0,37,384,16
5756,1,1093,668,21,831,3
11620,1,211,100,2,103,0
12847,1,1744,0,208,636,40
7848,0,15,0,0,10,0
6138,1,40,0,0,33,0
3283,1,1225,1830,6,847,25
13871,7,1066,5,18,143,5
7162,1,37,69,0,48,0
13483,1,315,0,2,163,8
11538,6,5890,0,900,3653,260
4288,1,12,7,0,15,0
3120,1,87,0,0,73,0
7088,1,81,11,3,87,3
5708,2,280,0,26,200,0
12647,7,356,9,2,171,1
8030,1,1468,1038,65,494,12
464,0,7,0,0,5,0
3116,8,868,0,9,102,0
4489,1,273,351,108,845,7
13052,1,77,0,4,94,1
11271,8,12,3,0,9,0
14456,2,22,0,0,8,0
132,0,1136,612,47,559,1
393,1,120,0,0,114,9
4936,1,229,0,0,121,0
5834,1,38,0,0,19,0
11413,1,2868,1851,91,1766,73
6854,1,2195,0,53,581,1
12791,1,60,2,12,46,1
4022,1,772,3,66,545,1
7375,1,2830,100,92,1150,1
5661,1,259,0,9,146,0
1756,1,750,3094,41,905,13
10379,8,898,258,13,281,0
5749,6,1008,10,9,422,2
14283,4,298,0,0,52,0
39,6,69,336,1,241,5
4876,2,1718,4267,4,510,0
3614,1,451,2,3,149,1
6054,3,536,0,20,468,33
3884,1,1326,0,96,987,33
1655,1,55,223,0,200,2
949,1,171,0,4,285,32
112,3,20,13,1,27,0
11823,1,1134,1100,17,554,3
12180,2,600,1,22,153,1
5903,1,74,42,0,30,0
7302,1,2397,0,679,2154,50
7242,0,302,108,4,48,2
10399,1,715,598,19,490,25
8738,2,630,303,23,301,12
4400,1,261,4,1,114,0
8013,1,605,2651,7,269,12
3169,3,344,0,1,159,0
2927,8,102,2823,7,132,32
11584,2,657,479,7,345,1
8961,3,364,72,13,226,14
12602,1,112,34,1,39,1
9387,1,318,109,12,132,8
12650,7,256,0,1,126,0
12561,1,380,140,0,287,0
4378,1,40,6,0,29,0
13245,1,1449,1258,93,535,35
9293,1,207,6,2,114,0
11899,4,67,50,1,42,0
4877,2,1097,417,20,450,1
9772,0,662,0,12,113,0
5346,8,110,0,2,35,0
13329,5,1090,1250,18,416,34
9624,1,9,0,0,9,0
14357,1,707,0,11,620,55
13318,1,73,0,4,29,4
8912,4,20,0,0,9,0
1246,1,365,0,1,324,0
12872,6,2278,20,195,1007,147
2148,1,298,68,11,87,2
12540,1,1294,329,11,638,7
1779,1,32,0,0,12,0
9636,1,116,214,2,91,2
7963,1,452,0,6,206,0
8807,1,227,0,6,286,45
4585,1,52,74,0,30,0
1729,7,395,70,17,41,4
12751,1,1234,0,9,149,11
3480,1,3155,1484,136,1453,52
1504,2,133,1,0,7,0
11635,6,31,0,0,12,0
8950,1,324,69,3,235,0
5766,1,327,53,15,134,1
9892,2,176,14,15,111,15
4177,1,393,1,24,201,0
6867,1,69,67,0,49,1
4367,3,547,0,2,208,0
11482,6,421,0,1,211,0
3720,1,2342,0,9,112,2
3484,2,111,3,0,34,0
6765,1,187,4,2,88,0
4608,1,599,1306,19,447,27
10479,1,35,1194,1,89,1
3627,3,4239,3432,86,1700,32
8824,1,314,0,0,23,0
12973,1,494,260,18,213,64
3117,1,505,0,6,279,0
6465,1,81,5,0,55,0
10928,1,150,11,1,90,0
4870,4,16,4,0,13,0
6779,1,2885,0,100,1429,28
14235,7,2048,124,5,928,1
9976,3,13,1,0,13,0
7066,1,176,168,9,212,6
10968,1,46,100,0,41,0
14141,6,15,433,3,301,14
1679,1,583,0,13,224,1
7593,1,1561,10,46,407,0
9930,2,22,36,0,20,0
12536,1,828,75,9,206,5
12496,1,400,250,3,158,15
9775,1,6,0,0,3,0
107,1,376,0,13,330,10
7522,1,207,0,0,91,0
14791,3,66,0,0,66,1
10532,1,239,630,4,288,7
7381,1,319,229,5,283,1
276,3,128,0,0,159,0
2082,3,470,0,3,78,0
2313,3,173,4,20,71,0
7636,1,1155,0,9,676,3
10492,1,94,0,0,73,0
10693,1,33,57,0,12,0
8269,1,408,0,17,462,21
14039,1,51,21,0,49,0
4726,3,3700,1435,11,937,0
6321,1,142,0,2,64,1
397,2,36,27,0,26,0
8182,5,98,64,0,50,0
13936,1,46,2,1,30,1
8369,1,26,25,0,16,0
11230,3,802,1,9,479,6
13256,3,230,30,8,142,12
3485,5,278,0,5,179,0
3352,1,10,0,0,6,0
2191,1,450,1653,7,205,57
11023,2,517,297,17,269,16
9001,5,972,556,59,1124,19
14362,1,7,5,0,6,1
1009,1,126,0,0,124,0
10502,1,457,0,2,338,0
12134,3,879,3,3,128,0
1754,1,439,90,4,206,22
11155,0,1213,2061,42,753,38
13775,1,6,0,0,17,1
1559,1,1312,0,11,497,3
7993,3,363,68,9,186,2
12137,1,225,2,4,129,0
14623,3,360,1,6,103,0
13987,1,1370,0,7,269,1
515,3,288,0,4,110,0
6694,4,791,0,216,511,173
8582,1,22,9,0,12,0
13169,1,532,0,18,116,6
5664,2,6,0,0,6,0
3525,2,149,0,0,108,1
12661,3,41,5,1,18,0
5365,1,216,0,0,112,0
13051,1,254,0,25,169,160
4021,1,1918,0,54,972,73
2813,3,776,401,33,487,27
11756,5,146,1,2,406,2
9840,1,1583,9,18,426,1
12946,1,374,0,10,111,0
1057,8,87,70,3,37,1
1675,1,631,158,1,454,0
13227,1,661,1694,67,319,23
2043,1,2025,0,58,1096,30
8107,1,639,567,1,359,4
9443,8,1241,0,14,210,3
7157,1,217,44,0,45,0
7499,1,76,90,5,82,0
7350,1,807,0,7,565,9
9726,1,78,0,0,44,0
12920,1,1090,907,64,865,82
7612,1,1404,35,20,185,0
12588,1,240,0,3,151,4
2637,8,4179,0,59,700,2
10174,1,1235,1745,4,522,0
10095,4,711,15,24,175,30
8387,4,153,0,0,37,0
7214,1,686,82,13,440,1
1315,2,1379,556,31,697,11
2128,4,274,1,0,61,0
1278,1,1491,278,14,446,4
6276,5,1284,1364,19,910,1
4071,4,656,0,2,204,1
7850,2,566,0,1,111,0
11402,4,253,2,0,41,0
5920,1,684,356,6,181,7
12069,1,2106,0,197,822,54
862,1,17,0,0,8,0
12002,1,51,0,0,10,0
14587,1,392,0,0,75,0
10938,2,21,0,0,15,0
3518,1,15,0,0,10,0
4626,1,24,0,0,19,0
12882,1,621,350,51,952,94
11144,1,343,335,8,320,2
6502,1,238,0,2,87,0
6272,3,229,251,4,372,1
9173,6,70,345,0,580,0
5154,1,92,0,2,44,0
1134,1,885,2025,22,1539,5
9902,4,334,5,5,121,1
10306,1,172,0,0,20,0
11262,1,584,0,3,184,0
11093,1,338,886,10,294,0
9004,2,442,158,2,448,1
13317,1,217,0,17,44,0
13118,1,177,2585,15,235,116
13556,1,13,7,2,40,0
6863,1,34,0,0,26,0
9749,1,1095,3589,25,1138,10
13793,1,108,36,2,76,0
9018,1,754,2022,30,577,33
13637,1,623,138,11,70,4
14129,5,113,0,9,119,5
12454,1,44,165,0,81,1
5088,1,120,0,3,482,3
4690,1,300,0,1,133,0
12813,5,317,0,79,507,100
7247,1,5,2,0,6,0
11637,10,45,55,1,31,2
8573,1,26,1,0,22,1
3517,1,24,0,0,13,0
5048,1,1016,9047,30,1950,6
4388,5,338,1,9,137,0
2605,1,969,320,11,384,1
12321,1,648,0,7,226,0
6544,3,84,41,1,95,1
11569,4,1039,1669,26,453,12
13661,8,64,0,0,7,0
6070,1,1129,1574,43,595,7
12001,1,2133,0,61,567,19
4435,1,806,0,14,516,35
12522,1,481,0,10,199,0
13764,0,38,0,0,10,0
8490,0,101,33,19,81,39
1209,1,235,4,4,131,0
12033,1,266,3,6,59,0
7503,5,793,0,19,461,0
2546,1,218,0,3,139,0
8792,4,35,0,0,15,0
10888,2,408,0,4,222,0
12175,1,598,1,16,188,6
3593,1,1398,101,153,615,28
14343,1,64,1,0,42,0
8670,1,28,0,0,23,0
1926,5,139,234,11,217,2
1163,1,455,0,11,300,29
8557,1,342,1133,4,390,7
7531,3,331,1235,40,578,39
7536,1,288,120,6,226,18
5305,1,1146,1062,24,747,19
311,3,589,2715,4,746,4
477,1,530,0,14,286,2
11636,1,76,1,0,49,0
3617,1,771,16,20,985,18
1015,1,101,0,2,77,1
5899,1,611,0,13,794,3
9748,1,947,135,20,402,9
9743,1,1771,229,74,809,74
7092,1,349,0,8,209,2
6074,1,642,10,0,40,1
9987,1,283,10,1,189,0
13790,1,97,0,1,25,0
4358,6,5,0,0,2,0
12545,1,127,0,9,33,0
4185,3,1338,3065,20,1290,28
5676,1,957,574,36,710,4
1963,1,1248,469,3,674,1
8624,2,19,5,0,22,0
4973,1,94,0,1,333,2
10308,8,2697,1,22,114,0
7832,1,29,0,1,27,0
9826,1,111,179,3,118,3
14367,5,11,0,0,8,0
693,8,81,2,12,153,14
11047,1,33,44,0,22,0
5075,1,390,144,14,229,2
2522,1,17,109,0,26,0
8782,1,46,1,21,56,246
3873,0,219,101,1,108,0
3947,0,8,0,0,1,0
5349,1,40,137,0,34,0
5386,10,770,468,10,325,14
1840,1,1086,0,48,767,8
5340,1,244,4,3,66,0
9752,7,11,1,0,6,0
5234,1,516,4,0,330,0
5280,1,111,79,1,78,0
7279,4,17,0,0,3,0
12096,1,179,1689,12,714,18
6109,1,167,205,0,114,0
10853,1,85,0,0,65,0
14483,1,1747,0,0,2,0
9335,7,127,63,0,55,3
5847,1,135,0,2,292,3
5347,1,183,17,1,49,0
5779,1,121,120,0,80,4
8313,1,2197,0,97,1101,9
3978,1,921,371,5,526,1
3179,10,319,8,6,172,3
2291,1,40,0,0,23,0
9174,6,61,14,1,53,1
11185,1,2122,4845,48,897,24
1789,1,818,755,18,502,0
1253,3,78,44,2,318,7
11830,1,39,7,0,7,0
14402,7,158,0,3,54,0
13284,5,750,155,12,396,3
11576,4,47,0,2,34,0
14553,1,45,25,0,27,0
11190,1,1540,0,38,284,48
7894,1,126,0,0,37,2
6033,1,657,0,85,2474,147
11089,1,126,0,0,64,0
13290,1,941,1,8,29,0
5231,1,74,18,0,57,0
8603,1,150,6,2,55,1
13404,1,292,85,6,125,13
769,4,75,721,0,74,1
3027,1,207,305,4,127,1
3405,1,863,286,1,434,0
6280,1,322,2,5,132,0
1215,1,123,195,0,113,0
1180,1,201,42,1,135,1
5121,1,66,0,0,52,0
8789,1,3772,0,222,1633,29
14702,1,1293,0,26,396,1
3527,1,359,0,5,246,0
3158,1,1091,1719,12,753,9
1508,2,167,0,0,47,0
12677,1,222,0,9,156,3
239,1,202,0,2,150,0
13983,1,176,0,2,250,6
14576,4,11,0,0,6,0
14318,1,68,6,0,34,0
11129,5,28,7,0,22,0
13911,1,80,0,0,75,2
7186,1,20,16,0,23,0
9088,4,49,16,1,17,2
9407,1,18,0,0,7,0
2621,1,5539,1225,46,1475,6
161,1,457,640,11,162,12
8084,1,143,0,1,71,1
7746,1,734,5864,17,3383,5
854,1,33,0,0,1,0
6374,1,337,28,5,71,0
3292,1,1210,0,56,829,39
12630,5,584,0,2,109,0
11591,1,479,0,34,904,27
4138,3,190,0,0,103,0
14070,4,126,0,1,64,0
3253,7,5,26,0,15,0
8757,1,928,0,376,812,91
14605,1,488,36,0,138,0
13544,1,169,150,1,120,4
13805,1,380,387,5,336,0
6680,1,1487,305,13,402,21
6666,1,16,11,0,8,0
1830,1,315,699,71,248,56
10564,4,325,34,11,48,17
5600,1,266,0,1,44,0
10743,6,22,4,0,21,0
415,1,224,317,6,170,4
1991,1,680,419,20,181,16
6345,4,2044,57,54,499,5
10572,2,422,2,4,287,7
14428,4,50,0,1,29,0
720,1,1012,0,87,384,61
3671,6,7,0,0,5,0
4201,1,38,3,0,28,0
1979,4,35,22,0,17,2
1366,1,133,0,4,37,0
2032,1,183,93,1,41,0
939,1,352,58,5,213,0
9909,1,182,0,0,254,27
14748,1,227,0,0,46,0
7838,0,38,0,3,15,0
9651,0,99,0,1,92,0
3042,1,102,0,1,70,0
11161,1,1450,485,25,780,6
13525,1,504,0,1,295,1
12519,4,76,0,0,22,0
8773,6,7,0,0,5,0
8480,3,1850,0,21,702,6
11967,1,13,0,0,11,0
1975,1,13,0,0,11,0
5235,1,522,149,4,320,1
7045,3,124,7,0,0,0
282,1,17,0,0,1,0
1678,1,192,0,0,61,0
13685,1,30,0,0,21,0
6729,1,76,0,2,235,3
1835,1,836,0,44,659,20
2681,1,358,43,6,147,1
8243,1,93,2,1,80,0
11945,1,405,0,5,207,1
746,1,1034,3,21,535,0
6650,2,4,0,0,1,0
6857,2,273,39,2,104,2
12743,3,1342,246,74,643,37
5957,1,24,0,0,3,0
10198,1,660,483,10,388,9
142,1,331,26,3,187,0
7025,1,26,57,0,32,0
5053,1,463,150,2,310,3
3036,1,732,0,6,441,4
6420,1,1142,0,1,476,0
13019,1,3182,0,27,323,1
6273,1,10,0,0,2,0
13369,1,638,0,8,32,0
12820,1,240,44,5,174,0
6990,1,85,0,0,46,0
6745,1,259,0,0,5,0
2812,1,206,411,3,178,0
14647,4,30,7,0,19,0
2146,1,152,0,0,95,0
12264,1,81,190,6,103,17
13699,0,7,0,0,1,0
2287,1,1775,0,616,692,2
10355,1,565,0,2,254,0
4411,1,1934,1501,34,941,10
13415,3,86,96,2,105,0
1341,1,292,205,11,194,1
11892,1,3011,0,29,461,0
7282,1,1579,1336,14,620,8
3225,1,260,30,1,163,0
7331,1,2428,9636,24,1499,309
3711,10,20,0,1,23,0
5041,3,48,25,0,30,0
6764,0,1128,0,6,398,0
1910,7,2995,0,24,294,1
13928,8,100,0,0,21,0
13116,1,593,942,12,263,3
3673,1,99,27,1,61,0
1325,1,681,655,23,526,15
11475,1,481,42,31,308,1
1583,3,650,1446,27,1142,24
10703,2,6,0,0,6,0
8836,1,47,3,0,35,0
5783,3,432,0,2,339,0
6403,1,14,0,0,13,0
1202,1,906,1030,25,485,64
13802,1,121,344,0,25,0
9995,1,123,249,0,104,0
795,1,32,35,0,24,0
3904,1,494,0,4,144,0
5559,1,271,32,0,187,0
8076,1,234,287,6,543,39
10895,1,1415,277,76,633,2
8845,2,11,5,0,15,0
13232,1,827,3,10,397,5
8890,1,100,83,2,103,9
13918,1,98,50,1,53,0
5037,1,57,142,0,66,0
5442,1,340,3,1,102,0
4039,1,395,0,4,293,4
11880,1,201,1,0,116,0
9795,1,276,0,1,17,0
14678,1,101,0,0,12,0
8385,1,1433,49,1,604,0
12610,1,501,36,28,228,2
4450,1,267,4,1,208,5
3977,2,21,0,0,8,0
9529,1,30,0,0,20,0
4956,1,2995,848,41,1541,48
1770,1,416,0,15,471,28
5959,8,910,234,42,169,7
12127,1,1180,0,29,502,36
12030,1,68,56,3,58,31
4922,1,329,189,7,175,15
10146,3,20,0,0,14,0
2804,1,87,0,0,71,2
6473,1,376,54,5,255,8
8368,1,108,73,52,104,12
7783,1,385,863,9,394,37
1418,1,80,0,0,43,0
14427,4,13,0,0,3,0
770,1,1210,8746,120,8291,299
8818,2,68,2,0,48,0
8189,3,2132,0,51,2058,31
521,1,78,0,0,25,0
1956,1,496,35,3,152,1
12584,1,778,7,3,102,0
3224,5,95,0,0,60,0
6341,10,6,62,0,9,0
273,1,42,94,1,19,0
9729,1,113,3,0,64,2
12586,1,107,22,5,129,4
5627,1,58,24,0,25,0
13120,0,858,0,12,438,50
6881,2,50,6,0,17,0
7124,3,249,61,0,101,3
5453,1,642,1398,2,259,1
5364,1,1024,0,6,627,2
2220,1,32,0,0,21,0
6271,3,10,0,0,8,0
8993,1,76,0,0,56,1
14045,3,17,0,0,2,0
4930,2,1079,0,11,264,2
11209,4,1848,0,31,389,0
8093,3,110,8,2,96,0
12993,1,398,0,16,308,193
14351,1,121,0,1,44,0
5931,3,54,0,0,25,0
12808,1,2117,203,101,1199,8
5874,1,184,272,25,151,5
8324,1,65,19,0,57,5
335,1,5,10,0,8,0
4808,1,1040,0,12,179,0
13223,1,225,0,8,397,6
5307,2,26,0,0,4,0
4965,4,646,0,4,193,0
4416,6,36,152,1,43,1
13638,1,73,8,2,25,0
9768,4,7,19,0,7,0
14403,0,6,0,0,1,0
1162,3,1462,161,24,855,11
4590,2,456,0,1,160,0
2301,1,153,0,0,9,0
13351,0,118,0,11,342,32
7131,1,13,6,0,8,0
1347,1,2172,2471,103,1665,39
13292,1,139,10,8,76,0
14601,1,308,0,4,580,2
14549,1,530,7,15,145,4
5733,1,64,583,1,94,0
4776,3,46,25,1,98,1
12861,2,1996,0,302,1325,43
6214,1,216,0,6,213,7
13822,7,31,5,0,17,0
7830,1,899,0,2,460,11
13524,7,33,0,0,4,0
471,3,200,15,2,82,0
5864,1,267,104,6,147,0
14057,5,162,29,1,48,0
4835,9,15,3,0,7,0
4924,6,474,0,4,292,4
7343,1,1480,0,57,732,101
12471,1,1091,3,823,517,0
6199,1,539,8,1,144,0
10729,1,1363,142,81,960,20
1512,1,2034,0,53,1133,86
12593,1,254,215,29,158,0
11439,1,249,286,7,179,8
13957,1,30,0,2,20,0
5086,2,25,0,0,12,0
5419,1,256,3,17,135,0
8632,2,24,44,0,83,0
9297,2,128,4,0,39,0
8447,1,446,95,10,311,8
14146,1,431,0,7,78,0
962,1,185,167,2,244,2
9728,6,162,0,0,41,0
5940,3,411,508,70,568,15
1357,1,145,0,1,23,0
2085,1,19,0,0,1,0
4405,1,16,0,0,2,0
7206,1,453,5,4,208,0
1874,1,91,0,0,5,0
10754,1,34,33,0,34,0
7888,3,3266,17494,162,11549,283
13313,1,88,0,11,87,15
9397,1,387,24,6,187,5
11819,1,329,1,0,50,0
9928,3,614,2,2,453,0
10300,8,121,12,10,32,15
520,1,109,4146,1,217,1
14664,1,466,0,6,81,1
6118,1,145,34,2,109,0
1165,0,52,0,0,106,0
8953,1,703,61,2,25,5
14249,1,112,2,1,74,0
14658,1,145,0,2,60,0
13653,1,64,0,0,15,0
1973,3,310,0,4,285,3
1329,1,137,141,1,99,1
5455,0,64,2,2,27,0
6257,4,171,0,0,32,0
1139,1,431,238,29,258,1
9170,1,2647,0,45,1446,2
2458,3,1209,1643,59,802,99
13171,10,962,1,11,295,1
9893,1,1139,0,32,499,2
6643,1,183,103,6,104,7
3142,2,490,0,10,23,0
8667,1,18,97,0,28,0
224,4,44,5,0,39,0
999,3,131,3,3,107,0
10420,8,73,24,1,45,0
5321,10,1079,235,142,654,154
5209,1,1346,0,310,686,0
2772,1,271,36,3,105,0
11541,5,217,0,3,98,0
14543,1,139,100,0,41,0
3835,5,696,1483,21,285,11
9634,1,466,1,11,136,1
11162,10,108,21,3,75,1
6872,1,1557,0,44,632,6
11784,10,396,3,2,122,1
6640,1,147,56,5,67,3
13444,1,50,53,0,43,1
1752,1,812,0,13,732,5
7031,4,111,0,1,78,0
5423,1,26,48,0,18,0
10498,0,110,19,0,54,0
14224,1,259,1,0,14,0
10543,1,4,59,0,16,1
8925,0,408,0,16,345,56
678,1,25,1,0,14,1
7879,1,533,0,19,172,5
4356,1,1454,1,0,184,1
6692,8,307,331,3,235,12
12774,1,551,1218,15,231,50
11455,3,349,0,2,56,0
2673,1,1970,0,168,1808,244
759,2,61,15,0,33,0
5549,1,89,0,7,57,6
3095,1,81,0,0,71,0
11603,3,2064,1012,46,1458,0
9305,1,451,0,8,242,5
1458,1,173,0,2,159,3
5284,1,147,184,0,110,0
14347,1,7,22,0,1,0
5138,8,99,1,1,31,0
5409,1,2052,0,112,703,26
8769,1,48,26,0,53,6
4241,3,1138,0,40,623,1
2475,1,69,1,2,41,0
213,1,161,0,0,129,0
899,1,176,1,0,101,0
13558,2,183,3,4,209,3
1103,1,116,307,6,411,35
10862,2,503,100,0,158,1
5729,1,815,163,29,526,3
12324,7,75,47,1,87,1
2583,1,311,343,9,211,4
7221,2,297,428,4,208,2
6615,1,91,0,0,20,0
14488,2,39,4,0,26,0
3737,0,6,0,0,3,0
7314,1,316,68,0,152,0
2893,3,1161,0,27,355,0
12815,1,1068,12,283,467,53
1018,1,1082,0,9,497,10
4869,1,71,42,0,62,0
12648,8,63,0,1,196,0
14783,1,103,0,4,72,1
2747,4,16,1,0,16,0
2139,4,168,0,1,37,0
88,1,63,58,2,63,0
11758,8,494,615,43,279,0
522,1,548,141,128,188,80
2094,1,60,0,0,40,0
11433,5,19,30,0,8,0
6459,2,13,0,0,12,0
14675,0,28,0,1,9,0
14010,1,120,49,1,42,0
848,1,150,70,10,75,11
1812,1,405,10,0,220,6
5157,1,197,318,2,351,30
7853,2,23,0,1,6,0
2778,1,535,0,6,86,1
9461,4,142,149,0,73,0
8778,8,47,0,0,13,0
290,1,398,0,0,36,0
456,4,2032,40,24,697,3
7910,1,530,443,2,363,4
13659,1,55,106,0,38,8
9504,2,204,32,7,178,3
1129,1,466,555,11,366,13
12565,1,83,0,0,12,0
5631,1,1831,7398,94,933,157
14243,1,318,0,1,11,0
13642,2,13,108,2,63,2
14453,1,9,0,0,8,0
2661,1,123,1,0,113,0
14639,1,63,0,1,244,3
14434,1,174,939,0,265,2
237,1,26,0,0,20,0
4319,7,10,6,0,8,0
4341,3,223,0,13,168,4
13405,1,452,353,9,345,8
9092,1,164,0,0,6,0
6172,1,35,91,0,37,3
11820,1,1188,41,23,426,15
8593,1,47,0,0,18,0
14457,2,7,0,0,3,0
13798,4,53,0,0,101,0
12846,1,929,0,33,94,3
7056,1,449,134,18,126,3
4818,1,56,869,1,161,20
12490,0,202,0,3,77,1
8763,3,25,0,0,11,0
13170,1,438,210,8,282,1
6681,1,23,76,0,13,0
4636,1,44,20,1,27,1
4146,1,1682,1526,29,713,3
946,1,8,2,0,10,0
9023,2,142,0,1,99,0
13978,1,157,0,4,52,19
11505,1,621,100,6,414,0
13010,1,40,190,2,68,4
11655,7,366,388,151,435,973
14474,1,244,256,4,109,1
12585,1,10,0,0,10,0
12499,5,3116,0,43,748,32
6148,1,132,18,0,122,0
5594,1,126,14,1,91,0
761,2,21,0,0,24,2
4981,3,6,0,0,9,0
5750,1,194,0,0,176,0
10558,3,428,16,2,164,0
13436,9,20,1,0,6,0
9949,1,241,48,0,160,0
6020,1,306,449,19,7,36
243,2,25,0,1,61,0
7671,1,17,31,0,16,0
954,1,74,0,0,58,0
7420,2,87,1,2,30,0
10714,7,64,0,2,8,0
57,1,104,2,2,61,3
2311,2,79,0,2,26,0
1550,1,209,1,7,165,1
11048,3,16,9,0,20,1
3371,1,36,0,0,25,0
13915,3,7,0,0,26,0
7058,0,25,8,0,20,0
8308,1,228,0,1,23,0
12073,0,839,0,1,115,0
7865,1,19,4,0,18,0
10630,5,1086,2,59,1474,0
5504,2,15,0,0,29,0
3462,1,24,43,1,57,1
14720,1,125,0,0,30,0
5602,2,770,658,1,334,0
3214,1,212,25,0,155,0
2857,1,71,0,0,54,0
8002,1,2732,1147,51,1669,79
7870,1,311,0,7,142,0
6984,1,2210,3056,40,888,16
2374,1,139,0,0,32,0
682,1,1157,0,5,702,0
14179,1,299,0,0,12,0
10783,1,305,0,4,259,0
7447,0,419,1,3,307,0
14199,2,5,0,0,1,0
3186,1,569,428,4,287,1
14254,1,26,2,0,4,0
13158,1,181,41,2,154,1
13576,1,690,0,4,221,0
1039,1,83,3,1,66,0
681,1,1322,0,6,839,14
11853,5,543,6,8,248,0
13129,1,245,0,8,108,3
6278,1,208,340,0,172,1
8074,5,474,0,55,285,18
13757,1,105,0,0,38,0
10619,5,65,211,1,94,1
2130,1,663,0,10,403,3
11681,1,1985,252,83,2559,37
9202,3,2684,0,28,375,3
5438,2,25,2,0,62,0
6418,6,10,1,0,6,0
11696,10,156,4,5,126,1
8143,1,47,120,5,68,12
4886,0,11,0,0,5,0
4491,1,39,428,0,74,0
7291,3,53,0,0,26,0
13663,2,18,1,1,4,1
8598,4,8,6,0,12,0
12154,5,941,186,24,264,13
8898,1,196,2,7,117,5
12871,1,546,0,39,283,55
54,1,202,0,0,189,11
14350,2,15,0,0,1,0
13751,1,35,0,0,22,0
133,1,820,2141,15,676,74
13615,0,147,0,3,143,0
12681,3,401,733,9,227,4
473,3,240,174,4,78,0
10027,2,122,167,0,144,1
8902,1,803,1243,24,844,5
2567,3,36,0,1,28,0
8073,1,42,44,0,55,1
12624,3,1949,3077,15,1665,5
2690,1,431,39,1,163,0
2613,2,338,390,39,805,176
10278,7,537,0,12,138,0
11232,1,170,1,2,90,0
3772,1,7,11,0,7,0
12965,1,788,218,19,161,10
13910,1,15,5,0,3,0
14426,3,7,0,0,55,0
9853,1,652,17,13,251,5
12012,6,2030,4,22,844,0
1697,1,16,1,0,13,0
13357,1,397,0,7,220,3
14704,10,5,0,0,1,0
7283,3,17,155,0,93,0
223,1,960,25,13,319,0
14374,6,238,109,1,587,3
1982,10,3242,3593,273,1177,116
7153,1,390,151,13,259,6
4289,1,100,39,0,40,0
7253,1,1807,0,86,989,6
3429,1,57,129,0,37,0
3523,3,23,11,0,13,0
12272,0,144,0,0,55,0
7896,1,129,2,1,71,0
1875,1,160,0,2,194,0
1224,1,241,1264,3,244,1
4646,1,155,2,0,121,0
7271,1,504,7,38,172,12
11776,1,343,0,0,104,0
9883,1,110,0,5,226,2
7436,1,19,5,0,1,0
3882,1,155,0,0,94,0
7587,1,53,0,0,24,0
6572,1,249,0,8,200,6
10104,3,231,0,10,155,5
5310,1,191,1,1,131,0
1719,1,27,3,1,43,0
5225,1,599,114,7,306,4
12480,1,943,1,19,326,11
1997,8,48,147,0,82,2
10376,4,6,0,0,2,0
5806,1,316,1,8,40,1
2810,2,84,0,1,35,0
5710,2,385,0,4,249,1
8470,1,268,466,1,182,1
13485,1,1937,0,36,699,7
2300,1,28,0,0,4,0
7413,4,120,0,0,46,0
10324,1,275,50,2,132,0
9549,5,209,0,5,197,3
4926,1,925,1370,2,561,0
11334,3,157,9,0,98,0
8764,9,14,0,0,2,0
12043,3,164,5,0,56,0
14625,1,827,7,0,51,0
13986,1,193,0,0,53,1
12742,1,1236,0,14,395,1
5886,2,7,0,0,18,0
6591,6,892,0,15,330,1
5343,1,241,0,2,152,0
11867,1,4820,0,320,3010,351
3235,7,164,24,1,79,0
10358,1,472,43,14,195,1
12296,1,460,348,18,177,7
2099,1,67,24,0,47,0
13117,0,901,897,49,716,25
13904,1,756,3,12,99,0
2732,5,170,0,0,11,0
14632,1,132,0,0,3,0
3416,6,43,1,1,25,0
3548,1,34,3,0,15,0
12693,10,83,1793,6,171,3
541,3,1801,233,55,545,9
3460,1,375,0,4,127,0
7869,2,38,22,1,46,0
9517,1,248,71,2,101,6
6208,1,99,0,0,35,0
82,1,47,33,0,41,0
13298,5,341,0,18,174,1
10428,0,4,5,0,8,0
5014,1,1177,392,39,731,5
6545,0,32,0,0,1,0
1265,1,17,54,0,84,1
8367,1,67,86,1,39,3
1251,1,117,5,1,43,0
8200,1,949,0,97,495,49
2501,9,48,2,0,18,0
3626,1,1443,0,114,1619,80
7453,1,1299,0,81,676,9
12368,4,1764,0,23,766,3
6266,8,270,22,8,146,6
438,1,728,0,8,317,1
11638,1,256,81,1,203,0
1545,3,14,0,0,12,0
5973,1,1093,0,15,399,30
6947,1,226,0,1,192,0
3474,1,15,1,0,6,0
6658,1,16,8,0,37,0
10490,1,74,0,0,7,0
422,2,79,0,0,38,0
10357,1,290,0,4,91,0
7212,1,519,1640,92,1267,45
11729,2,51,1,0,36,0
1076,1,107,110,4,70,0
13433,1,32,0,1,28,1
3764,3,376,0,20,358,15
4053,1,31,33,0,11,0
4342,3,1675,1112,53,953,34
10194,1,33,13,0,27,0
561,1,10,0,0,13,0
8071,1,101,142,1,80,0
4738,6,12,8,0,10,0
10647,4,5,26,0,57,0
13872,5,228,0,0,11,0
1184,3,12,0,0,10,0
14008,0,13,0,0,6,0
3399,2,1876,0,30,800,1
15,1,23,3,0,7,0
12409,3,367,66,7,332,1
9804,1,2300,7,61,1133,2
6556,1,7,0,0,2,0
7016,1,2269,0,51,1410,45
1629,2,49,5,0,37,0
1715,1,707,38,1,75,0
9999,3,395,459,15,0,0
4499,1,63,92,1,102,2
5247,3,27,0,0,22,0
1049,1,1120,227,117,299,5
3609,1,134,83,3,35,3
4165,1,100,1,0,7,0
2831,1,59,0,1,33,1
11556,5,248,0,0,1,0
1773,1,139,35,0,93,0
12663,1,18,0,0,14,0
4287,1,112,3,2,45,0
4759,8,229,0,2,128,0
12050,6,2038,0,69,2646,21
3183,2,100,6,1,60,0
4089,1,380,0,0,11,0
4881,2,38,10,0,27,0
5791,8,1605,13,9,155,2
11546,1,14,5,0,12,0
8546,2,18,0,0,13,0
2160,1,351,189,1,192,0
8216,1,542,0,15,590,7
13390,7,739,0,9,186,4
6868,10,22,0,0,18,0
2092,1,328,0,0,236,3
3409,1,11,0,0,12,0
3402,1,245,535,8,189,2
12682,1,113,0,0,29,0
1878,3,547,1473,19,2305,15
4680,5,206,26,5,147,1
4081,1,561,0,29,250,26
14766,1,79,20,0,22,0
13832,0,359,0,5,181,5
9518,1,12,10,0,8,0
43,1,22,0,0,15,0
13414,2,156,370,4,134,0
7782,2,1227,241,51,580,18
12442,1,146,0,1,18,0
14212,0,196,1,5,76,1
2756,1,1229,0,27,733,4
11742,1,1122,386,174,622,2
812,1,41,99,1,103,2
12591,5,206,0,2,23,0
905,8,10,0,0,1,0
7042,1,871,0,27,453,16
3674,6,14,0,0,2,0
14555,1,8,0,0,4,0
8723,1,163,487,9,222,7
5172,1,38,0,0,44,1
4465,1,750,0,17,599,20
13184,1,600,0,23,252,2
4369,1,221,0,3,570,4
6297,5,342,0,4,255,1
3127,1,162,55,2,120,2
8754,1,209,0,2,72,0
2612,4,51,76,2,39,1
10678,1,559,0,108,341,24
8092,8,132,7,1,105,1
14636,0,15,0,0,1,0
14397,1,52,18,2,28,2
4198,1,1919,944,223,2480,915
12529,1,12,12,0,16,0
14344,1,65,0,1,49,1
14511,1,177,65,4,164,9
13927,4,7,2,0,1,0
2515,1,803,0,12,444,0
4995,1,656,0,21,318,1
7684,1,698,0,31,316,0
5220,1,13,0,0,8,0
13453,2,10,16,0,22,0
12413,1,512,53,3,157,0
14620,2,238,0,0,112,0
13886,1,208,46,1,176,0
6329,1,536,8,3,444,1
8683,1,92,4,1,82,0
5155,1,1043,0,10,289,10
10330,1,69,69,1,54,0
8556,1,280,0,4,205,3
12759,1,430,560,52,253,5
2485,1,129,4,1,112,1
6090,1,614,0,10,309,4
863,1,89,0,0,52,0
5396,1,425,277,7,357,10
11414,1,36,0,0,35,0
11540,5,793,1250,20,1009,14
6797,1,14,2,0,13,0
539,5,1301,0,31,141,11
7018,1,17,0,0,3,0
488,1,545,720,3,211,14
9165,4,28,1,1,40,1
5544,1,499,222,2,393,0
822,1,194,60,2,153,6
12887,1,3069,2166,199,1607,84
11814,1,36,57,0,21,2
11442,1,382,34,0,218,0
6228,9,9,0,0,2,0
12297,1,14,0,0,10,0
351,1,8,0,0,4,0
1499,1,100,8,0,111,0
14144,1,149,162,1,123,10
7788,1,120,0,13,178,1
182,1,21,4,0,20,0
2249,4,567,0,3,146,0
3271,1,73,19,0,31,0
2589,1,33,0,3,62,2
6414,7,171,0,0,23,0
7697,7,464,136,16,355,2
3206,1,54,75,1,117,2
3215,3,384,0,8,53,0
7386,1,34,0,0,30,0
2875,1,46,0,0,26,0
13839,4,64,0,0,31,0
2670,1,348,56,1,256,2
373,1,507,123,0,324,0
2171,1,519,0,12,292,1
487,1,113,0,2,213,34
7199,1,638,415,10,429,4
9964,5,402,0,21,92,11
6037,0,52,218,0,400,2
6082,2,24,1,0,23,0
11985,1,303,0,14,180,6
11929,10,533,8,4,207,0
970,1,39,0,0,37,0
203,3,19,0,2,2,0
8046,3,6,1,0,9,0
9868,1,20,1,0,19,0
3993,3,1065,13,13,351,12
3610,1,602,0,3,162,0
13632,1,375,160,0,206,0
4830,10,898,580,1,418,4
13517,1,113,0,2,194,18
12183,2,1762,117,47,818,14
4390,1,959,108,9,634,0
5937,5,1119,0,93,530,1
9277,1,52,33,0,51,1
7070,4,152,31,4,132,2
14266,9,34,0,0,1,0
4918,5,1980,4385,107,1071,67
8812,1,702,0,30,405,24
9243,1,290,458,4,269,2
244,1,69,326,1,53,47
2306,3,45,52,0,46,0
1974,1,265,26,1,178,0
14482,0,48,0,0,14,0
2559,5,159,0,2,40,0
342,0,71,547,0,92,0
9003,2,270,0,2,160,0
12590,1,55,32,0,56,1
10044,1,4,0,0,4,0
9289,1,599,4,10,352,1
4174,1,66,2,0,55,0
904,8,8,0,0,1,0
8414,1,121,1,10,73,10
6157,1,528,0,8,539,1
10247,0,31,0,0,15,0
1017,6,27,0,0,7,0
5238,1,440,87,1,62,1
2557,1,63,1,1,18,1
13089,1,194,90,15,114,17
155,2,676,462,6,454,8
11470,0,91,11,2,21,0
1585,1,325,0,14,649,27
13794,4,42,0,2,19,0
8867,1,73,0,1,41,0
4216,2,123,0,0,142,0
8566,1,10,0,0,6,0
14229,8,35,0,0,4,0
2838,1,231,33,0,194,0
16,1,15,0,0,1,0
4162,1,1145,1314,20,899,24
10408,6,207,0,2,321,6
13695,1,19,120,0,41,0
11509,0,30,3,0,20,0
13765,4,74,0,0,16,0
13789,3,49,80,1,56,0
13029,1,514,112,29,215,15
4852,1,89,0,0,34,0
4746,0,31,0,0,18,0
4891,8,1340,197,9,354,0
13997,1,32,0,0,4,0
1604,1,170,0,2,231,1
4588,1,3116,827,9,826,12
12708,1,20,20,0,18,0
6096,8,111,187,8,153,8
12744,1,1402,0,14,643,7
2666,1,115,1,0,79,0
12190,1,179,0,1,30,0
4686,1,91,62,0,63,2
2565,1,145,0,0,141,3
12953,0,480,56,83,311,66
5391,1,423,0,1,395,1
7143,1,52,6,0,29,3
2410,5,72,120,1,35,1
4863,1,128,68,2,91,1
14408,1,29,11,1,45,0
8428,3,102,16,2,75,0
9199,1,12,0,0,4,0
1601,1,189,0,0,110,2
7861,1,117,62,2,99,0
14124,1,148,0,0,20,0
9328,0,186,2,0,15,0
2064,2,17,17,1,12,0
10496,0,172,29,10,138,2
9548,1,279,52,0,104,0
6931,6,23,0,1,3,0
325,2,14,1,0,4,0
7584,2,24,8,1,18,0
13252,1,351,134,8,92,2
3410,1,299,0,1,299,6
3074,1,365,1,1,236,1
8794,1,1169,448,169,349,149
10080,1,311,0,3,51,0
13331,1,243,47,4,117,1
531,1,16,7,0,11,0
10101,1,648,558,12,177,4
13992,1,188,2,1,72,0
11519,4,312,8,11,211,3
2405,1,78,32,0,28,0
7956,1,713,0,2,353,0
10241,6,23,11,0,16,0
10576,2,39,5,0,28,0
6670,1,555,958,5,354,7
8144,1,402,0,14,11,1
526,1,48,4,0,29,1
14172,1,456,0,11,177,1
3908,5,55,55,7,113,33
13810,1,171,42,0,109,0
7897,1,9,0,0,2,0
3774,2,521,379,49,293,21
1783,1,1488,4753,22,456,2
3855,1,248,219,3,226,1
14317,1,23,10,0,8,0
9687,2,39,1,0,10,0
2479,1,755,29,6,226,1
5218,1,9,1,0,110,0
9666,0,18,0,0,1,0
349,2,34,0,0,86,0
7945,1,457,1,0,210,0
9642,1,2055,0,147,1479,181
13099,1,164,114,13,75,0
3165,4,369,13,1,241,0
6883,1,30,1,0,16,0
13513,2,77,0,0,43,0
6847,2,351,0,4,76,0
719,8,43,113,0,141,2
11077,1,102,1,1,87,0
12099,1,440,2812,10,278,14
11310,7,232,2,8,39,5
8841,1,1959,0,2,100,0
6110,0,6,0,0,1,0
77,0,10,0,0,4,0
4315,1,674,0,5,451,18
3582,1,277,173,2,179,0
13530,1,12,0,0,3,0
5230,7,15,0,0,12,0
14139,1,14,0,0,30,0
12613,1,178,187,3,168,11
1518,1,24,0,0,5,0
4079,0,5,0,0,1,0
2086,1,19,0,0,1,0
5776,3,23,0,0,5,0
12944,1,1237,29,84,300,42
13725,6,175,25,5,149,3
10793,1,183,100,1,181,3
11557,5,259,0,0,11,0
8413,3,219,0,4,163,0
791,1,790,905,6,473,7
8444,1,88,0,2,80,0
4639,6,39,0,0,37,0
3592,1,10,2,0,9,0
6578,2,101,0,0,118,1
248,1,170,0,0,122,0
11553,5,252,0,1,28,1
11642,1,17,3,1,15,0
5500,1,771,53,34,639,50
11411,0,252,129,6,233,7
13883,1,121,588,3,266,9
1548,1,2325,1425,43,1184,54
13304,5,1004,1,7,141,0
4283,1,317,628,8,155,9
3919,1,29,1,0,11,0
12443,1,849,79,6,360,0
8501,1,309,764,8,354,13
8010,3,29,0,0,37,0
14737,1,28,15,0,19,0
5130,1,40,0,0,18,0
10999,8,127,0,3,47,0
14063,3,34,0,0,32,0
6014,1,134,19,0,110,0
9117,0,42,37,1,12,0
2679,1,393,320,2,243,15
11422,4,890,0,0,9,0
5071,1,20,0,0,1,0
9027,1,66,138,0,63,0
5377,2,354,0,15,234,6
13601,1,124,403,0,94,0
7334,1,432,2,5,171,0
7606,2,366,0,10,249,3
11481,1,1609,2565,168,1246,85
6703,1,322,0,0,256,2
4114,9,179,0,0,10,0
14539,1,94,1,1,49,0
13106,1,305,11,1,96,0
13628,3,33,44,5,66,13
12486,1,301,0,9,78,5
6859,1,78,86,2,81,4
14117,1,33,0,0,18,0
9633,2,35,0,0,249,0
13215,1,645,447,19,162,1
10838,1,319,11,1,50,3
9959,1,68,0,1,42,2
9188,1,82,1,0,73,1
4171,1,911,154,71,319,55
4445,2,6,0,0,6,0
7977,1,417,494,1,259,0
14084,9,53,0,0,2,0
2272,1,540,733,5,296,2
6890,1,191,15,0,113,0
2324,1,261,0,8,244,2
2659,4,27,0,0,8,0
6987,3,118,0,0,43,0
1470,1,57,0,0,38,0
13523,1,66,0,0,9,0
7180,1,167,414,19,159,10
1636,3,343,0,1,104,0
3739,1,178,2,1,48,0
6223,10,328,0,7,100,5
14007,1,131,0,0,27,0
14270,1,9,0,0,7,0
12528,1,55,13,0,12,0
13413,1,268,8,19,112,74
9870,1,48,11,1,26,1
6915,3,564,0,9,245,0
12629,4,626,0,8,205,4
13281,4,986,1,30,255,6
2052,1,192,52,0,148,2
5987,1,1084,0,7,531,2
65,0,8,0,0,2,0
4437,1,136,9,1,33,2
1792,1,1069,290,20,587,2
6979,1,1869,0,54,804,0
12074,1,26,0,0,22,0
535,2,21,0,0,7,0
2103,3,183,710,3,158,12
6614,0,6,0,0,3,0
5112,1,3200,250,371,1844,962
12475,1,24,0,0,17,0
9055,2,95,0,0,13,0
9649,1,121,22,175,69,0
3139,1,96,0,3,630,0
12852,0,216,0,4,56,5
9490,10,63,0,0,41,0
14352,1,22,3,0,23,1
8117,2,1811,0,33,1259,33
10208,1,248,0,0,187,0
781,1,213,371,17,163,10
7371,1,417,317,10,377,7
5590,1,20,0,0,7,0
8533,1,1898,0,79,1058,0
7316,4,97,4,19,62,16
4043,3,45,0,0,20,0
3567,1,9,0,0,8,0
1388,1,211,83,2,182,0
6548,1,71,0,0,36,0
2662,5,719,456,10,267,10
1845,1,926,37,29,945,20
4387,1,55,2,0,40,1
975,3,196,73,4,112,0
2908,1,615,118,24,163,6
14472,1,432,0,5,203,10
7256,1,656,134,84,342,9
5732,1,1113,783,139,959,22
4122,1,17,0,2,29,1
9767,1,239,806,7,585,6
10375,0,5,0,0,1,0
9821,6,995,25,40,909,45
11394,1,5427,0,126,1204,15
5930,4,15,96,0,88,0
14013,1,119,172,1,337,0
14452,4,98,0,0,24,0
214,1,172,0,0,124,0
1814,1,512,7,7,260,0
8813,1,5,0,0,5,0
14530,1,9,0,0,3,0
3295,10,21,3,1,23,0
5448,6,44,0,0,10,0
5601,8,746,0,5,101,0
10562,7,71,0,1,50,0
12412,1,84,23,0,30,0
14719,1,505,125,14,115,4
484,1,299,410,6,323,3
7951,1,594,0,40,1014,32
5960,4,75,0,0,6,0
7044,5,46,0,0,29,0
2527,1,118,19,0,29,0
14751,0,107,5,7,60,0
14763,4,61,0,0,172,0
13159,4,216,0,1,16,0
6300,7,764,17,8,227,0
5773,3,79,0,0,48,0
13427,0,442,0,3,151,0
6103,1,815,1116,13,754,26
12508,0,47,30,0,54,0
12749,5,1099,1280,123,909,62
1784,1,165,0,8,274,22
1243,7,178,0,5,185,3
9437,10,166,1,6,53,2
2323,1,393,684,9,279,2
12783,8,2277,973,85,3781,77
314,1,31,21,0,21,0
3130,1,51,2,2,37,1
2354,1,42,0,0,37,0
13651,5,294,9,1,52,0
13112,3,268,9,14,933,11
12639,1,2319,0,7,178,0
9723,1,829,427,15,461,0
2570,2,16,12,0,40,0
5894,1,520,328,1,348,10
11887,1,256,14,0,98,0
12078,4,318,89,3,119,0
2787,4,143,71,0,96,0
4115,1,95,264,1,99,2
3916,2,40,0,0,27,0
10274,1,117,6,0,78,0
5190,1,146,0,8,164,13
7471,2,581,0,8,413,6
11009,1,101,0,0,84,0
3607,1,422,13,0,231,0
1344,4,271,7,0,80,0
14215,4,19,3,0,8,0
13208,1,224,32,27,100,28
856,1,33,0,0,1,0
8600,0,7,3,0,13,0
4133,1,28,173,1,34,0
188,1,374,36,13,139,1
14654,1,387,86,3,119,0
13167,1,1178,0,19,531,3
7145,2,18,0,0,8,2
9468,1,1210,21,65,427,1
4488,1,955,0,10,541,0
14375,1,16,0,0,5,1
11940,0,282,1,40,218,5
9867,3,669,769,2,374,15
12802,3,476,0,11,1259,32
11631,1,1023,27,12,467,5
10889,2,9,0,0,4,0
13042,1,1373,0,42,371,1
8119,5,619,141,6,342,6
12740,5,667,1290,30,239,2
13166,1,2641,590,88,987,274
12449,5,694,12,49,392,20
12357,1,11,3,0,19,0
4095,1,2305,517,12,786,5
13744,1,210,0,2,28,0
14415,1,16,7,0,4,0
5219,1,197,0,0,103,0
4169,1,563,4,8,87,0
2482,1,544,0,3,312,2
6312,1,396,59,7,213,1
4148,1,202,99,3,103,5
9967,5,998,0,235,489,0
7889,4,140,28,3,113,3
12361,5,1896,7507,29,153,7
5571,1,713,469,11,307,20
9318,1,1090,0,32,857,20
2415,1,276,97,4,192,0
2979,1,996,1322,11,784,3
7955,1,274,780,7,298,1
9215,1,1154,0,39,366,1
3933,1,196,0,16,99,0
12254,2,636,0,2,142,0
5335,1,2274,261,176,791,28
6570,3,334,4,4,106,2
448,1,256,0,0,159,0
12104,1,223,0,51,534,73
12821,1,3192,2560,60,713,36
8133,1,68,0,0,43,0
4258,3,458,287,2,625,2
8193,1,569,1,4,102,1
6744,1,86,8,0,17,0
6490,1,16,0,0,5,0
9216,1,111,6,2,78,1
1122,1,9,0,0,10,0
7950,1,1291,937,115,707,4
2121,1,1193,0,5,553,0
7661,0,19,18,0,3,0
12172,1,146,0,2,58,0
11202,4,427,0,3,181,0
5156,1,48,0,0,12,0
2678,1,229,4,5,157,5
2496,1,2731,1,200,1786,0
1981,0,13,0,0,6,0
8262,1,775,0,3,157,0
5497,1,871,3,5,193,0
5698,1,1550,0,25,932,2
11857,3,4249,5896,1026,2403,965
13857,1,83,69,0,35,2
9620,1,10,1,0,3,0
8323,1,444,247,184,485,65
6802,1,77,188,0,69,3
1827,4,2087,0,72,983,28
676,1,66,51,2,59,0
6089,1,66,13,0,42,0
13629,5,248,0,0,1,0
10581,1,3944,350,68,1066,39
960,1,328,21,1,283,0
5450,1,15,0,1,10,1
796,1,52,0,2,107,1
5028,3,378,36,11,789,6
147,1,352,102,0,162,2
13627,1,78,7,2,19,0
3507,1,97,45,1,83,0
6500,1,342,319,6,207,4
14203,2,141,0,0,54,0
6565,1,262,133,3,170,0
951,9,9,0,0,6,0
14504,2,69,1,0,36,0
2331,2,75,109,3,82,1
14257,1,840,238,9,310,10
7412,3,1220,1325,39,776,0
3988,8,30,7,0,31,0
13639,0,152,45,4,49,1
1326,2,212,114,4,89,5
1110,8,13,0,1,1,0
7171,0,7,0,0,9,0
750,1,1684,161,15,67,11
9616,1,1526,0,25,1008,12
12328,1,33,3,0,24,1
9622,1,152,89,0,125,0
12737,5,513,0,9,172,1
3003,3,738,521,12,372,5
13372,7,771,0,71,1223,70
1907,1,44,24,1,34,0
1694,7,52,221,1,105,0
9429,1,786,0,27,411,2
914,1,61,6,1,45,0
162,1,117,329,1,74,0
10203,1,319,1,1,203,0
3930,1,566,268,6,225,0
9495,1,57,4,0,38,0
4763,1,49,42,0,27,0
10554,3,5,0,0,1,0
460,0,1290,551,77,686,108
5553,1,62,0,0,9,0
5525,1,292,4,1,137,0
1758,1,53,15,1,40,0
8476,3,111,0,0,75,0
1817,4,100,0,2,36,0
661,1,257,40,1,160,0
2169,1,791,0,0,204,0
2373,1,158,0,1,63,0
1607,5,2279,431,53,409,26
12042,3,59,0,0,19,0
12083,1,228,0,46,131,0
8499,1,30,0,0,27,0
14044,1,719,0,9,244,19
7988,1,208,21,2,80,0
11716,1,24,48,0,36,0
5259,3,1199,1,33,467,0
13447,3,15,0,0,4,0
4013,2,1686,392,82,997,10
5180,1,85,1,0,50,0
11096,2,154,0,0,132,0
7332,6,80,21,0,127,0
8650,10,26,17,0,10,0
8160,1,122,0,0,84,0
8022,1,48,0,0,1,0
1562,1,442,15,3,127,4
1621,1,195,248,8,222,13
1734,1,674,694,62,549,146
13443,4,24,0,0,11,0
8745,1,2214,2397,23,1045,27
10795,1,332,22,0,282,0
3433,1,26,2,0,8,0
2295,3,39,0,0,26,0
14730,5,247,1,0,3,0
10477,2,24,2,0,18,0
7320,2,118,22,0,50,0
4192,6,62,5,0,26,0
1689,1,217,100,2,187,6
929,6,104,4,1,87,1
12072,10,127,142,0,159,0
11733,6,103,0,1,25,0
4468,1,362,508,0,254,1
6952,1,254,5,0,179,0
8381,0,170,1259,4,1426,38
9430,1,559,3,9,176,9
14391,1,596,0,5,141,0
7641,2,43,0,1,25,0
4063,3,410,0,2,169,0
5380,1,226,2751,2,371,2
14464,1,506,52,12,66,1
8717,1,291,44,0,78,0
12267,1,350,0,12,115,2
13924,1,205,52,0,86,0
14661,1,20,41,0,21,0
14289,1,21,1,0,5,0
14727,1,14,0,0,5,0
4735,1,837,3,0,0,0
8405,1,15,0,0,7,0
6035,3,16,0,0,12,0
3227,1,902,0,39,354,12
1722,2,18,52,2,53,3
6328,1,301,21,0,224,0
5683,1,516,0,18,331,3
5589,1,31,78,0,69,0
11079,4,9,1,0,1,0
11697,1,948,106,183,470,86
3343,2,479,119,7,240,0
13920,1,115,32,3,82,0
6816,1,196,0,0,118,0
14140,0,203,1,1,47,0
12048,6,1396,35,86,490,18
8760,1,834,123,4,394,0
5268,4,365,4,12,192,1
5262,1,31,46,2,20,0
10197,0,249,0,5,149,0
10700,1,713,328,8,216,1
3058,4,57,0,0,26,0
2837,1,112,0,0,93,0
2334,1,64,32,1,99,3
6903,3,75,0,0,58,0
3663,3,13,19,0,26,1
5889,3,18,1,1,5,0
956,1,549,1,0,244,0
12476,1,17,7,0,7,0
10929,1,2505,0,13,1074,2
10728,1,2409,0,22,1330,11
11187,1,520,0,14,119,0
10118,1,19,0,0,19,0
8016,1,166,0,0,109,0
7632,2,34,35,0,16,3
6836,1,72,2,2,55,0
14542,7,43,8,0,7,0
5462,1,895,643,8,638,29
11464,1,259,17,0,113,0
3643,1,4202,5,29,1214,5
14076,1,31,14,1,18,0
12434,9,41,0,0,21,0
9338,3,31,81,2,98,5
13830,0,40,0,1,4,0
9063,1,546,792,10,231,5
2417,1,25,0,0,7,0
11825,5,643,49,7,155,0
40,1,946,0,9,899,29
10912,5,533,500,2,330,0
2035,4,36,0,0,21,0
5595,1,229,0,5,114,1
10427,1,675,869,27,402,14
12617,0,13,0,0,1,0
10201,1,59,0,0,46,0
10586,1,573,0,2,443,4
9205,1,18,0,0,12,0
4829,4,15,2,0,6,0
14232,1,539,0,1,279,0
8803,6,305,5,6,160,0
10957,1,290,303,12,202,1
2685,2,520,6,17,232,3
8534,0,7,0,0,7,0
3406,1,90,0,8,270,0
12135,4,943,0,12,371,0
4980,1,170,0,1,265,52
13718,1,169,0,1,36,0
11787,0,1352,0,14,539,1
11351,1,4561,0,91,1361,39
8231,3,341,14804,33,727,5
4804,1,41,0,0,16,0
11743,6,724,1,9,332,1
5742,1,25,0,0,13,0
2976,1,1835,1713,40,1974,12
8762,1,75,0,0,34,0
4105,1,1519,1358,6,410,9
7519,1,113,82,0,48,0
3767,1,25,187,0,38,0
10541,1,31,5,1,15,0
11746,5,361,0,14,303,0
9083,1,14,0,0,12,0
461,1,28,16,0,19,0
6783,1,1594,0,161,1153,135
3717,1,880,75,2,402,0
14602,4,42,0,1,19,2
1808,1,82,28,1,44,0
13263,1,177,0,14,211,6
14095,1,362,56,1,61,0
13435,2,18,0,0,2,0
11095,1,14,53,0,31,0
9521,1,216,0,0,101,0
751,1,87,0,1,73,0
13965,1,80,0,1,31,0
8506,4,212,10,10,156,19
9239,1,10,0,0,7,0
5539,1,335,0,11,425,16
13446,4,31,1,0,19,0
14519,2,62,4,1,128,2
10536,1,1102,0,10,322,0
6130,1,76,89,2,130,0
837,1,97,0,3,186,7
5350,1,81,207,2,78,1
13027,1,283,59,5,65,2
4126,6,83,0,0,41,0
6646,3,19,0,0,1,0
3984,1,499,239,15,287,16
3427,1,246,263,2,222,1
8043,1,696,52,6,112,1
7992,2,127,0,0,88,0
11908,1,316,666,1,123,0
5095,6,723,3799,78,893,71
9241,1,115,92,5,107,10
11075,1,6,253,0,78,0
8221,1,592,4,14,188,6
14660,1,378,0,7,202,6
11253,1,963,30,1,59,0
7351,2,51,14,1,30,0
2750,6,21,22,0,48,0
13330,1,391,0,33,129,2
11753,6,931,1163,28,634,3
4433,1,16,0,0,8,0
6774,5,984,1305,22,602,14
7119,1,318,61,1,60,2
13902,0,421,380,2,87,0
13577,1,477,0,1,249,0
13258,1,301,715,23,304,9
6948,1,351,0,1,122,0
3704,3,10,56,0,24,0
3226,2,7,7,0,11,0
4895,7,161,0,11,93,9
7261,5,90,41,3,73,0
5165,1,185,102,0,116,0
13750,1,7,7,0,3,0
10559,1,443,114,2,247,4
12870,5,3507,14,99,1367,113
13207,1,145,0,15,13,1
13595,5,255,1,0,10,0
10826,6,251,0,15,681,0
7776,1,82,378,4,220,0
13495,1,1053,1131,5,929,4
3076,1,110,45,0,63,0
3637,1,43,0,0,14,0
6884,1,81,137,0,71,0
5916,2,109,0,0,31,0
4057,2,22,0,0,1,0
8270,1,35,0,0,21,0
11085,1,1071,399,58,709,30
3934,6,129,0,0,14,0
12103,3,1671,127,88,813,22
7863,2,30,17,0,23,0
2509,1,226,213,3,197,2
3454,1,1489,3920,60,881,18
12544,2,136,131,1,91,1
7374,4,39,0,0,6,0
6559,1,69,0,0,102,0
10482,1,66,0,0,35,0
7923,1,307,0,0,79,0
6169,1,23,0,0,4,0
2335,1,25,0,0,23,0
2490,1,145,72,0,104,0
1837,1,1724,5574,38,1330,17
2902,1,14,2,0,14,1
7786,9,6,0,0,4,0
14709,7,33,0,0,2,0
10115,3,90,29,0,83,0
575,6,1402,0,14,999,0
11595,1,2853,0,35,337,0
12171,7,13,23,0,8,0
14784,1,132,702,0,105,0
3287,2,925,363,10,731,14
2521,1,31,11,0,42,0
5003,3,9,0,0,7,0
2630,1,182,104,1,158,0
8527,1,21331,0,435,2260,129
1409,1,34,0,0,31,0
9045,1,29,0,0,31,0
1645,4,60,4,0,21,0
14466,10,211,0,1,43,0
7642,2,62,14,0,16,0
11327,1,224,2,2,185,0
4627,1,67,0,0,40,0
7634,0,7,0,0,1,0
11526,4,7,0,0,2,0
4232,0,11,95,0,43,1
10621,1,652,1533,12,303,7
14670,1,31,32,0,23,2
8130,1,162,0,1,116,0
347,1,440,0,8,74,1
1969,3,533,47,25,251,55
4110,1,1664,15,4,306,0
1595,1,575,0,8,408,0
5160,1,1325,135,32,172,16
2439,2,8,0,0,3,0
814,1,510,17,0,70,0
6891,1,287,35,0,74,0
12600,1,649,692,34,477,29
12758,1,1179,0,49,629,16
5456,1,286,0,1,215,1
10772,1,195,77,2,110,0
7701,2,7,84,0,31,0
14147,2,86,0,0,32,0
1961,1,506,14,0,371,0
3256,1,460,500,7,274,6
9346,1,581,1630,23,925,49
4862,1,423,204,7,370,15
8781,1,64,0,0,10,0
2190,3,3640,217,1791,1007,957
6046,1,20,0,0,24,0
8134,1,236,107,1,119,0
12037,3,1110,2670,48,2085,33
8024,1,353,0,11,238,2
9435,1,227,3,2,121,0
12076,1,274,50,5,108,6
6852,1,1839,0,100,1221,76
6750,1,93,14,0,77,0
4815,1,42,7,0,25,0
11566,1,1129,0,31,1677,8
2866,1,55,1,0,35,0
11845,1,385,852,12,689,7
4993,1,142,244,2,154,15
3320,1,277,2,0,85,0
13031,1,805,4923,125,616,64
7668,1,486,4595,13,568,3
10111,3,19,1,0,7,0
9300,1,79,0,1,11,0
6262,0,10,0,0,7,0
11171,1,261,0,0,49,0
6154,1,150,1306,0,42,0
6530,1,147,132,26,94,18
7398,5,307,0,1,111,0
11164,1,175,17,0,77,0
3502,2,21,10,1,28,0
7583,3,63,14,0,126,0
10900,3,215,0,3,191,1
13680,1,39,0,0,9,0
13946,1,103,10,0,32,0
4308,1,841,0,7,399,7
7745,3,369,852,8,228,3
9921,7,466,0,34,221,9
5540,1,612,241,2,204,1
7802,1,145,11,0,33,0
8579,1,22,5,0,10,0
6244,3,37,0,0,27,0
2264,3,161,66,0,66,0
8716,1,70,334,28,148,22
10653,1,1745,191,7,150,4
14790,1,7,0,0,3,0
10410,7,15,55,0,7,0
1314,1,253,0,2,96,0
3276,1,264,0,9,622,24
5922,1,10,1,0,8,0
14338,2,300,29,3,153,5
7388,1,1339,75,66,235,22
14781,3,94,47,1,43,0
9334,7,104,0,1,15,0
11073,1,220,0,6,181,1
6784,1,15,0,0,3,0
2391,1,169,0,2,32,0
10537,8,28,1,0,27,0
9247,1,88,0,0,33,0
10329,5,210,116,3,110,1
92,1,774,0,6,161,0
7129,1,12,0,0,9,0
8516,1,550,13,18,400,0
2442,1,285,7,7,191,4
10229,1,358,0,3,159,3
926,1,69,52,0,70,0
130,1,782,636,12,415,3
2162,9,25,3,0,5,0
528,1,412,276,134,211,2
6522,1,141,176,1,94,2
10378,5,91,0,10,740,17
14528,6,512,48,11,330,3
8884,1,3360,0,138,1713,121
10442,1,1017,0,29,1060,25
3465,1,53,0,0,14,0
2170,1,819,3,15,396,0
1785,2,83,4,1,32,1
11148,1,333,33,23,221,10
2920,4,110,6,2,77,0
4113,5,521,18,14,330,0
10464,1,1246,0,11,531,19
2216,1,243,12,0,199,0
3357,8,10,0,0,5,0
4345,5,86,17,0,59,0
3437,1,67,35,2,29,0
7550,1,434,431,3,391,1
10251,1,512,0,9,192,9
2194,6,79,523,0,193,0
5616,2,21,2,0,12,0
7443,1,4201,7748,352,1682,13
12621,4,13,0,0,1,0
14752,1,108,33,9,35,3
8225,2,20,0,1,17,0
12625,4,13,0,0,2,0
6507,1,1203,0,97,1484,116
14615,9,14,0,0,1,0
6582,1,36,44,0,42,0
11126,1,256,648,13,124,7
13502,1,175,10,3,89,0
3166,1,192,247,0,286,2
1021,1,269,7,0,182,0
11672,1,298,2,6,120,0
14642,1,154,0,0,401,1
7789,6,387,5,1,247,0
12892,1,324,0,149,2261,567
788,1,356,6,0,119,0
1726,2,274,57,4,302,0
11609,3,25,44,0,59,0
14059,1,114,5,3,44,1
11460,3,1022,846,147,770,73
12728,1,484,15,21,247,9
9431,4,121,0,0,15,0
6111,1,6,5,0,6,0
8149,5,11,0,0,8,0
8348,1,500,42,8,281,1
11124,1,386,0,1,206,0
12720,7,16623,0,507,5969,154
8219,1,8,0,0,5,0
9,1,767,245,67,680,8
10778,1,70,2,0,53,0
9009,1,69,41,2,57,1
1469,1,204,187,0,146,0
853,1,626,424,11,346,21
8538,2,162,207,3,297,2
7097,0,337,5,0,144,0
4504,1,81,11,1,56,1
13368,4,148,11,5,81,1
11700,1,180,8,3,66,1
8261,1,1354,753,30,306,0
7577,7,33,0,0,21,0
3241,7,35,0,0,25,1
13335,1,802,0,15,40,15
7660,0,37,0,0,17,0
780,1,16,13,0,12,0
5795,8,893,158,14,150,3
9000,1,809,0,66,510,49
12057,5,138,53,4,71,4
7737,1,163,350,18,73,18
9694,1,519,11,3,158,0
6758,1,26,15,1,35,0
4237,1,1804,3293,71,1540,13
12627,7,128,0,0,64,0
3284,1,375,63,6,235,3
12612,6,757,261,49,411,63
13856,0,128,0,2,39,2
11773,1,223,55,7,119,4
3078,4,292,161,3,152,0
14806,3,4199,0,268,833,127
8513,7,170,198,4,119,2
7313,1,120,47,0,168,2
141,5,83,0,0,50,0
431,2,8,5,0,4,0
11803,1,188,13,1,146,0
12828,1,1060,195,10,805,5
4695,7,93,0,0,66,0
4360,0,15,0,0,27,0
2339,3,930,16,11,219,0
9477,1,409,1470,41,843,20
1664,5,74,0,0,34,0
2142,1,221,1,8,123,0
14311,1,23,0,0,10,0
10506,10,440,21,11,300,8
13497,2,643,0,15,180,1
3499,1,2222,0,129,369,132
14358,1,69,0,1,45,1
1319,5,681,10,6,109,3
6019,3,274,0,4,178,0
2312,6,164,30,0,170,0
9132,1,261,0,0,112,0
3162,1,617,0,68,467,4
5111,1,635,2,5,343,0
5510,10,123,9,0,41,0
1391,1,169,3,0,67,0
4027,1,949,747,33,750,5
6092,5,139,605,20,359,15
4337,1,490,542,5,200,2
7539,2,114,13,1,192,1
1424,1,6,0,0,2,0
6406,0,519,372,18,456,2
10799,1,4016,1217,121,530,229
12280,1,1502,678,171,584,18
5125,1,148,72,2,70,1
1104,1,200,0,6,124,24
11321,1,526,44,1,157,0
8457,1,1908,0,44,537,6
3267,4,44,0,0,15,0
3531,0,210,0,22,585,0
12755,1,174,31,6,203,3
10244,1,67,11,0,51,3
4885,1,322,0,8,229,61
8103,1,3,0,0,43,0
878,0,16,7,0,16,0
13559,1,134,0,1,73,0
11528,2,4506,53,44,946,3
9264,1,309,0,2,129,0
5040,1,1200,1866,414,1211,709
7172,1,1158,0,51,1176,40
9530,8,365,8,0,118,0
4656,1,143,316,0,107,0
7654,3,219,0,2,94,0
903,8,19,0,0,1,0
8850,1,227,0,2,31,1
7948,1,41,0,0,34,0
806,1,1390,0,10,911,27
12919,1,1266,0,25,1568,6
5026,1,133,170,1,115,0
14807,5,42,3,1,45,0
7981,1,36,10,1,23,0
13241,7,1454,1254,46,502,80
13892,1,198,273,1,179,1
12097,1,879,0,21,392,2
5226,1,65,15,5,22,10
7259,1,371,992,6,295,0
7767,1,299,0,1,81,1
9478,1,287,140,3,302,16
14025,1,11,163,0,101,16
6809,3,248,34,90,187,329
10412,1,395,12,4,224,1
2878,1,450,0,0,170,0
7408,4,351,100,1,134,0
2765,3,24,15,0,17,0
12338,1,78,0,1,21,2
12660,5,410,0,8,132,0
4610,1,140,11,1,120,1
3447,1,4804,0,89,4021,17
10337,1,584,1,76,671,0
3207,1,286,18,8,214,2
12410,1,1550,48,31,258,1
885,1,413,517,6,242,5
13416,1,79,0,0,3,0
8209,1,184,58,1,138,1
14668,3,212,80,0,74,0
2852,1,114,0,1,30,0
12678,1,77,0,1,24,0
8062,2,93,5,0,15,1
9885,1,1424,2280,93,977,61
7421,1,225,52,1,138,1
11521,1,501,319,17,333,2
2773,1,45,0,3,33,1
11479,3,1369,638,47,600,74
9719,1,236,0,2,151,0
13097,1,829,0,27,297,1
14401,1,442,21,10,156,4
8475,1,500,94,7,254,2
2594,1,568,0,25,1151,14
14259,1,61,6,0,42,0
5306,1,180,0,0,592,4
12765,1,295,0,3,165,0
11363,0,293,19,16,206,1
7197,1,898,0,15,698,90
14611,10,451,557,7,478,12
3424,1,4,0,0,3,0
13735,1,196,164,6,121,1
9889,1,323,0,1,145,0
1179,1,97,0,0,45,0
988,3,233,0,1,98,0
11082,1,132,664,0,68,2
2958,1,305,0,2,181,0
947,1,58,0,0,33,0
10880,5,862,263,4,318,0
5620,1,7,0,0,6,0
7377,3,189,0,3,110,0
8725,3,62,3,0,35,0
6693,8,44,112,0,49,0
12970,1,611,1403,12,244,1
11621,1,420,0,5,183,0
688,3,3626,0,929,4523,822
8931,1,1100,788,21,754,11
7464,1,163,0,1,242,7
1305,10,5,1,0,2,0
14629,2,46,0,0,29,0
6027,1,20,3,0,18,0
8325,1,186,195,7,74,1
11871,5,122,0,5,194,7
1580,3,188,67,6,98,5
8495,1,449,0,11,168,3
8660,1,124,0,2,204,1
7893,1,1131,19,28,537,5
4871,1,97,0,0,22,0
14411,1,73,0,0,22,0
10698,10,26,1,0,10,0
9052,1,179,0,0,89,0
3910,1,70,31,2,50,0
12784,8,975,0,87,151,5
14355,1,8,8,0,10,0
6926,1,20,11,0,24,0
9647,1,14,0,1,4,0
2236,3,1218,0,30,519,11
6115,3,8,0,0,6,0
10362,1,14,103,1,18,0
4157,1,269,415,3,181,8
13561,1,467,21,1,217,0
13440,1,21,1,0,20,0
163,6,84,104,1,142,22
5617,1,166,0,1,111,0
2258,0,413,389,41,318,12
1430,1,806,0,6,599,0
6973,1,112,0,0,92,0
2601,1,418,143,2,236,6
7823,1,147,37,4,115,1
2200,3,994,0,67,543,0
9645,1,605,1213,10,122,0
9440,1,5,0,1,6,0
478,3,129,1037,4,109,0
14363,1,71,0,0,27,0
6849,1,96,70,0,143,5
7102,4,924,4,31,566,4
3744,2,9,7,0,58,0
13982,1,133,22,12,56,6
9321,1,142,4,0,20,1
13888,1,89,152,1,57,7
11785,5,995,355,7,291,2
10401,1,580,638,34,560,21
1416,1,750,102,3,420,0
13630,1,136,12,0,52,0
3174,1,235,5,0,106,0
2392,1,201,0,0,616,0
11169,1,254,0,7,138,0
6637,1,337,0,1,50,0
5910,1,29,16,0,17,0
7763,1,501,0,7,99,0
144,1,372,1,0,102,1
181,1,1783,2,50,556,34
11671,1,600,11,14,175,1
9900,1,59,5,1,29,0
3196,4,26,8,0,6,0
1529,1,95,0,0,25,1
8900,1,1205,1153,28,520,29
10509,1,702,4,3,106,1
2669,1,259,415,1,179,0
8976,4,25,3,0,21,0
9708,1,92,0,0,69,0
7618,1,133,3,8,66,0
1620,1,103,32,0,56,0
11403,4,90,0,1,40,0
5745,3,36,0,0,16,0
14798,1,56,0,3,20,0
4784,1,146,35,2,107,3
10945,10,2824,0,71,1276,24
11069,3,789,0,17,309,1
7325,1,945,0,18,647,5
8040,1,254,772,9,350,10
6913,5,37,438,0,32,0
11019,1,102,0,2,59,0
5385,8,785,1580,55,583,54
12034,1,184,7,7,36,0
4929,2,80,113,3,376,6
12336,3,289,4,10,565,6
3918,1,2488,0,84,1083,67
6124,1,1811,0,39,1059,9
9705,2,718,1,7,249,1
3705,1,901,0,12,668,0
6873,1,161,0,9,80,6
14227,1,39,199,0,29,1
4927,1,148,23,1,66,0
7622,1,1371,0,58,357,5
8727,1,2091,3009,68,1966,27
14575,1,446,339,0,162,1
10694,1,196,2,2,64,1
12924,2,1436,0,39,337,70
9888,1,37,87,0,53,2
2664,5,241,0,1,227,0
1446,1,105,36,0,92,0
11667,1,556,25,3,126,3
4132,1,579,0,3,143,1
11983,1,133,752,8,308,4
2154,1,7,0,0,2,0
5035,1,1412,28,48,659,33
4618,1,74,228,1,57,3
2328,1,123,3,1,66,0
3661,1,335,0,285,213,8
13841,1,90,88,0,46,0
5252,1,3334,9,38,363,7
4006,1,216,422,1,222,1
14333,3,111,0,1,52,0
8014,0,103,307,1,134,0
14239,2,102,0,0,39,0
14557,1,230,0,0,31,0
8311,1,106,86,0,91,0
5639,5,152,0,9,43,0
3639,1,97,152,1,104,1
1764,1,431,0,17,285,9
9201,3,985,0,22,393,2
14066,1,49,9,0,20,1
13996,9,221,0,1,35,0
7735,5,1838,0,39,1163,1
14765,1,97,0,0,26,0
5175,1,375,4989,17,526,31
7872,1,999,53,17,424,2
11972,1,27,3,1,14,0
8967,1,399,170,0,312,0
10154,1,3292,0,73,426,26
11634,1,674,229,6,508,0
10870,1,515,0,9,201,13
6632,1,509,450,2,106,1
4740,1,612,35,3,113,0
6794,4,56,15,0,32,1
9644,1,153,25,5,116,5
10076,1,3124,952,203,821,320
1923,1,1352,0,25,1536,16
5197,2,432,0,7,389,5
3894,7,64,0,2,55,1
3121,1,250,1,2,156,0
10642,1,1398,3,16,382,0
10227,3,2212,656,50,985,0
14246,0,100,367,5,133,25
13698,1,37,14,0,26,3
10873,1,257,450,5,248,6
14570,1,136,446,0,173,0
9319,1,612,77,210,456,4
12857,1,1413,842,50,380,20
9881,2,1206,876,58,891,10
2639,1,1229,180,10,538,4
1043,6,16,0,0,13,0
4380,1,138,0,0,80,0
4604,1,1619,0,9,490,2
12655,1,92,104,0,90,0
14674,0,15,3,0,12,0
3053,8,2144,1780,49,726,66
11977,1,5709,5131,111,3341,72
7451,1,79,2,0,39,0
14277,1,568,6,5,446,33
13897,1,83,45,0,27,0
1153,1,607,0,3,279,1
4819,1,365,0,5,246,1
6498,1,13,0,0,1,0
6051,10,29,0,2,24,0
14364,1,457,0,2,247,0
943,1,225,334,3,145,2
8607,8,300,0,14,477,19
443,1,44,73,0,65,1
2647,3,27,43,1,65,1
10212,1,51,1,0,18,0
5191,3,711,0,11,130,5
8096,1,519,0,4,430,0
6436,1,31,0,0,24,0
12100,1,1483,0,10,530,0
710,3,318,239,38,120,38
966,2,377,0,2,83,0
4220,1,376,222,5,240,4
11833,1,1381,0,111,1057,33
4597,1,101,26,0,64,1
4978,1,79,0,0,84,0
11328,0,40,1,0,29,0
8273,1,98,0,0,86,0
8883,1,27,4,0,40,0
14167,1,178,0,0,55,0
12673,1,562,77,12,203,8
8819,1,12,13,0,7,0
4120,4,17,0,0,3,0
11815,1,7,11,0,7,0
12549,1,706,0,16,479,8
14258,1,865,86,6,207,0
3924,0,80,13,0,29,0
14273,7,38,1,0,21,0
4947,1,18,6,0,17,0
263,1,54,0,0,17,0
2436,1,852,58,9,428,7
3039,1,1043,103,15,466,12
533,1,96,53,0,77,0
4051,1,57,0,0,25,0
7469,1,891,0,30,806,28
59,1,228,181,0,57,0
8951,1,335,200,0,208,0
1349,1,390,0,10,197,10
8352,1,228,5,1,77,0
2090,1,1248,0,44,1199,2
5214,5,166,22,0,49,0
11990,1,81,0,5,29,3
3539,1,606,0,3,77,0
11177,2,13,75,0,43,0
10571,2,13,3,0,10,0
14430,1,116,0,0,19,0
9168,1,12,0,0,6,0
14242,1,309,256,3,155,0
12483,1,108,4,0,79,0
5389,4,33,1,0,22,0
9968,2,10,0,0,4,0
4599,7,328,53,1,104,0
13623,1,59,1,0,14,0
11060,1,181,591,0,128,0
8452,1,352,0,2,219,0
11699,1,1179,1,63,276,4
13017,1,519,3194,24,497,14
13585,7,25,0,0,2,0
8174,3,2183,0,10,673,0
3489,1,6465,1140,23,732,1
13842,4,8,0,0,1,0
12497,0,116,17,1,48,0
2125,1,44,0,0,16,0
12119,1,244,51,1,74,0
3945,1,8,5,0,10,0
12698,5,249,0,0,2,0
12011,2,658,1,11,327,0
14744,0,24,4,0,8,0
13030,1,514,6,19,103,0
1365,1,67,0,1,7,0
11267,1,398,545,1,315,16
11855,1,70,0,3,58,0
9581,1,331,138,10,154,13
14708,7,257,0,1,49,0
306,1,245,125,1,40,0
6324,1,1403,0,32,602,1
3182,1,122,17,1,112,0
246,3,51,0,0,26,0
11988,1,14,0,2,17,0
3025,2,16,1,0,20,0
5299,1,33,25,0,67,0
9933,1,531,0,10,72,1
9534,1,1298,0,89,686,5
3082,2,414,0,1,519,2
3974,3,90,0,2,35,0
14398,1,46,51,0,72,0
9925,4,128,0,0,84,1
1561,3,142,0,1,53,0
8705,1,1914,0,77,2459,44
11789,1,131,191,2,146,2
6701,2,442,2,0,86,0
11137,9,14,46,0,8,0
10106,1,246,0,2,130,8
882,1,115,0,0,64,0
4124,1,22,0,0,16,0
7155,1,59,3,1,25,0
11243,1,573,3,5,833,2
1241,1,104,1106,7,308,12
11646,1,1209,545,20,270,11
8315,5,136,23,5,60,0
7915,1,46,78,0,31,0
4164,0,19,0,0,1,0
4260,1,91,0,1,55,0
6993,1,246,23,6,99,1
14009,4,90,0,0,47,0
4970,5,1012,452,39,291,34
7286,1,23,35,1,16,1
976,6,39,0,0,10,0
3869,2,21,0,0,12,0
2326,0,13,0,0,1,0
10848,1,6,4,0,6,0
14785,1,56,0,0,45,0
11674,6,35,10,0,24,0
11245,4,15,9,0,12,0
6912,1,896,431,12,466,0
1453,1,54,15,1,46,0
13020,1,554,777,7,292,0
3392,0,318,168,2,118,3
14346,1,27,0,0,18,0
11520,1,1450,1262,33,859,55
14728,1,81,18,0,88,3
14050,8,62,0,3,79,4
5004,1,212,111,3,494,0
3269,1,487,0,4,203,0
11252,1,111,8,14,194,12
6574,1,507,214,0,204,0
4044,2,17,1,0,12,0
10188,5,1246,459,29,206,1
12178,1,544,324,18,357,0
7486,1,167,56,3,119,0
1517,1,983,36,22,380,18
3133,1,18,39,0,14,0
10025,0,1258,0,24,374,14
13421,1,258,38,0,128,0
324,2,6,0,0,1,0
8774,1,103,90,0,33,0
6399,1,133,0,1,81,0
2947,1,105,0,0,58,0
236,1,120,0,2,94,0
12709,0,161,1,5,51,0
5724,1,719,0,29,768,250
10328,1,420,516,4,641,4
7067,4,13,0,0,3,0
11092,3,16,7,0,22,0
7149,1,381,0,18,407,16
9153,2,7,0,0,1,0
7615,1,807,289,5,465,0
11763,1,938,2830,88,923,90
11912,1,1839,21,50,1053,0
567,1,84,46,0,37,0
4454,1,479,0,30,1004,0
13125,1,401,890,12,218,3
4612,3,394,352,12,273,4
14162,1,689,508,4,788,20
8131,1,458,390,8,646,18
3857,1,109,111,1,112,5
3959,1,11,0,0,11,0
3779,1,582,0,8,403,5
12271,1,3424,193,15,838,7
4687,1,88,0,0,13,0
6314,1,67,7,1,26,1
2511,1,1365,0,52,946,189
7676,1,521,1038,11,336,8
10059,1,219,0,9,139,0
8361,1,77,0,0,49,0
6017,1,27,0,0,5,0
14022,1,231,0,3,45,0
10553,1,523,89,19,118,13
14031,1,196,0,1,41,0
5537,1,514,8,2,266,1
3778,4,36,0,0,15,0
7277,1,101,1,0,57,0
4156,1,1024,3,14,158,5
5871,0,17,10,0,26,1
2072,0,275,5611,5,307,2
13013,5,255,367,10,210,19
12911,5,1047,0,18,206,8
2494,0,251,0,0,22,0
13956,0,18,0,0,1,0
5767,1,5,21,0,4,0
6916,3,478,0,4,259,0
9983,1,1225,200,73,275,73
6319,5,159,12,1,51,1
927,1,33,0,0,21,0
12553,5,2851,0,126,1028,126
855,1,33,0,0,4,0
6804,1,479,19,13,221,0
11986,1,6,6,0,2,0
10126,0,998,0,21,391,10
8559,1,52,1,0,44,0
4121,1,131,0,0,47,0
11586,1,33,0,1,18,0
4099,1,1694,0,14,456,34
13492,1,1172,0,10,557,1
13602,1,30,0,0,24,0
12634,1,311,218,4,144,13
5686,1,335,30,8,146,1
1688,1,23,0,0,11,0
1051,2,93,1,0,69,0
3750,6,37,0,0,51,0
4004,2,139,1,0,32,0
14209,2,16,0,0,6,0
8378,2,63,112,0,40,0
4935,2,451,480,17,867,1
3629,1,631,1,55,265,0
1136,1,36,0,0,12,0
377,1,15,0,0,4,0
6487,1,149,2,1,19,0
11744,1,90,5,0,44,0
1371,1,31,0,0,5,0
6682,1,63,84,6,105,3
7844,1,405,0,0,160,0
3505,1,92,22,0,88,0
9977,3,632,0,13,353,14
7851,1,82,0,1,70,0
14316,1,298,0,0,121,0
9730,1,15,0,0,10,0
756,1,131,1,1,42,0
9281,3,16,0,0,8,0
8677,1,76,0,0,50,6
11101,1,20,35,0,14,0
5466,1,77,47,0,169,22
5716,3,1065,0,7,103,0
469,1,164,89,1,129,1
6359,1,177,129,0,171,0
5285,2,28,0,0,19,0
8039,4,11,8,0,8,0
11749,1,303,9,2,219,0
13791,1,31,0,0,10,0
11842,4,419,0,6,163,0
6295,5,204,0,2,107,2
9194,1,54,91,1,73,0
9856,1,763,0,34,570,118
1194,1,305,113,1,195,0
13603,1,197,410,2,149,2
7674,1,526,0,11,390,17
53,1,77,210,0,111,0
12515,3,25,1,1,8,0
6945,1,305,84,27,612,7
1493,1,6,0,0,8,0
6571,3,616,20,4,317,0
2270,8,17,0,0,15,0
14329,1,64,11,0,63,0
3506,9,61,0,0,27,0
10372,1,339,13,1,99,0
14565,6,439,0,1,202,2
2868,1,527,54,18,274,0
4941,6,74,5,1,26,0
9550,3,24,216,0,103,1
1284,4,83,44,3,48,1
598,3,122,28,1,75,1
10100,7,91,21,3,40,1
185,3,33,40,0,25,1
5704,1,167,0,1,126,0
2106,1,78,0,3,136,29
3681,1,78,180,1,61,2
871,1,195,12,1,144,0
1060,0,23,1,0,4,0
5652,2,55,0,0,46,0
5623,1,14,0,1,10,0
1955,1,958,0,6,446,0
2143,1,114,117,0,130,0
8505,1,33,5,2,28,0
4047,1,374,0,18,312,5
9732,6,283,42,5,136,4
4958,1,384,0,717,153,34
5936,1,224,207,17,232,97
13657,1,123,2,2,34,1
12793,6,95,0,25,33,2
10552,9,30,7,0,7,0
4084,1,687,423,14,628,3
2182,1,39,0,0,11,0
14336,0,41,1,0,33,0
7427,1,209,563,3,123,1
10631,1,5292,0,468,1426,1
14554,1,14,10,0,21,0
14262,3,99,1,2,16,0
2238,1,21,1,0,9,0
8846,1,520,1,0,230,0
5142,1,89,17,0,70,0
4161,3,110,0,0,57,0
2674,1,601,143,19,558,12
9658,8,216,21,13,158,16
3243,3,12,0,0,8,0
7272,1,210,45,1,94,0
8698,1,84,40,0,40,0
6573,3,318,85,8,146,6
2040,1,436,4,9,363,2
14626,4,84,0,0,13,0
2084,2,153,0,1,286,0
2297,3,10,1,0,28,0
3393,1,201,0,3,214,2
10275,2,31,42,0,68,1
5414,4,34,0,0,18,0
9309,10,7,0,0,6,0
771,1,67,0,1,58,0
2204,1,857,109,14,430,0
14467,1,297,983,2,133,1
7441,1,183,0,0,89,0
3589,1,396,5,1,183,0
4280,2,263,6,1,116,2
5579,1,196,38,1,99,0
14475,6,99,0,0,36,0
10094,1,42,0,1,78,3
7631,2,27,4,0,13,0
6706,1,81,53,1,79,0
3644,1,365,0,5,592,8
6521,1,206,0,9,246,3
6928,1,58,0,0,30,0
13004,1,403,0,26,451,116
669,1,663,370,16,475,9
11333,1,771,0,100,797,79
4905,4,129,0,1,75,0
2483,1,634,891,16,350,19
6030,7,217,3,0,19,0
9803,1,1053,0,70,948,84
481,1,143,39,0,83,0
8918,5,676,28,8,299,1
13127,1,644,0,33,279,0
11473,0,28,1,0,19,1
753,1,93,0,0,70,0
12972,3,627,12,12,243,3
1815,2,383,0,2,88,0
14244,1,25,0,0,2,0
9348,0,5,0,0,6,0
4144,1,446,1,0,12,0
1059,0,10,4,0,5,0
4854,1,182,146,2,115,0
8217,1,48,3,3,43,3
10294,1,54,0,0,11,0
3106,2,28,0,0,29,0
67,0,14,0,0,7,0
14118,1,884,0,12,960,0
1704,1,310,0,1,135,0
1383,1,32,16,0,26,0
4335,1,109,195,0,69,0
13392,1,352,54,12,143,7
7269,3,576,47,2,312,1
13340,9,69,1,1,7,0
12622,4,21,12,0,10,0
8944,1,170,8,0,79,0
6674,1,1128,0,33,275,2
12310,1,113,0,6,31,0
529,1,283,138,0,151,0
12688,7,62,9,0,12,0
8984,1,285,0,3,43,4
11218,1,243,11,0,32,0
6196,1,201,742,4,388,1
9262,2,50,122,0,142,0
5089,1,28,0,0,23,0
7400,1,159,145,2,158,0
14694,1,390,0,2,154,2
14300,1,89,0,1,23,0
13338,1,430,2290,37,449,149
1921,1,275,0,0,237,0
1626,1,131,73,1,177,3
6975,1,38,0,21,2833,66
10038,1,9,0,0,9,0
432,2,134,0,0,58,0
2185,1,25,0,0,48,0
13862,1,719,0,14,330,5
2488,1,485,460,8,300,4
7024,1,603,400,4,292,2
8730,1,395,450,2,328,1
13430,0,33,8,0,16,0
9771,1,1725,0,1,68,0
14037,1,53,39,0,15,0
4104,1,398,6,0,5,0
14153,1,183,0,0,31,0
2225,4,24,0,0,15,0
9832,1,34,6,0,8,0
1696,1,653,0,13,235,1
13175,8,1393,84,131,1515,243
4820,1,9,5,1,9,0
883,1,426,52,2,181,1
3975,0,99,0,2,29,0
7166,6,89,313,0,67,0
13056,1,522,463,20,133,11
9798,0,5,0,0,5,0
14693,0,9,0,0,3,0
536,1,66,0,0,30,0
12315,1,373,1177,1,206,0
5647,1,783,1474,19,406,11
13024,3,1249,425,73,418,35
14441,7,63,39,0,62,1
14406,5,10,0,0,0,0
9026,7,512,145,20,309,0
13814,1,162,1,1,72,0
3270,1,60,176,0,41,0
11653,1,112,304,0,167,0
5303,1,438,2317,3,398,10
3273,1,110,15,0,40,0
4803,5,10,0,0,8,0
14102,0,54,310,2,42,4
7585,1,57,6,0,38,0
6472,1,496,48,17,341,0
405,1,374,0,17,342,4
8840,1,706,0,0,22,0
3732,1,94,3,18,61,0
10763,1,1572,0,63,643,18
13937,1,199,31,4,106,3
8454,1,255,0,0,32,0
6367,6,1508,219,4,194,2
9661,1,259,45,3,677,6
9220,1,54,0,0,37,0
5721,3,25,0,1,14,1
8280,0,15,0,0,7,0
13675,0,253,2546,1,108,2
9475,6,1470,1449,88,1085,43
9638,1,235,7,2,135,0
14295,1,211,0,5,96,0
10775,0,78,0,0,18,0
5208,1,484,52,3,180,5
9341,1,19,20,0,16,0
6558,1,27,0,0,8,0
9513,2,152,12,0,195,0
3631,1,19,0,0,14,0
592,1,308,96,3,203,1
5717,1,794,554,14,436,0
7762,1,58,113,0,63,1
1111,3,16,4,0,66,0
13422,0,16,1,0,7,0
10386,1,686,0,4,332,0
10673,1,630,0,32,371,0
10417,3,792,0,23,351,7
5228,1,17,0,0,3,0
851,1,54,15,0,13,0
11086,1,73,0,1,41,0
2658,1,100,0,3,44,3
5158,1,270,4,6,200,1
8100,0,277,0,3,113,0
4152,0,19,115,0,52,0
13553,1,58,0,3,233,2
1866,1,8,0,0,2,0
5512,2,53,12,0,36,0
14577,1,294,102,13,181,10
14298,4,20,1,0,1,0
13073,2,19,0,2,10,0
9465,1,1026,32,4,472,0
3955,9,42,1,0,13,1
14103,1,7,1,0,1,0
1197,1,500,157,6,229,8
11468,1,691,1004,32,505,9
5215,1,332,0,2,354,5
6687,8,8,0,0,52,0
266,1,75,35,1,69,0
6923,1,73,41,3,62,0
7687,3,11,0,0,5,0
5621,1,100,0,0,20,0
14546,1,587,9,3,274,0
3667,4,82,0,0,21,0
14745,1,32,529,4,18,0
12674,1,701,0,12,301,10
6870,1,18,3,0,17,0
11548,1,202,70,4,80,0
10618,0,84,3,0,35,0
4864,1,298,0,4,168,2
14138,5,12,0,0,1,0
5878,2,44,5,0,27,0
9156,6,15,0,0,12,0
8407,1,264,0,1,195,1
7702,1,515,0,14,410,25
10745,0,1214,0,16,322,0
83,0,41,0,0,16,1
5520,1,171,25,0,107,0
14582,1,24,0,1,8,0
9008,1,7,4,0,7,0
6594,1,960,0,201,812,60
10904,1,63,0,0,28,0
3471,1,532,515,21,433,17
13374,1,40,0,1,37,0
1419,1,126,58,0,91,1
14764,1,102,112,5,213,5
5057,1,78,0,0,36,0
6671,1,307,2072,8,552,1
80,7,36,0,0,32,0
7090,2,57,10,0,30,0
6512,0,12,0,0,5,0
1372,1,22,38,0,41,0
4893,2,4564,0,31,1127,0
9414,1,306,225,0,163,0
13617,1,62,5,1,36,0
7437,1,21,19,0,10,0
5464,1,692,0,14,338,1
1724,1,19,0,0,17,0
10947,2,283,0,0,111,0
11260,1,9,11,0,17,0
1415,1,401,0,0,212,0
5445,7,8,4,0,19,0
3210,0,8,1,0,3,0
8271,1,144,144,2,135,16
6864,1,75,0,0,231,1
3547,1,349,152,0,146,0
11391,1,32,0,0,9,0
7210,1,261,0,1,45,0
4304,10,153,175,6,100,0
4194,6,8,5,0,10,0
2874,1,39,0,0,58,0
7903,1,11,27,2,22,0
10661,1,488,3,20,213,0
14396,1,13,5,0,7,0
9166,1,744,193,3,246,0
2504,1,33,0,0,31,0
2790,1,104,1,0,86,0
2577,1,93,0,8,60,4
14290,1,136,0,5,11,0
6800,1,93,0,0,161,0
6796,0,11,0,0,4,0
2815,1,1430,8,77,431,59
2034,1,95,8,0,44,0
14018,1,75,87,0,53,1
201,2,18,0,0,12,0
10746,1,2198,878,149,754,53
5264,1,47,0,2,226,2
1631,1,33,23,0,23,0
1050,0,34,5,1,18,0
1477,4,77,10,1,74,0
12899,2,191,294,5,80,1
3264,1,43,0,0,37,0
913,1,743,1,4,407,0
1552,1,46,1,0,30,0
13297,7,262,219,20,182,2
12675,0,693,0,5,161,0
4151,1,82,54,0,47,0
7118,3,35,0,0,17,0
9071,1,35,0,0,26,0
9404,1,487,0,11,451,8
13875,1,30,0,0,84,0
10681,3,19,1,0,8,0
2889,7,776,14,25,419,3
14065,10,25,10,0,11,0
5322,1,490,0,3,241,3
12886,1,657,0,78,472,64
10287,1,137,205,0,60,0
149,9,49,0,0,8,1
4628,1,58,0,0,30,0
7722,2,135,216,4,137,8
12925,1,99,0,10,24,3
826,1,838,0,21,657,27
6258,3,471,2406,11,385,1
7659,1,31,314,2,328,5
10074,3,990,1766,99,1193,73
7003,1,8,0,0,12,0
3299,1,381,737,5,286,7
10413,10,1845,0,134,509,47
10346,1,55,0,2,4,0
4271,1,143,107,0,110,0
14054,1,100,897,6,182,3
14159,5,247,0,0,1,0
79,1,33,0,1,44,0
8316,1,53,0,0,37,0
11859,1,452,581,4,568,48
2845,1,87,81,0,59,0
463,1,33,1,0,31,0
13271,1,306,1,7,107,0
6183,1,682,0,20,216,1
4456,1,70,0,0,4,0
519,1,1363,0,32,672,37
1537,1,382,0,1,100,0
9119,2,13,0,0,10,0
7309,1,535,22,3,400,2
3141,2,353,1589,1,252,2
2384,1,80,0,0,31,0
3272,1,78,0,0,54,0
13816,1,9,2,0,8,0
3248,1,240,14,11,204,6
13321,10,1169,0,32,51,2
10268,10,169,0,1,50,0
4187,1,129,0,0,103,0
7847,1,168,406,6,303,13
7094,0,213,0,7,87,2
8342,1,141,6,0,29,0
6814,1,186,30,6,63,0
5010,9,167,33,5,149,10
14617,0,14,0,0,7,0
3084,1,39,5,0,19,0
1588,1,276,0,4,340,13
2836,1,1530,63,16,1081,2
12773,1,200,0,30,90,2
8657,1,47,0,0,18,0
1178,7,64,24,0,18,1
2321,2,5,8,0,8,0
9322,1,4303,2669,177,1803,67
10695,3,142,68,2,72,0
10222,6,280,0,0,119,0
952,4,24,0,0,2,0
4227,1,1704,127,47,693,2
14127,1,61,0,1,48,1
10582,1,188,5,1,67,1
7397,3,6,4,0,1,0
3677,1,377,0,0,13,0
12862,1,3442,0,271,2447,741
10388,2,11,0,0,7,0
14545,1,203,5,0,109,0
8569,2,174,0,2,73,1
5124,6,341,0,2,233,0
14110,4,170,0,6,70,0
2901,4,1879,0,98,750,99
8188,0,40,0,0,18,0
1003,1,74,0,1,84,2
14517,1,246,0,13,450,71
1413,1,932,0,15,674,2
260,1,168,5,0,106,0
12837,8,1392,0,46,277,20
231,0,300,249,0,50,0
2302,1,50,9,0,22,0
572,4,230,63,1,70,0
2296,1,21,12,0,7,0
5394,1,41,3,0,40,0
1542,5,145,22,0,27,0
4348,0,504,17,22,170,11
5981,0,130,3,0,27,0
11596,1,29,4,1,33,0
532,3,14,3,0,6,0
8592,1,147,117,10,219,26
13248,0,969,0,73,436,4
1439,1,30,0,1,22,0
8945,1,394,25,12,78,4
2997,1,517,449,13,334,7
14193,1,55,20,0,63,0
12883,0,180,1,14,103,0
10266,10,20,37,0,68,10
12370,1,56,0,0,48,0
1648,1,511,49,1,76,0
8208,4,11,5,0,9,0
10467,4,153,6,2,74,0
13541,2,148,0,2,36,0
3254,2,12,11,0,28,0
919,1,1881,0,45,651,2
154,1,82,84,2,66,2
8740,1,392,614,4,200,1
6713,1,23,0,0,5,0
2155,2,21,0,0,14,0
14760,7,210,0,4,29,0
4769,1,1221,362,57,239,109
13539,7,166,0,0,146,1
10204,8,207,0,1,89,0
1272,1,2187,3304,90,2714,145
315,1,68,10,0,30,0
12216,0,707,0,92,230,0
5569,2,10,4,0,6,0
1382,4,8,0,0,2,0
8276,2,115,10,1,102,0
4193,6,88,0,0,114,0
11725,2,31,1,0,12,0
13336,6,69,0,3,37,4
8423,1,547,0,7,781,85
1855,1,278,6,2,189,1
3892,1,1061,387,3,718,10
5935,5,1009,0,25,363,4
458,1,1051,343,138,469,85
5122,1,271,0,6,132,0
14715,1,484,5,1,254,0
13246,1,257,169,2,178,3
9837,8,268,0,14,44,7
7005,1,97,0,0,64,0
6549,1,161,395,3,259,6
10577,3,68,3,1,311,1
1914,1,253,0,0,9,0
8638,2,126,23,0,55,0
3913,1,88,48,0,46,0
12325,1,451,1,1,59,0
13455,1,169,24,1,44,0
1087,1,34,0,0,20,0
2400,0,33,10,1,14,0
803,1,448,0,8,265,0
9588,0,9,0,0,1,0
8790,1,26,19,0,15,0
8690,7,58,0,0,2,0
2532,1,1075,0,40,430,0
6526,4,7,7,0,8,0
596,1,79,0,0,50,0
6528,1,336,0,9,860,91
7229,3,379,97,5,282,1
10670,1,211,85,2,117,2
11898,3,459,93,4,263,4
381,1,24,69,0,14,0
3686,1,108,0,0,11,0
1737,2,49,36,0,35,0
1459,2,17,6,1,13,0
3146,4,120,18,0,37,0
5551,1,616,0,11,700,37
11913,3,1257,1109,24,547,0
9044,1,17,12,1,30,1
9379,4,14,1,1,7,0
4933,1,21,89,0,173,0
6383,1,63,127,0,83,0
6342,1,655,0,81,277,15
1016,2,352,129,3,280,3
8553,3,14,8,0,13,0
11043,1,252,289,6,113,3
7234,1,68,0,0,18,0
8401,1,133,1,0,51,0
2602,1,946,235,30,1108,22
9226,2,435,1,0,54,0
6301,10,1804,0,68,2167,4
10234,3,700,0,0,397,0
3026,1,591,956,3,275,27
5534,1,127,121,0,140,0
5119,1,224,41,9,232,0
10738,1,137,0,6,70,1
10965,3,13,4,0,11,0
9931,1,27,9,0,10,0
6684,3,800,423,70,482,0
7140,3,104,1,1,23,0
1183,1,1658,1756,28,1960,30
1594,1,118,112,4,101,1
14342,5,459,0,7,80,0
2209,5,74,27,1,43,0
7688,1,26,0,0,13,0
6085,0,146,125,1,69,5
11668,1,222,23,7,180,9
2895,1,46,0,0,35,1
7907,1,1289,0,92,966,267
14586,3,28,0,0,31,0
14571,1,207,81,1,305,0
3641,1,1178,0,33,995,29
10065,2,415,634,12,283,23
6212,6,257,596,5,206,4
11588,4,66,0,1,70,0
14739,1,28,1,0,14,0
13250,1,749,103,4,338,0
9533,1,198,2044,10,201,8
6988,1,245,134,2,160,1
3957,1,60,0,1,23,0
8983,1,85,9,0,85,2
12240,8,256,221,17,176,25
5032,2,14,0,0,10,0
5327,3,26,0,0,8,0
6504,1,460,268,1,128,0
12623,10,80,0,1,6,0
6723,1,42,32,0,39,0
3342,3,21,2,0,5,0
7997,1,967,524,3,534,4
7880,1,1562,7,10,849,1
4940,1,222,0,0,120,0
4246,1,14,0,0,14,0
11015,1,14,26,0,14,0
14688,1,48,0,0,7,3
10055,1,124,0,0,112,0
14506,1,18,0,0,7,0
2396,1,44,151,1,44,26
12094,1,483,157,5,275,0
2609,3,120,6,1,76,0
7831,1,191,1,10,95,2
5693,8,299,84,22,66,5
8767,0,46,0,0,8,0
6647,2,9,0,0,1,0
3632,0,12,0,0,1,0
14700,1,165,0,0,123,0
10112,1,97,0,0,74,0
6361,1,1576,0,23,889,28
6754,1,53,2,0,11,0
9718,1,90,0,1,41,0
6901,10,19,0,0,15,0
14056,8,69,0,0,2,0
4836,3,66,0,0,10,0
2794,1,781,610,12,291,27
8590,1,99,49,1,58,0
5371,1,28,1,0,4,0
5211,0,15,30,0,15,0
8488,1,46,0,0,38,0
7458,1,494,1,12,175,4
9408,2,54,0,0,18,0
10480,1,630,158,8,201,1
10070,2,7,0,0,3,0
7532,1,343,0,3,206,21
3973,1,89,0,4,77,2
9505,3,25,2,0,5,0
4921,1,28,0,0,5,0
134,4,98,0,0,22,0
11174,1,39,73,0,34,0
4163,1,176,1,0,7,0
12620,4,16,0,0,4,0
10863,1,167,73,0,100,0
14272,1,16,0,0,194,1
14537,7,7,0,0,1,0
9750,6,1221,334,108,736,7
2298,2,32,62,0,29,0
9373,5,37,0,0,14,0
6270,1,469,91,4,295,0
2383,4,31,0,0,16,0
66,1,654,297,25,520,19
8587,1,645,993,26,641,33
6376,1,192,466,39,192,17
13003,1,177,21,18,83,2
6541,2,74,0,1,56,0
4580,6,18,0,0,18,0
7265,1,579,0,4,51,0
2224,1,268,401,4,171,3
13463,1,21,2,0,13,0
11843,1,10,32,0,56,2
14746,1,348,726,5,236,25
1147,1,38,116,2,56,7
9979,1,143,2,0,16,0
1219,10,26,0,0,9,0
1318,2,481,139,2,240,0
13119,1,1049,65,32,384,4
8487,0,69,1,5,23,0
14562,1,21,0,0,37,0
208,1,305,2,2,252,0
6256,4,11,1,0,13,0
6306,1,9,0,0,2,0
916,1,190,618,2,120,3
12697,1,330,0,4,114,1
6100,1,372,5492,155,1063,504
4797,0,87,37,0,56,1
2252,2,302,21,7,125,5
5562,1,421,804,15,398,53
8974,1,2073,280,3,845,0
14650,4,1089,0,2,131,0
1996,5,181,74,3,75,3
7049,3,433,49,9,86,0
10937,2,31,3,1,26,0
11816,1,59,0,0,25,0
1190,1,17,0,0,9,0
3090,1,29,0,0,4,0
12464,1,38,1,0,22,0
876,8,9,0,0,2,0
5224,2,118,0,2,70,1
3871,1,2185,39,44,743,15
1263,4,40,0,0,11,0
12401,7,20,0,0,2,0
2528,3,265,44,2,126,0
11677,2,571,12,4,313,0
10347,1,33,0,1,17,0
12692,5,172,223,0,369,1
3149,6,33,0,0,13,0
1538,3,178,93,1,123,0
9899,2,58,0,0,28,0
14075,1,334,0,0,13,0
1989,1,628,420,40,213,17
13801,1,11,3,0,6,0
11407,1,420,11,0,39,0
1903,5,29,0,0,15,0
12616,4,13,0,0,1,0
1046,1,577,2374,10,456,0
12222,1,204,16,5,175,0
1381,4,6,0,0,1,0
8687,2,42,4,1,32,1
1820,1,149,0,0,106,0
12404,1,30,0,19,534,41
1433,1,424,0,1,214,0
10202,6,16,0,0,7,0
2918,3,556,0,8,338,15
4730,1,125,0,0,27,0
2036,1,210,328,2,145,0
7403,3,28,123,0,95,0
1543,3,12,0,0,2,0
12313,1,1133,0,30,1298,23
14738,1,237,0,0,61,0
10704,1,288,1,17,91,6
13671,6,53,6,2,55,2
4070,1,36,0,0,5,0
7209,6,6,0,1,51,0
9657,1,629,0,0,23,0
8602,8,125,1,0,40,2
5404,9,17,2,0,15,0
2493,1,360,54,2,258,0
3535,1,108,0,0,69,0
6481,2,747,0,22,294,3
2915,1,264,15,7,83,0
8756,1,377,335,3,282,14
11029,1,135,77,0,106,1
4805,2,36,99,1,44,1
3519,3,119,574,2,122,0
6167,1,486,779,12,481,10
14094,1,101,319,1,140,8
961,1,49,2,0,32,1
9020,1,712,0,56,551,55
10839,8,245,0,19,77,0
7062,1,236,53,0,155,0
1353,1,246,0,1,182,0
6751,1,84,143,0,74,0
13155,1,298,50,6,92,6
9898,7,7,0,0,4,0
5678,1,546,0,27,521,15
26,1,47,0,0,30,0
11175,1,363,0,3,453,3
6284,1,101,70,0,81,0
11121,1,33,0,0,28,0
6322,1,262,57,3,185,3
13715,1,15,0,0,8,0
5865,4,9,0,0,5,0
8736,1,230,0,0,135,0
5666,1,64,7,0,55,1
8567,1,180,0,5,85,3
7825,1,23,31,0,9,0
13650,5,13,0,0,7,0
14404,4,12,1,0,36,0
10426,6,399,0,16,168,1
1723,4,206,4,5,107,4
13270,1,251,385,1,249,5
3676,1,739,12,0,47,0
12702,5,36,33,1,45,1
2157,1,1262,0,21,1043,27
7731,7,3657,4,2334,1573,89
9082,1,102,87,2,65,2
1829,2,191,0,5,88,1
1966,1,1169,42,1,760,0
14726,1,424,9,1,78,0
574,1,694,0,10,294,7
11056,1,23,0,0,3,0
13320,1,84,62,1,16,2
8049,1,631,336,6,349,2
1686,1,105,11,0,27,0
12245,1,641,98,14,233,0
2273,1,15,1,0,13,0
11406,1,157,86,0,64,0
3657,1,258,237,8,132,7
13273,5,894,0,7,189,0
8979,1,93,109,2,115,7
5622,1,128,0,0,86,0
6427,1,5,0,0,1,0
2974,1,541,0,7,594,8
14395,1,647,122,11,138,21
2996,1,319,1278,22,679,269
7738,3,742,227,8,803,8
718,8,73,10,0,36,0
9261,3,41,0,2,26,0
7610,1,779,0,32,563,0
9643,1,119,13,0,45,0
11200,1,98,14,1,81,1
14074,1,41,7,0,16,0
7280,5,864,176,191,409,775
6725,1,87,17,0,37,0
5273,3,514,6118,94,4783,259
9410,1,185,236,1,187,15
72,3,8,0,0,1,0
5513,2,13,2,0,12,0
7986,1,1862,0,206,1153,731
14061,1,242,44,1,11,0
14126,1,129,17,1,69,0
6642,1,15,0,0,5,0
11094,2,23,16,0,19,0
957,1,160,67,1,110,0
3396,1,239,0,0,34,0
5884,1,116,52,0,84,0
11033,1,146,37,1,118,0
8497,1,29,0,0,24,0
51,1,52,19,0,46,0
5170,9,72,9,0,29,0
4197,10,23,0,0,17,0
9869,3,11,0,0,5,0
888,4,148,0,1,21,1
1182,3,5,2,0,5,0
14443,1,120,2,1,95,0
1630,1,54,8,1,42,0
4723,3,70,0,0,32,0
7662,0,12,0,0,10,0
9251,4,7,0,0,23,0
4159,1,305,186,13,161,7
12582,1,89,2,0,71,0
8697,1,6,0,0,1,0
8542,1,643,277,6,152,3
11932,1,458,1,0,89,0
10975,1,651,629,22,321,10
14431,7,12,0,0,1,0
1853,1,948,365,27,297,7
4406,1,696,1564,8,906,9
230,1,66,37,0,56,0
8446,1,681,335,25,568,14
5039,0,1014,613,16,455,30
4741,4,10,42,0,15,0
793,1,3614,0,27,1773,6
7672,1,29,31,0,20,3
11465,1,754,114,21,456,0
3362,3,70,0,0,27,0
3015,1,3253,0,89,1223,2
192,0,47,41,1,47,0
7747,1,86,0,0,68,0
2434,6,61,0,0,40,0
14448,3,12,0,0,2,0
4630,1,397,0,0,198,0
1468,1,35,0,0,27,0
4635,1,217,7,6,37,1
4828,2,8,0,0,4,0
7708,9,51,0,0,16,0
3714,1,874,6,1,215,0
7811,9,51,11,0,21,0
3575,1,293,136,1,125,0
9546,3,5,0,0,2,0
12352,4,24,0,0,8,0
3231,1,148,32,2,114,2
893,1,273,28,6,224,30
2871,2,137,206,2,140,0
14160,1,181,7,4,14,0
2133,1,53,13,0,43,0
13082,5,86,0,1,49,0
7812,1,124,51,4,58,3
12371,5,622,13,13,218,2
12562,4,6,0,0,4,0
4906,1,365,812,11,506,1
1503,1,1338,503,95,370,7
211,1,69,0,0,39,0
677,1,3916,0,149,2736,19
3134,1,242,181,8,219,11
5265,3,102,0,4,94,1
14393,1,351,0,1,35,0
1354,1,166,82,0,113,0
10780,1,300,314,1,210,1
14656,3,1509,212,14,314,0
14175,1,196,604,3,353,0
5227,1,20,55,0,10,0
4969,1,883,5247,19,1294,5
14286,1,11,101,0,20,5
3232,1,70,0,2,49,0
10610,1,23,37,0,23,0
7236,1,219,0,2,146,0
450,1,22,147,1,24,3
14106,1,44,13,0,15,1
44,1,40,12,4,131,2
11956,1,730,0,4,52,3
5132,1,1626,108,10,375,2
2215,1,45,0,0,33,0
8284,1,700,69,8,511,4
7201,1,66,0,1,42,1
136,1,681,292,2,376,6
5638,1,369,5,0,23,0
9965,5,71,0,0,21,0
5831,1,76,12,0,57,0
12036,1,100,0,3,46,0
11982,1,180,9,0,30,0
1196,5,1071,14,11,456,1
3112,2,53,6,1,17,0
13848,4,171,35,3,157,0
235,1,26,19,0,21,0
3520,3,124,0,0,42,0
1858,1,929,0,7,482,7
12262,1,118,13,8,168,10
410,1,857,1,2,419,0
5292,1,21,0,0,19,0
7607,10,38,236,1,46,0
674,1,68,0,0,84,0
14692,1,51,0,0,7,0
12817,1,692,0,67,523,12
8735,5,63,2931,8,1283,22
6121,1,33,0,0,11,1
6728,1,719,0,3,495,2
1451,9,196,0,0,13,0
2404,0,240,3,1,96,2
6906,1,137,74,0,75,2
4932,1,42,0,0,31,0
13776,1,211,0,0,7,0
11274,1,465,697,18,384,46
2370,1,46,65,1,25,4
9485,3,363,0,0,121,0
189,1,133,4,0,96,0
11156,3,91,5,4,41,1
2217,1,190,18,1,135,1
14267,1,248,2,0,59,0
7591,1,110,35,1,139,1
6394,1,649,605,20,400,57
12351,1,95,132,2,87,1
11879,1,520,318,4,237,0
4160,1,102,0,0,23,0
1767,1,516,203,2,329,1
4215,2,58,0,0,35,0
14052,1,424,0,1,334,0
10142,3,197,0,1,46,1
11767,1,80,88,0,59,0
294,2,14,54,0,43,0
6698,5,247,293,4,146,1
6402,1,454,102,10,259,9
1958,3,28,21,0,34,0
13991,1,219,1030,12,792,19
2520,1,77,0,0,65,0
11628,3,337,47,3,104,0
11935,1,209,304,11,131,1
14484,5,20,1,0,4,0
10476,1,385,0,8,255,10
6760,1,743,8,2,266,1
1055,0,22,0,0,6,0
8392,2,25,7,0,6,0
8467,1,933,0,43,687,0
229,1,24,0,0,9,0
12234,0,199,668,4,303,14
2640,1,135,1,2,91,0
11607,1,48,303,0,69,0
14599,7,164,91,0,56,2
13589,3,7,0,0,113,0
11078,9,11,0,0,4,0
9515,1,34,0,0,12,0
13265,1,301,5,21,32,4
4034,8,45,0,0,15,0
11380,1,46,23,0,113,0
890,1,457,0,4,269,0
3703,2,136,0,3,34,3
3780,4,200,0,3,78,0
9786,7,56,1,1,36,0
8108,6,604,0,1,158,0
13114,1,105,130,4,68,3
10460,1,3226,235,41,608,16
10811,2,5,0,0,5,0
245,1,12,0,0,9,0
4102,1,651,25,2,166,1
14671,0,15,1,0,7,0
2401,4,28,0,0,13,0
8123,7,9,3,0,8,0
6293,0,37,96,1,83,2
1832,1,45,0,0,41,0
8849,1,260,0,3,95,1
9906,1,552,412,22,360,0
9051,0,13,0,0,7,0
3613,1,192,29,1,308,6
6598,2,70,28,1,49,3
11831,1,208,0,1,23,0
841,2,8,5,0,19,0
343,2,4,0,0,5,0
5416,7,1170,0,12,165,0
5550,3,32,1,0,16,0
13706,5,16,13,0,8,0
1505,1,575,987,8,330,4
3201,1,51,26,1,57,1
14388,3,86,0,0,68,0
13083,5,282,0,8,144,4
7218,1,304,956,4,352,4
13209,1,198,0,2,72,6
14755,1,7,0,0,7,0
3193,4,32,0,0,10,0
13460,1,59,37,1,54,0
3707,1,109,1,0,64,0
13448,0,8,0,0,1,0
6057,1,28,5,0,22,0
13549,1,56,33,1,44,2
4785,1,37,26,0,29,0
14219,1,230,0,3,55,0
11698,1,39,3,1,24,0
1356,1,196,105,6,222,13
11031,0,275,0,12,227,3
3893,1,231,13,1,160,0
8125,1,1100,37,61,690,6
9400,10,7,3,0,11,0
2568,3,16,45,0,15,0
2764,0,26,2,0,7,0
4710,1,101,3,0,46,1
9054,6,423,195,14,288,14
10534,1,315,1038,5,249,7
1130,1,835,0,21,328,0
380,1,537,496,4,240,0
4856,1,212,208,23,161,0
2758,4,72,0,1,42,0
7170,1,255,143,6,141,8
13307,1,986,523,22,645,5
8116,3,181,332,2,123,2
4984,1,71,0,0,26,0
9547,0,112,98,1,25,0
2257,1,35,4,0,22,0
6991,1,281,4513,16,1578,17
11676,1,92,100,0,85,1
2111,1,406,112,5,263,0
165,3,288,475,33,233,16
4007,1,652,0,1,369,0
6461,6,262,24,25,144,33
3472,1,73,6,0,47,0
9561,1,151,206,2,137,1
8656,3,437,188,0,228,1
5769,1,27,0,0,25,0
14053,1,29,118,0,27,1
6679,1,237,90,3,159,1
994,1,143,83,1,110,0
3844,1,49,138,0,0,0
1034,1,405,170,0,211,0
138,1,445,30,17,359,55
2533,1,1955,9184,62,1258,42
9068,1,114,5,2,31,0
13730,1,11,2,0,9,0
10666,1,342,29,13,254,6
4350,4,16,0,0,5,0
9952,3,173,2,6,3,0
13573,1,598,313,8,221,1
42,1,136,16,0,52,0
9713,1,481,73,1,143,0
7459,6,13,12,0,14,0
8744,2,147,0,2,73,0
14029,1,212,21,3,149,5
5977,1,84,152,0,74,1
9195,7,28,18,0,22,0
13371,7,557,158,57,387,18
10022,1,225,0,10,2434,57
2558,8,20,0,0,4,0
3067,1,489,716,17,324,16
8267,1,28,6,0,24,0
12686,1,57,0,0,11,0
14011,5,61,376,1,312,0
11971,5,211,33,1,135,1
13610,0,29,55,0,25,0
6516,0,21,32,0,7,0
14621,9,44,1,0,18,0
6463,2,34,23,0,14,0
4900,4,56,2,1,37,1
14635,9,62,0,0,19,0
14205,1,11,10,0,5,0
11828,1,770,467,98,316,64
6277,1,280,815,15,233,7
4796,1,847,2,1,83,0
4452,1,305,21,7,241,2
10,1,146,72,3,66,0
14628,1,20,0,0,13,0
13152,1,360,29,38,330,41
14641,4,7,0,0,3,0
13490,1,19,1,0,49,0
11028,1,528,0,5,208,2
212,1,519,5,30,354,16
4783,2,628,1103,9,204,2
6669,1,1019,2431,21,892,10
9067,1,1287,0,73,383,0
14540,8,100,6,1,15,0
13353,1,470,0,14,130,0
10219,1,765,0,46,511,81
9454,1,124,28,0,88,4
2616,1,96,76,2,61,0
6978,0,72,0,2,38,0
10245,1,147,135,0,114,2
3223,1,986,269,11,809,17
4441,3,21,276,0,26,0
8562,1,488,0,26,251,0
11030,0,51,39,0,53,0
12767,1,2039,2216,99,725,58
3839,1,26,5,0,22,1
4385,5,122,0,0,24,0
13705,1,43,0,0,22,0
1020,1,637,306,31,359,3
4914,1,87,20,0,77,0
179,1,1402,382,11,360,9
1201,1,200,0,2,147,0
12578,1,338,46,13,143,4
9078,3,722,2,12,567,3
11259,1,170,2160,7,299,2
12506,1,16,0,2,219,4
10749,8,1239,712,10,84,0
13076,1,300,0,35,350,21
8964,2,1071,1087,14,719,0
14189,1,71,0,0,13,0
2351,1,19,0,0,14,0
7842,1,2024,0,1,140,0
4112,7,10,0,0,4,0
3845,1,25,0,0,3,0
10351,1,831,19,20,240,0
13016,1,1493,0,75,443,8
7305,1,581,270,135,394,57
5248,2,41,19,0,25,0
8443,2,201,2,8,126,1
13348,3,450,1405,8,291,18
12680,1,9,0,0,6,0
6307,1,112,45,1,38,0
1788,1,499,519,18,555,11
4262,1,564,261,6,139,0
9172,1,116,0,0,117,0
9537,0,49,21,0,40,0
3640,1,195,0,4,250,3
13967,1,114,7,5,216,14
8594,1,843,1010,104,576,11
9109,8,11,0,0,3,0
8230,7,23,0,0,6,0
10323,1,46,160,1,121,0
5527,1,205,51,6,70,7
10348,1,815,1359,12,535,9
7629,2,6,0,0,2,0
5210,1,1073,0,10,744,5
5759,0,5,0,0,2,0
11948,1,244,0,10,817,9
1154,1,41,97,0,37,0
8448,1,91,0,0,62,0
3372,1,40,0,0,39,0
4917,4,175,0,1,105,0
2876,1,102,90,1,47,0
8138,0,7,0,0,3,0
2315,0,6,0,0,3,0
1913,1,476,2099,3,192,2
4574,8,23,0,0,11,0
9320,2,18,4,1,3,0
8152,3,5,0,0,3,0
5939,1,264,60,3,162,5
7490,4,11,8,0,18,0
13560,1,183,525,8,265,9
4196,1,86,1,0,64,0
5876,1,1157,268,23,289,3
6248,6,40,21,1,85,1
11149,1,1020,0,27,143,1
8796,6,9,3,0,16,0
13665,10,153,0,0,40,0
5415,1,505,0,11,421,8
127,1,212,0,0,128,0
14245,5,19,0,1,19,2
12498,1,289,0,8,34,1
14081,3,102,13,1,69,1
2221,1,10,0,0,8,0
9342,1,33,4,0,8,0
10503,1,4063,5,29,782,1
8545,1,1611,1,56,281,4
6665,6,5,1,0,5,0
4154,3,1335,23,37,878,21
8403,1,33,0,0,10,0
10978,1,34,0,0,11,0
2241,3,1779,3,54,714,7
8882,1,727,0,16,784,2
6152,1,448,387,8,388,11
9388,1,3827,0,275,2657,25
3881,1,2413,0,27,1755,75
8555,1,1419,0,25,495,0
10240,1,10,0,0,7,0
5625,1,412,229,20,367,13
12670,0,236,20,2,136,1
4103,1,847,350,1,175,2
9497,2,13,0,0,2,0
6449,1,11,0,0,11,0
4036,1,784,0,5,583,2
8913,0,5,0,0,1,0
2124,1,225,5,2,40,1
3219,7,56,0,0,25,0
13520,4,29,9,0,9,0
5301,1,493,192,7,237,1
7938,0,21,0,0,9,0
1498,1,61,42,1,74,2
2867,1,416,165,0,357,1
11958,1,253,264,23,224,7
4833,1,387,0,6,206,2
14058,1,29,2,0,27,0
10290,1,17,0,0,11,0
6673,1,958,0,19,589,2
12507,1,42,0,0,19,0
3836,5,196,4,34,548,0
8320,1,497,3,2,343,1
9961,1,836,0,9,340,7
7227,1,118,157,0,72,0
14312,1,94,0,0,50,0
7241,1,1047,704,12,168,3
1711,0,25,0,0,8,0
14225,1,189,51,5,190,0
3738,1,130,62,0,47,0
12573,1,143,27,2,129,1
5348,1,108,72,0,81,0
7323,1,550,204,3,412,2
9267,2,5,0,0,5,0
13389,1,18,2,2,32,1
1045,1,114,63,1,106,0
679,1,392,160,2,165,2
8949,2,21,0,0,9,0
14400,1,1271,57,1,208,0
4024,1,85,469,0,84,2
11981,1,254,0,85,200,15
14020,0,83,11,0,40,0
8805,2,606,43,6,10,13
11542,1,579,509,39,402,2
8712,1,271,222,2,228,0
12457,3,160,0,2,52,0
7086,1,396,114,7,158,29
2888,2,121,13,1,64,2
12105,5,245,135,11,207,8
5858,1,16,1,0,8,0
13547,1,15,0,0,12,0
5293,1,46,143,1,73,1
3118,3,55,358,0,70,0
1870,2,15,0,0,6,0
11779,0,204,16,1,17,0
8899,1,590,210,8,333,0
13550,1,8,0,0,3,0
12292,1,318,120,0,178,0
9854,0,168,18,1,79,2
1613,1,31,420,1,56,0
6862,1,991,179,20,498,17
11811,1,183,0,11,314,23
4061,9,543,0,14,239,4
2649,1,134,0,0,41,0
1397,3,37,45,4,107,6
11850,1,240,210,2,156,0
13183,0,210,0,5,118,3
6603,1,1819,25,0,178,5
14307,1,11,22,0,14,0
11427,1,35,1,0,27,0
3132,1,86,0,2,1591,0
9990,1,1213,26,86,473,65
13165,1,2818,0,54,811,1
7868,1,34,0,0,28,0
3552,0,52,125,1,35,0
7943,1,16,177,0,46,1
940,1,566,36,0,77,0
382,1,172,261,3,125,3
13526,0,18,0,0,1,0
13941,0,42,38,0,32,0
590,1,300,110,2,163,3
8591,1,103,0,0,110,0
1547,1,21,0,0,18,0
6010,1,1117,0,150,814,66
14447,1,234,0,1,81,0
10031,3,207,71,11,2377,18
5730,1,23,3,0,14,0
14589,1,291,14,1,54,1
6715,1,225,94,5,99,4
4448,1,161,0,0,36,0
14695,4,164,0,0,74,0
6902,1,3306,0,303,1530,44
3656,6,36,88,0,43,0
8376,4,260,0,13,117,4
12143,1,865,0,18,735,49
14808,1,58,79,0,42,1
11281,1,36,0,0,55,0
8666,1,84,92,1,71,2
10345,1,1627,0,19,1077,109
12706,0,282,50,6,147,14
1144,1,195,21,0,183,0
10717,0,64,0,0,517,1
11099,1,455,418,5,184,2
14260,1,29,30,1,62,1
12572,1,149,0,1,45,0
14087,1,44,0,5,7,0
5832,1,11,9,0,8,0
4766,3,41,4,0,29,0
6476,1,211,373,1,105,0
4813,1,91,9,1,49,0
8544,8,30,1,0,13,0
5024,1,232,242,1,190,0
834,1,47,0,0,25,0
7626,1,179,0,0,86,0
7139,0,17,0,0,1,0
10019,2,16,13,1,31,0
4290,1,99,91,0,64,0
12008,1,245,20,4,175,1
3672,1,109,0,1,63,0
501,1,70,5,0,13,0
2770,1,300,746,12,227,8
7814,1,590,72,25,279,2
8604,2,25,1,0,10,0
2886,1,1526,40,16,319,3
6168,0,58,0,0,10,0
8410,6,28,61,0,151,1
12618,4,19,0,0,4,0
10977,0,11,0,0,1,0
13609,0,18,0,0,1,0
13229,1,296,568,23,290,30
9763,1,3447,0,746,1592,196
842,1,116,2,0,5,0
13316,1,149,83,7,53,1
12407,7,37,21,0,26,0
9751,7,7,0,0,4,0
10393,3,470,318,49,674,47
6457,3,17,0,0,15,0
12653,1,41,61,0,32,0
6497,1,51,28,0,96,0
7028,1,196,1,1,56,0
11280,1,27,0,0,6,0
8082,1,374,1111,13,284,12
7751,3,824,6,8,158,1
2512,1,198,0,1,141,2
10177,2,52,2,0,27,0
7514,1,244,110,1,172,0
11764,1,96,98,0,88,0
7254,0,7,0,1,4,0
13626,0,9,0,0,1,0
9845,5,617,106,6,248,0
2563,1,563,0,3,308,15
5304,1,1050,17,3,335,0
1564,1,28,13,0,23,0
14230,1,18,0,0,13,0
5370,2,135,74,0,78,0
8020,3,419,432,4,246,4
3521,3,234,231,3,224,0
10849,1,39,29,0,30,0
11563,1,46,0,0,176,0
10514,2,21,0,0,11,0
3722,1,5237,87,11,140,2
5232,1,235,2,0,148,0
8249,8,148,0,2,35,0
10415,1,42,102,1,37,0
7904,1,5,1,1,4,1
8741,1,22,0,0,14,0
9157,2,78,31,1,69,3
2367,1,15,64,0,49,0
6602,4,79,0,0,32,0
5486,1,158,11,0,49,0
10021,8,1907,0,83,1267,64
13575,0,56,0,0,16,0
12700,4,27,0,0,7,0
1304,6,61,66,0,92,0
13681,1,471,0,1,26,0
7995,1,42,0,0,41,0
13449,7,6,0,0,1,0
8635,1,6,0,0,3,0
11377,1,67,5,2,70,0
4825,1,157,0,4,83,0
852,1,33,0,0,1,0
8360,10,91,155,1,63,0
9059,1,12,0,0,3,0
140,7,92,1,6,25,0
3301,9,43,0,0,10,0
8878,1,8,0,0,8,0
7541,4,6,0,0,1,0
14782,7,45,1,0,7,3
13467,0,11,0,0,1,0
12581,0,109,41,2,65,0
729,1,519,0,26,463,17
12803,2,1463,705,132,445,215
9160,4,15,0,0,3,0
12260,2,119,2,0,32,0
12038,3,1118,1760,66,875,69
5282,4,139,184,2,79,1
12299,2,72,0,1,15,0
12197,2,45,1,0,30,0
8056,4,41,19,0,3,1
5078,2,48,0,1,18,0
12822,1,2616,0,140,1131,7
7290,1,1801,0,202,652,16
2689,4,50,28,0,35,0
9434,1,4,5,0,4,0
3723,1,187,705,22,256,14
11905,1,425,0,2,109,0
2161,1,913,0,13,578,63
3958,1,170,0,0,50,0
8211,1,109,1,1,35,0
12831,3,312,650,4,79,0
9936,1,133,145,0,105,0
14716,1,453,591,3,176,0
10224,1,330,0,2,83,0
3715,1,284,0,0,82,0
9774,1,1209,133,21,493,14
14710,1,801,0,16,351,14
1763,1,543,0,22,319,7
5700,1,1396,9997,20,650,246
1363,1,25,11,0,12,0
2797,1,18,0,0,6,0
11453,2,8,0,0,1,0
10391,1,429,32,4,211,5
13596,1,32,0,0,18,0
13574,1,8,17,0,5,0
123,1,74,29,0,66,2
7010,1,153,19,2,85,0
13644,1,95,0,12,225,26
355,1,22,0,0,3,0
6759,7,74,7,0,15,0
14151,1,21,37,0,119,0
6263,1,511,0,0,376,0
9412,4,52,15,1,208,2
5996,1,41,29,0,44,0
7883,2,833,30,6,229,0
7695,1,780,0,18,467,5
14613,1,695,39,27,213,3
656,0,72,7,0,40,0
1511,4,10,0,0,6,0
424,1,164,0,0,31,0
9076,1,452,723,20,326,31
4328,1,304,0,2,189,0
337,1,58,0,0,18,0
9140,1,167,237,5,162,6
210,1,39,7,0,37,0
1044,2,232,10,3,74,1
11432,9,52,0,1,14,1
936,1,403,408,0,397,5
2456,1,1110,2413,40,690,22
264,1,23,11,0,12,0
1579,1,939,876,11,749,3
11866,1,800,8,10,397,0
3104,1,85,0,0,29,0
13111,3,309,0,6,175,1
6339,6,6,1,0,3,0
6238,1,34,0,0,16,0
1805,7,285,0,3,103,0
9981,1,5,0,0,3,0
4172,1,622,0,25,382,4
8946,4,30,0,0,18,0
2441,1,2188,738,36,869,7
4189,0,100,0,0,16,0
7603,1,402,545,5,309,0
13366,1,388,0,9,250,45
7604,1,141,0,0,8,0
10648,1,1678,777,60,974,9
14220,1,283,61,1,91,1
14762,1,55,25,1,23,0
7301,2,59,12,1,31,0
10547,1,169,117,3,203,0
4853,1,1252,5,45,152,11
11501,1,435,7,2,78,0
6825,1,371,84,15,210,10
13890,1,128,0,0,8,0
1871,1,392,23,6,165,2
11250,8,88,18,3,73,0
8068,1,412,0,8,227,2
4395,8,11,61,0,28,0
7892,1,92,1,0,5,0
14809,6,6,0,0,2,0
13032,5,927,15,21,333,0
2941,3,313,290,45,642,21
10395,1,514,707,75,368,18
14792,1,143,2,0,71,0
12177,1,329,0,1,207,0
3759,2,41,37,0,42,0
7895,1,249,1,0,21,0
8328,1,344,0,31,1464,183
9610,1,40,57,0,90,0
13613,1,9,14,0,8,1
4909,1,753,0,13,670,184
14038,1,173,186,0,112,4
6308,2,62,9,2,31,1
7150,1,182,29,0,143,0
4460,1,151,2,0,127,0
3537,1,277,18,0,189,0
7164,1,955,3275,26,1680,30
14149,1,107,1,5,31,0
1566,9,27,0,0,3,0
7497,2,10,0,0,9,0
3452,1,74,0,1,36,0
10168,6,32,24,0,25,0
10246,1,93,0,0,39,0
10901,5,483,0,3,141,0
3024,1,65,0,1,26,0
5907,2,462,356,2,300,1
10548,1,128,1,5,35,0
8734,1,863,0,4,455,0
13624,2,27,0,0,23,0
9190,1,273,0,0,9,0
10166,1,83,0,1,102,0
5147,1,317,115,2,208,1
2629,1,281,0,2,283,30
3746,1,47,1,0,22,0
5023,1,99,0,4,71,0
2484,3,54,3,0,8,0
6401,1,1046,694,42,407,2
8937,1,54,1,0,19,0
7179,1,51,0,0,10,0
5660,1,53,0,0,27,0
1004,1,280,36,0,222,0
6134,1,8,0,0,7,0
9329,2,220,0,0,111,0
12858,1,311,0,8,75,0
10159,1,7171,0,182,11060,27
5117,1,307,298,7,141,1
10462,0,21,0,0,3,0
9754,1,1385,0,28,210,6
12091,1,573,2,7,356,0
6690,8,44,50,1,81,0
12160,1,13,0,0,1,0
3330,8,1379,1580,44,460,42
5618,1,30,60,0,38,0
8357,1,110,352,6,167,27
14544,3,29,4,0,45,0
2625,0,21,0,0,5,0
2041,2,6,8,0,9,0
1152,1,1631,1545,12,952,4
5189,1,692,117,4,415,6
10517,1,467,0,9,375,27
8847,2,34,0,1,5,1
14610,1,110,95,1,60,0
12542,3,8,0,0,1,0
12671,1,159,158,1,125,0
14281,1,203,0,2,58,0
6664,6,26,58,0,40,0
5588,1,133,142,3,101,0
13605,0,104,286,2,197,6
11348,1,257,401,33,236,0
13211,5,999,14,24,293,57
13323,1,250,3083,8,545,12
11534,5,211,293,29,145,5
5318,1,1315,276,57,640,2
6826,1,162,35,1,91,1
13880,7,17,0,0,4,0
9424,1,71,32,4,71,1
4775,1,678,0,6,315,0
3194,4,6,0,0,1,0
2299,1,16,158,0,68,0
2280,1,199,940,7,296,3
6133,4,1326,0,13,278,4
8404,1,132,141,1,119,3
10910,7,841,1558,50,1048,118
14425,1,220,0,7,56,0
12089,1,41,169,0,147,1
9248,2,10,0,0,1,0
7440,1,268,0,31,147,6
13885,0,8,0,0,1,0
13770,1,26,6,0,24,0
13412,1,605,34,13,204,6
9915,1,1226,158,54,830,16
2385,1,232,49,2,170,3
14361,7,85,9,0,66,11
8564,3,73,25,5,92,2
2398,4,14,2,0,2,0
2984,1,221,338,5,144,2
7709,1,1126,0,43,587,24
7383,2,55,0,0,151,0
6211,6,45,470,0,29,0
14353,1,49,0,0,11,0
2633,1,96,1,0,81,0
389,1,289,84,4,226,3
800,1,254,259,2,216,9
3985,3,14,0,0,16,0
4718,1,122,248,0,139,0
4384,1,978,0,2,113,0
2164,0,19,0,0,2,0
11882,1,997,0,25,824,4
14495,1,100,0,0,104,1
9279,1,19,30,0,25,0
14498,4,87,0,1,35,0
5106,1,583,67,2,336,7
13891,1,5,0,0,1,0
6267,1,64,0,2,108,8
5481,1,31,0,0,22,0
1985,1,9,0,0,7,0
9290,1,1042,0,43,457,26
13917,1,44,0,0,29,0
12066,1,1355,11172,45,2143,49
1411,1,46,0,0,41,0
1322,1,251,31,4,229,7
3769,5,746,1,16,277,0
8177,1,197,13,4,180,4
2859,1,98,0,0,45,0
1038,1,34,37,0,46,0
9699,7,32,0,1,28,0
4755,2,232,1,2,53,1
13077,1,576,4,19,222,15
14627,1,92,65,2,66,0
298,1,81,0,0,50,0
14598,1,23,0,1,5,0
11852,4,142,0,1,84,0
10551,1,54,0,0,23,0
6781,1,604,636,1,377,0
5963,1,331,88,10,227,0
4382,1,23,24,0,5,0
9903,1,572,0,19,41,1
412,1,454,78,2,336,6
13981,0,22,0,0,15,0
13646,8,1691,1116,15,408,11
6752,7,7,0,0,1,0
4827,9,65,11,0,23,0
13694,0,1252,5,0,34,0
2208,1,200,457,2,159,8
1755,1,30,54,0,38,0
2753,1,123,6,1,85,0
13505,1,422,715,11,274,65
1608,1,839,0,7,601,0
3144,1,284,0,6,333,107
11507,0,21,0,0,3,0
8625,4,22,1,0,16,0
13115,1,284,171,4,432,1
5505,1,71,94,0,38,0
13545,0,138,0,1,18,1
30,1,62,0,0,41,0
5317,1,258,0,1,172,0
14109,0,14,19,0,10,0
9932,1,1455,0,47,716,61
9836,3,6,3,0,7,0
9405,1,468,0,14,493,5
10206,1,1649,960,61,1011,7
7052,1,19,0,0,9,0
14541,0,16,0,0,17,0
8165,1,164,18,5,46,7
2523,1,1482,621,113,930,19
4349,1,7,0,0,1,0
14741,1,2140,102,17,370,13
12437,10,1250,783,11,354,0
2839,1,430,0,1,362,0
1214,1,5,42,0,9,2
8007,1,648,130,3,430,8
11248,1,26,0,3,205,2
362,1,96,381,0,94,0
11323,4,25,0,0,8,0
5383,1,432,0,0,115,0
6520,1,10,0,0,10,0
6206,2,52,11,1,53,0
3075,1,2702,0,568,1229,62
1836,1,1154,134,45,702,21
5015,1,275,395,4,179,1
5578,1,135,0,0,71,0
2278,4,2554,313,60,831,5
7346,1,3507,0,108,1759,226
10899,2,33,8,0,60,0
9446,1,255,278,1,254,2
1157,0,18,5,0,22,0
8634,2,9,0,0,3,0
14207,3,72,0,0,42,0
8090,1,154,11,7,79,0
14337,0,46,2,1,1,0
3321,1,22,36,0,47,0
3692,1,188,233,1,156,4
3843,1,36,0,0,25,0
4464,1,88,273,1,309,3
12930,8,179,6,1,19,1
1677,1,817,0,40,411,20
4141,1,63,449,1,193,0
8821,1,124,1159,7,137,6
11875,1,38,2,0,208,0
1085,1,586,843,0,216,0
11425,2,912,0,24,282,0
3513,1,137,126,3,109,18
13221,0,182,0,2,40,2
5387,1,56,78,0,60,0
937,1,205,0,1,138,0
4094,1,739,16,5,228,0
1081,1,603,2120,2,396,1
6527,1,430,73,4,245,3
7373,4,8,0,0,1,0
12550,1,818,388,1,517,0
12606,3,1102,1730,19,699,5
8050,1,218,388,0,183,3
11860,1,1341,0,53,628,2
8583,1,22,0,0,18,0
9456,1,584,211,32,308,11
11331,1,14,0,0,14,1
843,1,127,192,1,79,2
11889,1,10,6,0,8,0
13809,0,8,0,0,3,0
2980,1,42,16,0,26,0
6533,6,31,18,0,29,0
13403,1,95,49,5,44,4
9084,1,66,0,0,32,0
2982,1,486,416,8,331,2
1479,6,27,8,0,20,0
14534,1,90,5,0,37,0
8251,1,623,0,9,990,50
4979,0,32,0,0,10,0
14248,0,74,218,0,37,0
9447,1,639,41,52,340,10
9686,2,7,0,0,6,0
10550,1,78,0,3,11,1
4673,1,12,0,0,10,0
9831,1,982,25,49,668,14
1597,0,29,0,0,4,0
7196,1,544,575,6,103,4
8321,1,647,0,4,298,35
8751,3,2046,0,179,602,155
11904,1,203,277,5,191,6
2660,1,337,0,3,327,2
13424,1,62,5,0,36,0
13507,0,17,0,0,7,0
9756,4,13,0,0,8,0
2480,1,148,8,2,33,2
5597,1,237,518,0,258,2
10814,1,501,0,29,354,1
11876,1,577,1,3,32,0
14648,1,35,31,0,16,0
13458,1,913,0,37,357,1
8472,1,1284,0,15,830,11
2584,1,175,0,7,194,4
938,1,968,21,3,125,4
9103,1,350,8,0,34,0
4150,1,110,0,2,142,2
14069,1,666,801,14,431,58
2968,4,25,0,0,10,0
9316,1,32,1,0,31,0
3864,1,48,15,11,36,8
1939,1,155,0,0,124,0
10756,1,237,112,6,82,1
6188,1,482,431,7,344,3
11484,1,1256,0,33,428,2
12354,1,602,1523,16,657,32
14206,3,863,0,15,369,3
6151,1,620,6,0,255,0
7930,1,15,44,1,17,1
10716,1,1526,150,12,466,5
5482,0,184,0,0,88,0
9496,1,227,25,0,97,0
10511,1,308,0,11,217,0
2748,1,1200,0,75,694,11
7663,1,8,0,0,1,0
13469,1,81,1,0,57,0
13528,1,312,0,1,129,0
8892,1,1081,517,25,469,1
14789,1,371,60,3,171,1
8554,1,588,575,43,291,84
11872,1,168,0,0,31,0
4178,1,327,0,0,459,3
11441,1,41,0,0,6,0
6778,8,47,0,0,23,0
1654,0,29,2,0,10,0
2423,3,8,0,0,5,0
4974,1,275,744,6,405,7
6837,1,129,0,2,47,0
7492,1,27,0,0,21,0
3384,1,519,0,10,398,19
7511,1,8,0,0,6,0
13708,1,38,0,0,12,0
12971,5,7004,0,46,584,10
12365,1,79,43,3,47,0
14774,1,1087,33,24,742,10
11705,5,287,522,14,96,15
775,1,68,83,0,26,3
14255,1,800,142,3,72,0
12087,1,288,0,9,226,5
13075,5,71,0,3,15,0
1708,1,33,6,0,25,0
4720,8,44,143,1,91,0
3398,6,394,3,15,165,0
6007,1,32,0,0,18,0
11180,1,502,605,6,247,0
9829,1,1303,0,44,957,20
3565,1,15,40,0,4,0
13600,0,25,275,3,18,1
5068,3,25,0,0,16,0
6088,1,15,0,0,5,0
1658,4,28,189,1,30,0
12902,3,305,233,10,128,13
8389,1,56,0,0,36,0
196,1,12,12,0,19,0
10652,1,589,0,2,203,0
6553,1,761,0,16,267,0
9700,10,28,0,1,13,0
1098,1,58,18,0,30,0
9707,1,149,0,0,87,0
11275,4,72,0,3,10,0
7891,1,23,33,0,16,1
7969,1,69,2,0,45,0
13903,1,18,98,0,17,1
13792,1,15,2,0,9,0
821,1,424,376,11,468,19
1668,1,185,214,0,141,0
5770,2,355,0,3,8,0
7860,1,31,20,1,34,0
1581,3,123,51,3,101,1
2540,1,163,6,0,103,0
1494,1,116,0,1,122,9
9907,1,455,1122,6,444,7
14384,1,94,1,2,94,2
10651,6,42,123,4,78,5
14303,1,42,3,0,10,0
2642,1,329,0,7,182,6
10098,1,9,1,1,5,1
3495,1,187,0,5,138,1
2789,4,21,0,0,31,0
259,8,985,1238,104,419,123
14591,0,8,2,0,3,0
4048,1,106,44,1,53,2
12689,0,68,0,1,142,1
5272,5,509,236,2,189,3
13755,1,170,4,4,90,0
1320,10,348,0,3,162,0
2779,10,703,471,31,391,0
1398,1,397,199,6,308,14
2555,1,586,0,3,429,2
5508,1,82,20,0,53,0
4606,1,431,0,8,373,18
9198,1,25,1,0,17,0
866,1,21,2,0,15,0
4944,1,16,10,0,11,0
9238,1,360,319,12,713,14
11531,1,246,106,10,154,1
7854,1,149,133,1,83,0
930,1,48,0,0,53,0
13287,1,175,0,28,258,50
6099,0,49,115,0,28,0
2896,1,44,0,0,26,0
6220,1,74,0,0,19,0
13137,1,300,9,7,105,3
9838,1,17,0,0,4,0
13838,8,92,0,0,28,0
11210,1,208,140,0,81,0
12644,1,26,0,0,12,0
4594,1,25,26,0,19,0
12640,0,1733,23,44,465,4
10903,1,120,4,0,77,0
790,1,1053,0,39,845,30
5905,1,51,0,0,5,0
7608,1,1657,0,69,790,0
13059,6,280,0,37,45,0
2969,1,77,3,0,26,0
12576,1,1650,0,49,1030,10
6311,2,30,0,0,11,0
14120,1,164,0,0,118,0
10155,8,69,0,0,4,0
3568,2,145,142,5,146,8
2864,1,370,69,0,205,0
1530,1,545,0,2,46,0
14222,1,9,0,36,356,21
6496,1,237,12,16,96,1
4490,2,75,21,0,47,0
11930,1,71,0,1,42,0
14197,3,64,425,0,585,0
6249,4,47,0,0,35,0
8359,5,16,0,0,4,0
4982,1,244,0,41,309,10
13542,1,388,1,0,195,3
11663,1,107,2,1,32,0
11726,1,23,0,0,17,0
11251,1,468,0,13,94,3
38,1,283,73,5,179,2
9476,1,509,34,2,307,4
6820,2,17,12,0,29,0
1941,9,24,0,0,5,0
8571,1,823,19,2,250,1
7704,2,120,13,5,62,0
8114,3,2107,4,12,1598,0
12458,1,273,0,0,25,0
2091,2,77,1,0,59,0
5398,0,6,0,0,4,0
4243,1,91,16,1,64,0
7914,1,312,683,57,280,52
10877,2,610,0,4,468,3
13622,7,23,1,1,6,0
14446,1,75,0,0,34,0
9523,1,88,41,0,72,0
12131,7,73,0,2,28,0
5146,1,276,602,3,237,0
2112,1,191,3,2,52,0
4733,1,505,2,0,129,0
3088,4,62,6,0,24,0
11648,1,233,1,1,136,0
8844,1,9,14,0,6,0
2413,1,926,0,3,563,0
2242,1,33,0,0,22,0
5447,0,559,0,1,96,0
6933,2,15,36,0,16,0
6177,2,223,180,2,151,3
13852,0,23,63,0,17,0
1392,1,1672,919,41,901,0
11870,1,198,422,10,281,5
7916,1,192,24,0,154,0
14420,1,243,0,1,115,0
13514,0,34,2,0,16,0
12968,1,2124,2370,88,862,62
9211,1,104,0,11,65,13
12489,1,140,22,2,0,2
14241,1,733,134,2,182,0
5879,1,1210,0,159,1452,83
6102,6,9,11,0,42,0
14089,4,136,0,2,51,0
8578,1,112,54,0,51,1
9535,1,201,808,2,356,7
13478,1,104,0,0,6,0
14470,1,12,0,0,4,0
10797,1,94,9,3,67,3
114,2,6,0,0,2,0
9609,1,159,18,3,43,0
13126,1,823,693,30,423,24
6944,1,38,0,0,40,0
10120,1,10,0,0,6,0
14422,3,18,62,0,12,0
3423,1,309,956,70,439,3
12923,1,699,12008,10,433,10
89,1,351,302,2,121,1
4285,1,185,24,6,139,0
13879,6,252,45,3,146,1
6851,1,178,204,1,102,1
11645,1,1134,0,3,408,0
2696,1,82,4,0,63,0
1775,1,310,251,4,243,4
13717,1,61,190,1,31,0
9653,1,378,606,5,446,4
9684,8,48,0,0,36,0
8190,1,1056,165,43,465,2
13712,7,48,22,0,13,0
9107,1,311,51,13,207,2
8990,4,13,5,0,9,0
7347,1,673,0,18,519,14
11022,6,6,0,0,12,0
3777,1,17,0,0,7,0
14252,1,33,4,1,8,0
9014,3,519,9,0,413,0
14771,1,188,0,2,207,1
10732,0,306,540,1,172,3
2897,1,177,52,0,38,3
1019,1,1217,264,64,586,0
1609,1,666,1305,4,405,14
12372,1,276,0,2,153,0
11136,2,6,0,0,4,0
6194,1,244,0,1,134,0
14383,1,296,526,3,206,2
3136,1,58,0,0,35,0
9192,0,649,2247,18,722,12
14099,1,18,0,0,16,0
13887,0,9,6,0,14,0
3188,1,1209,78,5,236,5
11987,1,15,0,0,4,0
6327,1,193,23,4,127,0
4314,1,288,394,1,319,7
2108,1,989,0,5,798,0
8509,1,373,722,1,279,1
13647,1,53,3,0,37,0
5507,1,399,0,4,97,0
13970,1,48,0,0,3,0
5076,1,26,0,0,17,0
1434,1,541,1087,0,598,2
2844,1,1610,576,56,972,69
1521,0,12,0,0,3,0
5895,1,142,51,0,94,0
13649,3,18,5,0,4,0
11770,1,731,2342,34,356,12
801,6,38,0,0,10,0
13480,3,41,34,0,28,0
12733,1,1408,0,75,1264,7
981,8,239,27,4,284,0
13797,1,77,47,0,57,0
6084,1,332,114,3,156,4
5070,5,768,27,17,252,0
2477,1,802,0,29,1036,63
7012,1,117,947,6,938,23
2318,1,73,11,0,43,0
2626,10,9,0,0,4,0
11257,1,423,0,0,67,0
6120,1,86,46,0,88,0
7376,3,208,6,1,96,0
2362,1,21,0,0,17,0
23,1,1997,0,27,2240,24
861,1,900,936,9,418,2
4743,10,8,0,0,4,0
6610,1,2047,83,11,1053,13
13257,2,184,118,6,82,6
799,1,109,45,0,96,0
4373,1,40,0,1,14,1
13548,0,68,10,0,38,0
14804,1,623,114,0,233,0
5564,1,39,27,1,73,0
7769,1,91,0,0,11,0
13687,2,70,1,2,36,1
10701,1,24,8,0,72,0
5872,4,760,0,0,20,0
4679,1,225,142,2,227,0
3923,2,15,0,0,7,0
9114,1,24,6,0,10,0
4584,1,1403,0,4,861,0
14213,6,11,0,0,3,0
648,1,234,25,0,51,0
9037,1,49,0,0,36,0
8508,1,615,657,12,214,6
10382,3,3147,33,223,528,238
14012,3,60,25,2,68,0
7142,1,143,84,1,71,0
7050,1,36,0,0,16,0
10147,3,476,32,7,146,2
6325,0,5,1,0,2,0
10162,1,352,0,19,169,6
8618,9,31,0,1,15,0
10046,1,363,0,0,93,0
11632,1,391,0,10,337,10
12250,1,298,0,4,46,0
2042,1,103,0,0,55,0
6381,1,101,0,1,52,0
6344,1,1015,32,3,393,0
1236,1,346,300,6,241,3
8139,0,15,0,0,7,0
11692,1,39,147,0,47,1
2418,1,227,55,4,189,12
9956,1,28,0,0,13,0
14465,1,37,0,0,10,0
1116,1,1448,0,15,1008,33
4807,1,140,109,0,109,0
9481,4,8,0,0,2,0
2948,1,151,9,0,153,1
9043,1,565,759,1,516,2
14028,5,249,0,0,5,0
12548,1,212,0,0,17,0
6474,1,4546,23722,117,2294,46
11214,1,272,0,217,233,7
1622,2,293,0,2,127,1
1862,1,253,85,0,144,0
13746,1,211,4,2,58,1
1132,1,131,0,24,845,2
6218,1,24,0,0,14,0
776,1,406,0,0,20,0
10941,1,201,0,2,93,8
8733,1,143,106,1,102,1
5933,1,65,2,2,22,0
13462,1,68,0,0,29,0
12327,1,273,2,0,47,0
7460,1,643,1747,13,359,1
12560,1,29,12,0,30,0
12587,1,250,0,19,287,25
14439,2,26,2,0,5,0
13569,0,44,48,0,49,0
1586,1,150,0,69,222,10
3212,3,15,0,0,9,0
5860,1,11,0,1,10,0
10039,1,24,2,0,11,0
13429,8,28,1,0,27,0
524,8,1339,0,0,199,1
11320,1,901,0,20,591,6
11170,10,404,0,5,240,1
6734,1,143,1006,2,300,45
7384,1,20,0,0,17,0
3289,1,551,1820,6,980,1
2093,1,3157,0,214,1650,68
1225,1,16,1,0,26,0
12484,5,630,0,3,111,0
207,1,115,346,3,183,12
7362,8,677,419,76,196,13
1798,1,71,0,0,48,0
9056,1,1774,1054,65,181,22
12374,1,318,94,8,328,7
12916,3,493,181,21,462,2
10091,0,641,0,5,98,0
4513,3,51,0,0,27,0
3747,2,185,0,0,152,0
12825,1,1193,218,115,720,16
8164,10,1974,0,110,172,6
7156,1,68,0,0,6,0
13431,1,45,8,0,29,0
5136,1,86,0,0,52,0
10816,4,207,0,0,62,0
10508,1,88,1,1,92,0
13038,1,419,0,14,150,1
2851,1,1633,290,24,442,13
1872,1,45,5,0,23,0
11198,1,276,0,11,584,3
7553,1,223,422,0,219,1
8972,1,212,30,5,270,3
1821,1,386,0,2,113,3
10774,5,65,0,3,48,0
12589,1,1309,0,11,690,1
8617,1,546,0,17,327,1
1002,1,87,196,0,101,0
702,8,1536,238,425,595,91
11219,1,1140,2283,26,1832,25
11984,1,326,0,64,149,8
12807,1,2902,621,839,1557,83
2429,1,1632,0,36,651,11
540,1,877,0,48,827,55
4744,6,28,0,0,15,0
9090,4,67,0,0,24,0
2196,1,347,10,0,247,0
867,8,935,0,12,233,1
9764,0,31,6,0,19,0
3559,1,41,31,0,37,0
3905,4,16,3,0,4,0
13533,1,289,2,1,129,0
11178,4,35,0,0,9,0
6972,1,426,0,2,359,3
1540,7,153,0,0,26,0
7652,1,15,21,1,35,1
6974,1,924,0,6,590,9
6798,0,55,27,0,7,0
2381,1,2409,2353,127,1341,65
2607,4,11,0,0,2,0
8596,1,1134,11,16,503,3
14787,3,474,0,4,108,2
5546,0,544,0,18,411,23
254,1,115,51,0,88,1
11601,3,938,3081,28,510,8
2677,1,38,0,0,7,0
3068,1,334,2,1,293,0
7683,7,5,102,0,11,0
4923,5,1195,0,15,869,0
14713,1,135,9,0,33,1
11201,3,1253,1056,33,635,28
14592,1,9,0,1,12,0
12866,1,188,56,11,139,5
2365,1,1088,0,20,446,21
12469,1,113,0,0,54,0
8304,1,580,2245,37,390,31
9552,1,31,0,0,9,1
4884,1,1945,33,159,928,59
2263,1,93,1,1,75,0
4247,1,1449,2329,40,594,52
12717,1,1236,0,46,269,18
7694,1,895,10,4,398,0
10172,8,33,0,0,18,0
180,1,439,0,8,159,1
13916,1,107,0,4,152,4
11873,1,240,16,7,65,1
13213,1,8,0,48,870,6
9908,1,548,1538,26,502,62
1535,1,3487,0,197,1139,66
569,1,142,398,3,121,9
4706,1,118,170,0,99,5
369,1,125,13,0,55,0
7679,1,191,116,7,129,8
7807,1,797,0,5,248,2
14330,1,243,65,5,79,0
8780,1,353,137,3,85,0
7859,5,107,51,3,89,3
7772,1,94,0,0,14,0
1041,1,118,248,5,257,4
8696,1,6,1,0,3,0
14584,1,15,0,0,5,0
13173,10,36,3,5,52,0
7691,1,889,2,35,276,35
11670,0,1284,0,59,363,12
6962,1,36,2,0,25,0
7099,3,10,10,0,9,0
5586,1,376,0,3,139,0
4301,1,506,185,13,338,3
1671,1,619,1006,6,643,4
7979,1,178,0,1,124,0
3483,5,601,7,17,406,1
1774,8,9,0,0,4,0
7255,1,83,0,0,58,0
12555,1,111,0,6,48,3
8468,1,265,10,1,142,1
4074,1,557,481,21,477,11
10398,9,5,0,0,5,0
4977,1,249,369,23,276,17
6028,1,843,20,1,384,0
10322,1,317,711,4,422,14
14421,1,83,28,0,29,0
9974,6,56,35,0,31,0
2668,1,220,1,1,187,2
2987,1,1105,2640,77,708,34
666,3,20,2,0,10,0
1164,1,1717,43,31,272,18
14513,1,115,0,3,40,0
13728,7,22,1,0,7,0
977,3,256,89,1,116,0
12065,1,31,5,1,32,0
8471,1,14,16,0,23,1
10847,1,1083,166,29,336,27
14596,1,100,59,0,73,0
12291,5,2442,0,56,1036,8
8297,1,281,82,3,266,6
8901,7,91,0,0,27,0
5001,1,46,84,0,29,0
6423,7,11,0,0,6,0
6302,1,69,0,0,21,0
1056,4,29,0,0,17,0
2336,1,173,13,1,74,0
13508,1,16,0,0,14,0
8804,2,74,142,0,89,0
8250,1,177,1,0,88,1
14046,1,36,49,0,38,2
5388,0,44,0,0,9,0
9096,5,974,17,10,244,3
7183,1,445,0,9,324,12
7983,1,70,13,0,41,0
129,1,550,0,618,321,4
5728,1,368,0,8,243,9
10587,5,43,89,1,30,3
11279,1,6,0,0,7,0
8048,1,209,126,0,107,0
14123,1,71,0,0,9,0
145,1,136,19,4,57,1
9709,1,69,201,0,47,0
10515,9,6,8,0,3,0
9047,1,1215,0,11,726,88
5351,1,56,887,0,47,0
14366,1,177,7,1,130,0
2198,1,791,0,3,454,4
11657,1,80,327,2,425,9
2330,1,37,12,0,33,0
4017,1,480,0,0,79,0
1487,1,13,0,0,14,0
12491,1,1509,0,31,682,11
4142,1,85,0,10,53,2
12431,1,48,0,0,21,0
4118,1,1155,0,27,351,19
9385,1,421,0,15,418,12
12092,1,368,95,5,217,0
6055,10,460,285,7,344,11
11943,3,43,0,0,11,0
14619,1,341,0,1,26,0
5123,1,112,0,1,16,0
5580,0,23,2,0,17,0
8700,8,155,0,3,71,2
13756,2,37,7,0,37,0
1909,1,65,13,0,33,0
6801,3,9,6,0,12,0
12977,1,1800,0,64,1694,2
13130,1,219,0,9,53,4
12628,0,367,118,56,191,1
7777,2,98,6,0,27,0
5715,5,1384,0,1,367,1
2700,6,359,7,7,187,5
5237,2,33,0,0,27,0
3408,1,65,175,0,95,1
2535,1,1087,657,77,925,117
14714,1,108,4,0,13,0
8671,1,520,118,7,205,6
3862,1,19,131,0,92,1
2412,1,406,0,5,289,6
3693,1,998,2867,40,849,7
2134,9,34,0,0,8,0
4130,1,112,0,2,93,1
5241,1,491,154,9,226,4
4851,3,128,27,1,30,0
4753,0,14,0,0,8,0
1823,2,360,0,2,41,1
14777,1,919,3,2,125,0
8525,1,542,0,15,278,3
13168,1,238,2,6,37,5
1516,1,16,0,0,4,0
12122,1,2950,2,14,91,0
12592,4,9,0,0,1,0
4802,2,250,52,0,38,0
4326,1,2663,651,77,1266,101
9740,1,238,1078,7,671,21
8905,2,607,0,39,844,12
10549,1,512,25,3,98,1
7718,1,689,0,5,213,0
486,1,956,0,12,514,13
1121,1,73,7,1,22,0
8266,1,83,167,3,132,0
10674,1,249,204,2,129,8
7095,1,4106,0,145,1937,54
906,1,191,94,1,85,1
13375,1,554,0,4,575,10
9433,1,30,28,0,19,0
12335,1,428,734,12,424,20
3360,1,847,0,6,191,0
7195,5,555,2,39,399,16
5240,1,5,3,0,1,0
9698,10,5,0,0,1,0
2776,1,218,0,3,141,0
11195,5,88,27,0,8,0
4253,1,29,0,0,10,0
12929,1,7090,3041,15,1108,3
12348,3,155,0,5,63,0
1,1,331,377,2,249,1
11478,6,269,2,10,56,0
9970,1,2178,1160,24,419,17
13197,5,453,0,15,140,1
12422,1,721,210,6,82,0
14429,1,91,0,0,9,0
5558,2,29,0,0,7,0
283,1,69,4,0,44,0
13873,1,310,508,4,216,4
6896,1,899,227,38,254,2
8795,1,603,0,89,575,8
13224,1,457,206,6,174,37
1649,1,96,13,0,48,0
11511,0,18,15,0,16,0
14145,1,222,15,0,81,0
6439,1,958,1,13,301,0
10601,10,548,757,10,10,2
4655,1,3012,1355,39,943,80
5192,1,811,10,22,363,15
8277,8,500,66,24,226,21
7857,1,67,0,1,98,4
10804,1,45,2,1,44,0
8576,3,204,51,20,149,23
13172,10,909,3071,25,917,45
5649,1,185,287,1,135,1
480,1,1033,56,17,354,1
9357,1,20,97,2,36,4
12394,1,1310,0,29,125,1
12061,7,211,0,1,46,0
10049,2,49,0,0,26,0
7160,1,166,0,5,144,0
9120,1,504,987,21,417,16
14202,6,46,2,0,33,0
9878,1,79,33,0,85,1
5718,5,948,2,38,322,5
2788,1,224,0,6,229,18
1745,1,474,60,7,330,0
7007,1,126,83,2,99,1
6485,1,5,0,0,5,0
983,1,2421,0,28,726,0
2079,1,174,0,4,101,4
14718,2,10,0,0,4,0
2083,1,211,78,0,72,2
11183,1,288,0,11,66,0
6197,1,870,776,27,578,21
7625,3,1700,1247,60,526,22
14735,1,32,31,0,13,0
7960,1,16,26,0,10,0
14369,2,18,0,2,8,3
1612,1,1635,439,18,966,0
6538,2,63,18,0,32,0
2833,1,1227,719,26,862,42
2105,1,192,0,3,283,16
7919,1,65,47,1,46,2
9398,1,197,358,3,127,10
8537,1,1832,0,57,981,55
14185,1,659,20,11,846,6
9628,1,1404,0,18,604,17
7193,1,325,233,9,185,1
4764,1,1433,0,18,636,8
12114,6,5257,161,0,8185,110
3140,1,821,384,54,1137,102
12664,1,94,0,0,52,0
6486,1,748,0,35,619,23
6410,1,1932,0,6,799,0
4310,5,793,287,11,101,18
7921,1,61,0,0,37,0
9389,1,81,49,1,60,0
4586,3,121,35,0,72,0
353,1,202,20,3,135,0
14810,3,1043,17,2,384,1
14811,1,35,20,0,14,1
