band_id,price_adj,log_price_adj,artist
3036138,0.0,0.0,9612
10575873,2.268307222105263,1.1842721817913042,10969
14144746,5.14564277243173,1.815743338431634,9728
23244265,1.993103448275862,1.0963107916798305,5294
32399855,1.0,0.6931471805599453,11187
35301086,1.3986418125,0.8749026657072395,4446
45882972,1.5278743216494843,0.927378760511415,3473
80093694,2.0,1.0986122886681098,3880
87782246,1.0,0.6931471805599453,13174
104434559,1.6592027586206897,0.9780263630658973,1261
107787908,0.0,0.0,6326
110162464,1.9956412333333333,1.0971583099309155,13024
120115801,0.0,0.0,9453
165064506,2.64258,1.292692221783584,5460
168685816,2.4079590276923075,1.226113586504045,12890
193715054,1.0,0.6931471805599453,10457
196372176,3.4369199999999998,1.4899604420336403,11727
214311659,2.5082568807339447,1.2551192989481024,3991
220215663,1.616229962644281,0.9617343359410155,6664
245497308,3.0,1.3862943611198906,14372
246548319,3.4369199999999998,1.4899604420336403,849
261973090,0.0,0.0,11482
268495303,2.3618895531587056,1.2125031829175636,12095
270625333,2.4839097345132743,1.248155150076344,12139
323006596,4.2499548387096775,1.6582194744159962,5601
330582753,0.45832246874999993,0.3772867811137167,8642
333863890,1.981935,1.0925724186536039,10501
376686088,2.6174110948905107,1.285758602826338,8108
384003383,2.1495613432835827,1.1472631870400607,12476
391297538,5.207454545454545,1.8257509158529632,6733
445117551,1.4586251698369566,0.8996023196659412,13276
445535611,1.5,0.9162907318741551,9801
456765711,2.29128,1.191276546864698,5661
466102380,1.5,0.9162907318741551,4623
469279979,2.2798236,1.1877896404620252,4227
482702836,5.2393936,1.8308829981719243,13423
485012793,1.1450039423076923,0.7631413902839754,6162
490591689,0.32041681818181816,0.27794745810286187,9832
512953178,5.7282,1.9063076487448751,1249
514282652,1.8892044230769232,1.0609811780936054,9694
523812270,2.943796695652174,1.3721438876562237,7170
528975430,0.0,0.0,717
530723368,1.4049655760869566,0.8775355899779288,5787
562624732,0.8352988533333333,0.6072073310977718,13772
563817912,2.2807221411764704,1.1880635631561234,5269
572422302,2.3383610958904106,1.2054799967077758,13751
585061818,1.8245377777777776,1.0383447327256972,9823
607001145,1.556975805194805,0.9388252340800064,2995
607677874,2.1876303317535544,1.159277798041909,12537
619665547,2.388888888888889,1.2205021062771466,10144
622622372,1.517973,0.9234542127687961,13522
624601543,1.5,0.9162907318741551,4779
637874963,1.345679012345679,0.8525749174880473,5906
642451850,1.5808586739130435,0.948122162907594,1059
682751559,1.07199,0.7285094981307639,13472
688798671,1.6063865217391302,0.9579647876349349,6953
699447746,1.9622810204081629,1.08595958656744,6702
717382144,2.627296421641791,1.28848758335831,11198
720576176,1.9819349999999998,1.0925724186536039,3506
721499155,2.29128,1.191276546864698,6032
764471762,1.3984519038461538,0.87482348916195,12100
773026637,1.6551483157894737,0.9765005159545269,13163
784311612,0.0,0.0,4262
795598457,0.08007818181818183,0.07703342908844776,10790
795994791,1.14564,0.76343787617538,12191
804399316,1.987288396039604,1.0943660849715435,4672
807271860,0.8760776470588235,0.6291832394177077,14357
822700200,5.223651672413793,1.8283568200808322,11959
824302431,1.7184599999999999,1.000065543498897,10444
831909238,1.3,0.8329091229351039,12502
844057296,1.7789473684210526,1.0220722115457752,8633
844085954,1.9325764655172413,1.0758813764032367,6823
854046482,1.1783725714285715,0.7785780711434298,6391
856452877,2.0054939869281045,1.1004419428057104,12680
877201178,2.29128,1.191276546864698,821
888241303,1.9124796774193549,1.0690048411573818,14215
921987937,1.6666666666666667,0.9808292530117263,12269
927087069,1.85,1.0473189942805592,6720
931567333,2.29128,1.191276546864698,2594
942472760,2.05956573825,1.118272990288742,14428
955316785,0.36937246963562753,0.3143525835416074,13938
966511795,2.2798236,1.1877896404620252,8838
969560826,1.7184599999999999,1.000065543498897,9511
985007795,1.168103448275862,0.7738527984334292,765
987949872,1.7184599999999999,1.000065543498897,12251
1000269884,1.0740375,0.7294971906467693,11900
1019757163,1100.6781473609758,7.004589884768499,7678
1022393157,0.8356085567010308,0.607376065055804,14076
1024328737,0.0,0.0,470
1029854339,1.595958914084507,0.9539559720927596,9681
1040981583,2.2798236,1.1877896404620252,3467
1049672892,2.64918645,1.294504252339682,7057
1051449060,1.6044235714285715,0.9572113729572496,9948
1066477113,1.6617021276595745,0.9789658157628068,4360
1070970976,1.0,0.6931471805599453,6556
1072887637,1.32129,0.8421230656310843,13597
1073937875,0.9852503999999999,0.685745052279122,14366
1080078908,3.9908256880733943,1.607601364626799,5800
1082414866,1.0,0.6931471805599453,9969
1088919527,2.455817606896552,1.2400590737668709,2719
1104357880,1.9364906324786324,1.0772152059459372,4799
1118934957,0.0,0.0,2689
1124893457,1.32129,0.8421230656310843,353
1134274600,2.177101737373737,1.155969377869941,4593
1136871372,1.757026099009901,1.014152598449483,8310
1142669302,1.4116465863453815,0.8803097450553306,7436
1157882137,4.847161572052402,1.7659563421369329,11096
1171631542,0.0,0.0,5267
1175781334,3.99,1.6074359097634274,14626
1188583452,2.3122575000000003,1.1976299810853677,10099
1195943592,0.0,0.0,4430
1204075738,1.32129,0.8421230656310843,7075
1215486304,1.7184599999999999,1.000065543498897,10222
1223427458,1.5,0.9162907318741551,634
1244228872,1.9158705,1.0701684030093601,12455
1266478483,0.0,0.0,12518
1268559871,0.7777777777777778,0.5753641449035618,5544
1278616243,2.2843226720647776,1.1891604425687488,3955
1279538695,2.29128,1.191276546864698,6267
1300252637,1.5142857142857142,0.9219887529887928,8316
1318482378,1.6176072069767442,0.9622606206990685,12997
1331693682,1.14564,0.76343787617538,944
1340926018,2.0054734204275535,1.10043509981384,11903
1343005400,2.3307848275862066,1.203207960183073,3976
1352423229,1.4210526315789473,0.8842024173226545,9990
1355250261,1.7292679245283018,1.0040334137222344,13952
1362064520,1.0,0.6931471805599453,13281
1377512723,4.0,1.6094379124341003,5185
1396437831,1.5,0.9162907318741551,13161
1397117552,1.9675121739130434,1.087723949907102,9466
1397941975,1.0,0.6931471805599453,11729
1400711581,1.5870483529411763,0.950517593767984,4759
1423537567,2.0928915026086954,1.1291064147199694,13374
1432153023,0.984534375,0.6853843148344756,12307
1447456903,2.29128,1.191276546864698,12843
1450713883,1.7499336263736263,1.0115767755230693,4010
1451113427,1.14564,0.76343787617538,6957
1464665873,0.499536786809816,0.4051562516234543,809
1489531003,1.5,0.9162907318741551,12835
1489702433,1.0240963855421688,0.7051233716066612,1568
1498932307,0.6833333333333333,0.5207759546191588,11471
1520712441,1.3625,0.8597203803857607,6854
1522745018,3.4254636,1.4873750413336533,7292
1523682287,1.7184599999999999,1.000065543498897,1321
1525752683,2.4874213836477987,1.2491626045701902,4043
1526255662,1.7127317999999998,0.9979561714366012,9195
1529955718,2.29128,1.191276546864698,8053
1532068799,0.9191582608695653,0.651886684114671,425
1537334014,1.1348314606741574,0.7583877024283464,10408
1547229645,1.855575,1.0492732238802926,10264
1562309806,1.3014706500000002,0.8335483316411616,13294
1565398729,1.253544,0.8125040881410005,2582
1571842344,1.71846,1.0000655434988972,12034
1606200202,3.409963764705882,1.4838664728050166,4985
1606623716,1.7184599999999999,1.000065543498897,3874
1610442993,6.0,1.9459101490553132,12000
1632710019,3.9506571000000004,1.5995203152451802,5232
1638170600,4.0,1.6094379124341003,14636
1641923114,1.3080771,0.8364147536338276,7654
1646730150,1.9525730000000001,1.0826769935932108,3157
1648027555,1.5,0.9162907318741551,11810
1663804848,1.981935,1.0925724186536039,4305
1669875343,1.9464685810810813,1.0806073621068162,8163
1674291699,0.4590922881355932,0.3778145219168666,4797
1688796112,2.4873284250000003,1.249135948804649,14122
1690972082,1.1341836,0.7580841847925812,5514
1704784790,2.180411612903226,1.1570106264355902,13193
1706572452,1.1341836,0.7580841847925812,6805
1712167136,2.8391947826086956,1.3452626525822025,2837
1718747511,3.0625999999999998,1.4018231627375175,163
1720488722,2.6368923278145697,1.291129560896449,2123
1728768964,1.0257009345794392,0.7059157811987451,12311
1746395165,1.993627831858407,1.0964859736144619,10988
1746494349,1.7184599999999999,1.000065543498897,11365
1753042488,1.5,0.9162907318741551,9007
1765296323,2.585785714285714,1.276977617202743,8427
1783480403,1.14564,0.76343787617538,7470
1797835213,2.5,1.252762968495368,8541
1840696903,1.1691805479452053,0.7743494685580619,9015
1850533523,0.0,0.0,11696
1850649029,2.29128,1.191276546864698,4778
1851780363,2.99,1.3837912309017721,12456
1865916750,2.64258,1.292692221783584,3804
1888655173,1.936547175572519,1.0772344610897782,2645
1910425009,1.6369863013698631,0.9696367125794478,8066
1915507491,1.3686849557522123,0.8623349301585355,9536
1921866936,1.2464450370370372,0.8093489831869527,10597
1936773761,1.981935,1.0925724186536039,9472
1937948170,0.16860633128834357,0.15581186896396768,7216
1976479357,1.7184599999999999,1.000065543498897,5369
1979329200,1.8026170714285714,1.030553649018013,4885
1984728365,1.378088695652174,0.86629709599698,1461
1991819397,1.3125,0.8383291904044432,7485
1995184648,1.4678512499999998,0.9033478327518646,2978
2007564583,1.0,0.6931471805599453,131
2009455536,3.618931460176991,1.5301633926670148,10487
2014028539,2.0,1.0986122886681098,3996
2022784174,1.5,0.9162907318741551,7052
2025642604,1.5,0.9162907318741551,10336
2026962305,1.14564,0.76343787617538,14334
2046059556,1.7184599999999999,1.000065543498897,11449
2050712999,3.3372991304347828,1.4672518342144198,11606
2065147711,1.0,0.6931471805599453,4486
2084929664,1.9819349999999998,1.0925724186536039,61
2093078396,1.6260320949152542,0.9654739977843074,10026
2095636791,2.8641,1.3517287959325766,11113
2098047137,1.9154135338345866,1.0700116738348944,4646
2104825201,1.7184599999999999,1.000065543498897,2404
2128990672,1.877979493670886,1.0570884832385707,9386
2136447311,1.288845,0.8280473235181965,2881
2149774301,2.7971014492753623,1.3342379991638376,13217
2157517980,2.29128,1.191276546864698,3268
2196995552,1.4396314411764708,0.8918469791979393,14374
2200920314,1.936007807486631,1.0770507699744252,11078
2214666985,1.4726878125,0.905305742196101,3983
2216166257,1.7184599999999999,1.000065543498897,386
2218318372,0.0,0.0,10305
2234980357,2.64258,1.292692221783584,2728
2237074396,2.014644459283388,1.103481899273131,1314
2248538721,1.0660816666666666,0.725653898796485,13955
2258788823,1.7184599999999999,1.000065543498897,11178
2261159036,1.9517094117647058,1.0823844641438296,1395
2267519687,1.0027777777777778,0.6945351058347934,3059
2278069668,2.3294145902097902,1.2027964898021448,2430
2280831738,1.14564,0.76343787617538,6852
2283095966,1.6645475294117646,0.9800342606184096,8285
2290893978,2.64258,1.292692221783584,7950
2301223197,1.549415820652174,0.9358642429849021,11097
2302805877,2.1434260000000003,1.145313287924479,864
2315273940,2.64258,1.292692221783584,8199
2320299857,1.78125,1.0229004669324133,13596
2323087555,2.95129261682243,1.374042770145313,91
2328588863,1.6559705454545455,0.9768101417388944,13042
2339700350,1.3730130960854092,0.864160496227024,14457
2341894459,2.067756533333333,1.1209465235547014,13812
2352013440,1.5604822736842103,0.9401956289065451,11027
2359992363,1.3592324493243244,0.858336332800536,3672
2365792487,2.0689655172413794,1.121340539745666,3760
2386208129,3.416784518918919,1.4854119469369345,4285
2391113405,2.1173124444444444,1.1369712345952603,14488
2400905884,2.1916890080428955,1.1605502462831019,12185
2403267927,3.913051153846154,1.5918951650692408,13353
2411770032,0.9226249137931034,0.653691394951713,5618
2421514051,1.7184599999999999,1.000065543498897,10882
2425695022,2.0518844716981133,1.1157592593958323,4943
2434784919,2.507727251908397,1.2549683211760492,10805
2446297604,1.0541666666666667,0.7198702507006988,1117
2449470572,0.924903,0.6548755768597588,13272
2450041276,1.6162790697674418,0.9617531059509125,4773
2461027580,1.7184599999999997,1.0000655434988968,8875
2467143177,2.0,1.0986122886681098,3443
2486100972,3.232501882352941,1.4427932797629022,11414
2495929258,0.57282,0.4528701865048898,10485
2506171566,1.981935,1.0925724186536039,4191
2513327198,1.522635488372093,0.9253041837445573,9670
2522478988,1.8263584581818182,1.0389891191702598,13855
2522910801,1.0,0.6931471805599453,1835
2524639499,0.0,0.0,12900
2525703902,2.1533788888888887,1.1484745410848398,5422
2531218501,0.5,0.4054651081081644,9656
2537051301,2.6328538375,1.2900185205277308,9700
2541969285,2.2188007346938776,1.1690088475406777,10907
2544908548,0.0,0.0,6625
2549077448,0.6592833962264151,0.5063858201436904,9831
2557418845,1.5,0.9162907318741551,3359
2562430587,2.607318073125,1.2829645802140643,2542
2593773929,1.2672193877551021,0.8185541413269881,10224
2595575598,1.6428571428571428,0.9718605830289658,9984
2597889887,2.29128,1.191276546864698,4504
2618250267,1.25384667,0.8126383875716975,9631
2628962646,1.0,0.6931471805599453,8490
2641007773,1.69,0.9895411936137477,2310
2650464573,2.831168831168831,1.3431699344861359,11116
2652411987,0.0,0.0,2766
2659062830,1.1261261261261262,0.7543016037132759,2252
2674102257,1.5570924146341463,0.9388708374761087,1785
2674346585,2.29128,1.191276546864698,8593
2677901552,4.816506526530612,1.7606998283458524,995
2700974551,1.9819350000000002,1.0925724186536039,2955
2701923509,2.29128,1.191276546864698,2328
2718450346,1.5633140673033707,0.9413009788147103,7707
2723893131,2.178335061896243,1.1563574942424077,9130
2724843924,1.1807106122448978,0.7796507926043498,9359
2731580904,1.2641544827586206,0.8172013924470931,3425
2733055661,2.64258,1.292692221783584,3504
2734083080,2.101419,1.1318597486947035,8764
2743445046,0.0,0.0,4358
2753570086,1.32129,0.8421230656310843,4257
2755631875,1.5245653846153846,0.9260689230073336,3083
2797854306,0.0,0.0,10778
2803714442,2.852124668989547,1.3486248581550253,8507
2823115949,1.4118802816901408,0.8804066431762846,9703
2835303808,1.037037037037037,0.7114963192281419,8921
2836127253,3.4369199999999993,1.48996044203364,10741
2838205348,1.4479136250000002,0.8952360801223592,2196
2849733095,2.0,1.0986122886681098,13903
2866694256,0.0,0.0,8389
2871383682,1.959365994236311,1.0849750542573902,9916
2883480999,1.7512781718750001,1.0120655934698986,12527
2894110460,1.981935,1.0925724186536039,3544
2903259506,1.981935,1.0925724186536039,6667
2919014277,1.14564,0.76343787617538,3609
2924150067,0.0,0.0,14289
2930605816,1.8754515609874154,1.0562097266072215,14516
2950014111,5.581818181818182,1.8843110265933,4183
2959627985,1.4621984210526318,0.9010546179561463,9941
2983735447,0.015100457142857142,0.014987580150829669,5609
2991651636,1.4166666666666667,0.8823891801984738,14063
2991833580,1.0507095,0.7181858308333469,7630
3003536257,1.8571428571428572,1.0498221244986776,9571
3011137346,1.14564,0.76343787617538,9100
3015190300,1.579256142857143,0.9475010406402317,4474
3026557882,2.005839917763158,1.1005570356755858,3163
3035822728,1.3399896428571427,0.8501465032303885,13977
3056809506,1.786271407563025,1.0247042889770839,6277
3068945283,2.563145969517358,1.2706438539342209,11360
3078181092,1.1341836,0.7580841847925812,9286
3078534739,2.3003472222222223,1.194027681792538,6301
3079750945,1.0,0.6931471805599453,8005
3090027096,1.6624509333333335,0.9792471020707391,2053
3091886043,1.4190616810344827,0.8833797298701833,12762
3097105789,2.071146186131387,1.1220508424525348,2408
3101861673,7.155405405405405,2.0986809473334165,4479
3102293232,1.5,0.9162907318741551,7088
3130299344,1.5471475,0.9349741055886858,2213
3146884981,4.746856666666667,1.7486530386658918,4513
3153570450,1.1394361732851988,0.7605423238918521,4874
3157186063,1.7184599999999999,1.000065543498897,9865
3158350753,2.2954611678832118,1.1925461180648549,3153
3172752918,2.0,1.0986122886681098,10750
3175567491,1.93376296875,1.0762858887101812,9239
3181486148,1.14564,0.76343787617538,3688
3182544216,3.3032250000000003,1.4593647415900628,8023
3183106613,1.5101618181818182,0.9203472204607771,10312
3187928480,1.1071428571428572,0.7453329337305156,12525
3188492873,1.124223602484472,0.7534063720781421,1147
3192810140,3.370091,1.4747838326893137,12189
3203431896,1.41056925,0.8798629229304537,14369
3235169600,4.84,1.7647307968401356,8017
3239124264,2.3628825,1.2127984931052285,3320
3245257613,3.96387,1.6021856784418196,5961
3246534836,1.7184599999999999,1.000065543498897,5620
3248339928,1.0,0.6931471805599453,6958
3250191108,3.4369199999999998,1.4899604420336403,14033
3250771169,2.3117378571428575,1.1974730839771448,9724
3253457448,0.0,0.0,9425
3260400728,1.14564,0.76343787617538,7924
3272329951,1.7184599999999999,1.000065543498897,8640
3272829468,1.14564,0.76343787617538,12128
3279191705,2.51415296,1.2567985175597314,14469
3297155648,1.3018636363636362,0.8337190715180179,2997
3300242778,2.0,1.0986122886681098,6178
3329872101,1.3590504451038576,0.8582591843019702,9288
3336260784,1.981935,1.0925724186536039,8837
3361014186,1.981935,1.0925724186536039,183
3376491456,2.3416737711864406,1.2064718105630934,5007
3378246700,6.878776946564885,2.064172681996705,13247
3391384620,0.8200054897959185,0.5988395174555385,12363
3396361795,4.6,1.7227665977411035,10769
3397036515,2.2329801000000002,1.1734043434506127,4792
3401188478,2.29128,1.191276546864698,504
3407254765,1.14564,0.76343787617538,2355
3432271010,2.8641,1.3517287959325766,8830
3433142301,1.40625,0.8780695190539572,2739
3433638978,0.8435597517241379,0.6116983502764501,5074
3450870927,2.788793103448276,1.3320475260188671,3259
3480119994,2.9729025,1.379496935881952,12198
3487037947,1.2325531914893617,0.8031458594597609,13910
3492215468,1.5,0.9162907318741551,13993
3495659855,1.838173593939394,1.0431607445695772,1037
3514242724,0.9230769230769231,0.653926467406664,2560
3532786463,3.0,1.3862943611198906,1231
3549425628,2.29128,1.191276546864698,12763
3582898995,2.29128,1.191276546864698,5924
3589306343,1.6761035915492957,0.9843618528580087,13669
3596167553,1.210302,0.7931291577773947,4746
3602825174,2.8073966060606064,1.3369456500831043,7424
3612675023,3.9506571000000004,1.5995203152451802,1303
3615629667,1.0689944307692307,0.727062707009774,3812
3629906731,2.8294169260273967,1.342712552967933,14056
3642595717,5.330203977272728,1.8453324595346514,2920
3658329075,0.08840842857142857,0.08471647189864964,5034
3668566062,3.839541974169742,1.5768200828145105,10994
3672907832,2.0,1.0986122886681098,3679
3701708704,2.533614724637681,1.2623213483272915,2684
3702985272,1.5,0.9162907318741551,2044
3707169757,1.5,0.9162907318741551,12325
3725215677,1.4684738804347826,0.9036000975122409,8306
3728791520,1.9819350000000002,1.0925724186536039,10070
3742277499,3.0,1.3862943611198906,3602
3757973192,1.7267893448275864,1.003124852924994,3520
3760285368,2.1974966366666666,1.1623682026068725,11720
3767504467,0.7397959183673469,0.5537678180529996,1589
3776694578,0.0,0.0,8466
3778481334,2.0,1.0986122886681098,1411
3788375495,1.2457444660194175,0.8090370769226144,662
3788709908,1.7184599999999999,1.000065543498897,3663
3797748156,0.53701875,0.4298446635711853,1089
3805046400,2.4411776528571427,1.2358137537468592,11690
3817998068,1.5,0.9162907318741551,795
3821824848,1.0,0.6931471805599453,12262
3836220075,1.3409638554216867,0.8505627485867965,2085
3848667793,1.0238095238095237,0.7049816382069481,289
3850749443,2.9807161717647057,1.3814617457630574,8105
3855174470,1.1398830150753767,0.7607511616869003,8688
3870590682,2.2447457567010307,1.1770369978419162,779
3879508781,0.43333333333333335,0.36000273403140703,3109
3890941938,1.3212899999999999,0.8421230656310841,1786
3924085393,1.1328791584158415,0.7574727845396927,8613
3928361441,2.2798236,1.1877896404620252,1103
3929790967,0.0,0.0,10286
3932487019,2.5113559931506853,1.2560022857092745,14327
3943072718,0.6690140845070423,0.5122330835338704,434
3946209301,2.29128,1.191276546864698,10986
3966821249,2.2467435375,1.1776525055540912,11361
3970185471,1.32129,0.8421230656310843,6623
3976559752,1.1666666666666667,0.7731898882334819,14208
3987467761,1.7184599999999999,1.000065543498897,12560
3992635673,0.6260292642140469,0.4861410086352783,8459
3998305437,3.0,1.3862943611198906,8828
4006025305,1.5752549999999998,0.9459485583388528,2768
4020371334,1.32129,0.8421230656310843,14593
4020982095,1.4179311971830986,0.8829122973556313,9340
4033964746,2.015377358490566,1.1037249827089577,12203
4035183801,3.1505099999999997,1.423231218258322,531
4039510946,2.105963287912088,1.1333239049245387,1279
4054882711,2.0,1.0986122886681098,2924
4055532281,2.5245535714285716,1.259753781840657,340
4060070893,2.29128,1.191276546864698,7870
4072948428,1.9934735811518323,1.0964344459398934,7717
4079322809,2.30742938313253,1.1961712662522241,767
4080938431,1.14564,0.76343787617538,5272
4081835435,1.9819350000000002,1.0925724186536039,10699
4093474488,1.9730351191709847,1.0895833566508615,13533
4110902546,3.355371900826446,1.4714100029446213,11560
4111182874,2.1558268376068375,1.1492505337998997,5053
4111701418,1.2689050632911392,0.8192973641515924,2437
4113545264,1.10545193687231,0.7445301409417276,6526
4122421982,0.7988516756756756,0.587148503362394,4900
4127327931,2.856660779220779,1.349801725972986,768
4134342674,1.5,0.9162907318741551,1808
4137935879,2.033850448888889,1.109832587980708,11431
4142335323,2.6054288141809296,1.282440713505085,615
4144838078,1.7184599999999999,1.000065543498897,6225
4186729969,1.9284680922659427,1.074479450898772,12559
4190651394,2.1087886725663716,1.1342331559668668,7881
4193290289,2.2798236,1.1877896404620252,918
4193445267,1.7184599999999999,1.000065543498897,11598
4193861337,1.6452941176470588,0.9727822567264001,7307
4211226731,1.5119542619542619,0.9210610406194323,6561
4218598979,2.0,1.0986122886681098,6293
4243674982,1.3397623333333333,0.8500493572597709,10012
4255553557,1.5,0.9162907318741551,2735
4275930453,1.6202622857142857,0.9632744218136828,612
4290489629,1.680272,0.9859182819100596,5189
271370,10.847017021276596,2.4720761077299755,4108
908781,5.940704225352113,1.9374032427643129,10723
994020,6.444225,2.007438564008333,4902
1080153,7.277571428571429,2.1135496196465424,14083
3129848,9.467957506234415,2.348318925262871,7634
3572906,7.296153846153846,2.1157920153736285,525
3914386,9.99,2.39698576841553,6792
4159140,9.469842436245253,2.348498975699986,13521
4319185,7.613095238095238,2.1532837472282247,11842
4633670,0.0,0.0,6054
4656980,6.161880757097792,1.9687726220516837,1710
4809841,7.190465793304222,2.102970769667065,11491
4829939,3.3276435692307693,1.4650231835388903,5892
5070359,8.105473285714286,2.2088756926868545,10743
5077596,5.48331945,1.869232640005878,13954
5217870,7.8903938028169005,2.184971345824459,3469
5556116,5.829712405063291,1.9212825650919454,8283
5759916,8.774723857205817,2.2797998555701753,11385
5887019,5.861413953488372,1.9259135361677366,9642
6652134,7.551570048309179,2.146114897471681,104
6812260,11.627352,2.53586525483999,13061
6855068,7.308181818181819,2.1172407904857398,2927
7107136,19.640838215625,3.02727155101089,13041
7291434,3.4369199999999998,1.4899604420336403,7650
7514686,8.499930166995075,2.251284447736854,4831
8217676,7.204802666666667,2.104719673877052,11468
9122654,0.0,0.0,5943
9835844,11.40005704918033,2.5177010733407568,2396
10119340,9.422935080882354,2.344008674289391,11960
10246183,6.378461538461538,1.998565153257722,10102
11138539,3.665309278846154,1.540154129817928,13417
11271915,10.450023577981652,2.4379917892105,14510
11306508,9.689237221917809,2.3692373681335623,691
11509895,10.232657,2.4188253391625154,3717
11595813,5.139187208480565,1.8146923569275497,12791
11668544,7.763333333333334,2.1705763500736803,1364
12205674,8.489991063829788,2.250237670980696,7261
12299663,3.2982923287671233,1.4582178109765296,5239
12593624,12.531071428571428,2.6049886281509846,4786
13248745,9.9438202247191,2.3927749339103954,4681
13656864,10.654591935483872,2.455700259904291,11314
13670660,11.878397100000003,2.5555512641740545,2847
14939531,5.411872012738853,1.8581512739646313,13370
14943894,240.37934381322955,5.486369736705774,752
15306469,12.252442639175257,2.5841818855682694,1662
15570662,312.2515337423313,5.7470064899887126,2595
16075747,4.844071601941748,1.765427746027931,8748
16158698,7.0,2.0794415416798357,1783
16386191,5.116145753424657,1.8109321192780525,955
16501848,0.18081977441860467,0.16620892135206988,8791
17034558,9.369591834782609,2.338877661272262,12480
17060287,11.57615331010453,2.5318024263015184,9376
17349236,2.678513457943925,1.3025087189247224,6785
17501000,4.8991184210526315,1.7748029195867985,1247
17690452,2.187220169491525,1.159149116667337,12715
17861664,9.649966216216216,2.365556719964132,1347
18174200,1.0,0.6931471805599453,9293
18258331,7.863286829268294,2.181917669781211,2926
18341974,13.200145350867052,2.6532522005313806,11007
19155129,0.15796840206185567,0.14666709213072315,8422
19535059,9.369568736842107,2.3388754338011526,2338
19759542,6.500901222222222,2.015023176286237,193
20020774,3.6915066666666667,1.5457537817565852,14414
20708012,7.758064516129032,2.169974934888844,13994
21183311,11.445668688607595,2.521372665883309,6893
21323874,3.6734765934065936,1.5419032472630494,11014
21404304,11.639548523076924,2.5368306699698016,3032
22058451,8.465006666666667,2.2476014890103957,2450
22455371,0.0,0.0,4136
22683235,5.405592459342561,1.8571714305779172,3479
22765468,9.049107142857142,2.3074837890516924,10917
23392310,5.5857189542483665,1.8849035098350766,12806
23437561,5.192771084337349,1.8233826576585672,3765
23496591,11.683014983225807,2.540263695447506,875
23502372,9.710549986206896,2.3712292357281703,3452
23536021,4.309628130841122,1.66952180094484,3840
23722703,0.45263157894736844,0.3733767935566639,14013
23884225,7.92774,2.1891632833511063,12988
24156200,6.9451476793248945,2.072561387522021,2743
24484797,0.0,0.0,3166
24623638,10.051200937499999,2.402539104184984,6740
24728412,3.284562711864407,1.4550184959354056,9551
24841721,9.782207792207792,2.377897348983244,1553
24923591,10.763228340000001,2.464978423504598,8950
25114371,6.371062706692914,1.9975618893874783,6382
25127119,6.18859,1.9724950467993534,11974
25165535,4.29615,1.666980141496451,14503
25191772,7.74882718446602,2.1689196553248613,11585
25382414,14.31833841509434,2.729050699885636,8986
25683899,5.5112345679012344,1.8735290800074538,11823
25978601,3.9506571,1.59952031524518,11734
26876058,7.920769503916449,2.1883822101263197,2804
27155657,9.576126373626373,2.3585992321327187,10603
27486763,10.33645010909091,2.428023207765505,12137
28095623,9.16512,2.3189622522245985,6091
28292786,9.274629705882353,2.3296777213759525,6343
28727185,10.370868128571429,2.4310546574045904,10037
29140112,5.665532512820513,1.8969498473363862,4179
29354771,4.974530517435321,1.787505520242625,12239
29693699,1.4662921348314606,0.9027158627830862,2613
30154795,9.412408759124087,2.34299824482543,3671
30465425,9.128750476190476,2.3153779618065427,10684
30588773,9.225,2.3248357019288655,7371
30594902,4.705621074168798,1.7414518422736651,10003
30769590,6.2275942007042255,1.9779062284732678,196
30833158,4.270878529411765,1.6621970525329246,13913
31671135,9.019024249422634,2.3044857106178074,7790
31856083,9.203125,2.322694045916759,2451
32375250,6.423096393442623,2.004596273830783,211
32419638,8.816283185840707,2.284042556405749,5458
33015700,9.376499093303574,2.339543546599781,8282
33296198,9.895238095238096,2.38832582178222,1704
33309123,7.870466321243524,2.1827273677968018,7611
33387035,2.7980258823529414,1.334481427099086,13019
33902140,0.0,0.0,9011
34108835,7.19605125,2.1036524834073713,13378
34230468,0.6526315789473685,0.5023689137477673,9272
34733384,172.16408700000002,5.154239624743849,14303
35169491,3.7264150943396226,1.5531670069727976,4218
35468020,3.7686567164179103,1.5620646544266232,5894
35556674,0.0,0.0,1470
36009629,3.802340568062827,1.569103417413075,13516
36045880,22.05263157894737,3.1377799312100056,478
36285542,7.9469047619047615,2.1913076358127896,5094
36305000,11.89161,2.556576712176964,13722
36407794,11.625953809523809,2.535754521576934,1109
36514472,6.0977533500000005,1.9597783043954027,4879
36576194,11.4564,2.522234547053978,3169
37309670,3.0506466902654865,1.398876544980257,8863
37381332,7.279889620253164,2.1138296374210124,11537
37838134,5.767704827586206,1.9121620084075495,10649
38159711,9.909786,2.3896601846205217,8032
38269857,7.659910945945947,2.158704439143403,13198
38548296,8.30547721291866,2.2306031744232837,5933
38718058,4.2727272727272725,1.6625477377480486,8602
39577612,4.11068,1.6313324677693108,11874
39733220,10.384489306930693,2.432251841850034,8318
39973857,8.1018251092387,2.208474954867847,13218
40300917,30.0,3.4339872044851463,12951
40390380,8.07276558139535,2.2052771329084186,9068
40764538,5.068411516155758,1.8030968766152253,503
41050836,8.683277294117648,2.270400407430722,11290
41080738,10.31076,2.425754485041046,10042
41360794,4.724242424242425,1.7447102130409837,3384
42361674,6.500567950819672,2.0149787444510934,11332
42443732,17.1846,2.90057508204636,4087
43193350,3.22712717486631,1.441522607450098,2238
43218375,9.468602973760934,2.348380584629255,13394
43253988,3.8098002802547772,1.5706555614790634,102
43338515,6.219941348973607,1.976846829460882,8664
43397752,9.958751485714288,2.3941383594939842,5833
43459460,10.102393442622951,2.407160710535987,4050
43462685,8.288389875930521,2.2287652198206525,5557
43571836,0.0,0.0,10340
44830892,4.134482453310696,1.6359790502408291,1887
45807508,5.44179,1.86280645180579,13628
45814439,11.49883111111111,2.5256351288247076,2082
45871088,9.45153,2.3467483791769586,12775
45887718,8.642768722466961,2.2662082792591858,5641
45951242,87.28177032432433,4.480533634702694,4697
46236803,10.291329031858409,2.4240350888470727,505
46259852,9.008265524625267,2.3034113040502,10796
46482037,8.26530612244898,2.2262768999307214,7684
46543637,6.30102,1.9880140644209705,5908
46750574,14.461265523358959,2.7383378977236505,10459
47523746,1.018181818181818,0.7021970160798632,4539
47531922,8.972034606741573,2.2997846360465424,8276
47779610,6.631868131868132,2.0323326556775485,1680
47907751,9.22173358255814,2.324516196864014,415
48474117,11.003407751351352,2.485190588752796,4580
49005871,3.4369199999999998,1.4899604420336403,8010
49313305,8.86046511627907,2.2885333395383953,13450
49321487,2.2662361764705885,1.1836383056112267,2487
49546658,1.8248973130952382,1.0384720145909323,648
49818384,7.472916666666666,2.1368748020052877,4931
50727606,7.610322857142857,2.1529618156626094,1187
50817592,10.310759999999998,2.4257544850410455,12140
50833797,6.815766082949309,2.056142986317875,4747
50867310,2.0633843835616443,1.1195203124882591,5099
51132705,4.157873505628743,1.6405243832400078,6633
51205565,6.644201142857144,2.0339473398540564,9825
51309921,4.939601002702703,1.781641959856292,12496
51590280,9.997761,2.3976917066256376,6092
52289223,4.8371466666666665,1.7642420929689635,10824
53087612,8.962948235294117,2.298873035354563,1505
53168487,9.309148936170214,2.333031747208473,8493
53173384,6.882352941176471,2.0646264558946954,10574
53227114,6.891434117647059,2.0657778823010524,5359
53391478,1.2111051428571429,0.793492455180247,5592
53461179,1.0,0.6931471805599453,7508
53613711,10.90322975051975,2.476809770899804,2300
54255858,7.797184303030303,2.1744317047195194,11072
54608994,15.450157799217733,2.8003350698229847,7927
54773859,5.0566179310344825,1.8011515470979893,8378
55048754,6.661465445161291,2.0362032768335703,13939
55320211,10.236142433234422,2.4191355856688084,3496
55439027,7.466242930699774,2.1360868365488157,12641
55458150,0.0,0.0,6661
55463972,87.66378571639586,4.484851527665368,9185
55791118,8.335504885993485,2.23382486080092,8985
55917574,0.014031300593631947,0.013933773128105478,6975
55933248,6.3555093498023725,1.9954496038380907,13815
55962347,7.234162258064516,2.1082916290151674,12226
56051670,6.361702127659575,1.9962911733476656,8314
56128288,11.731869989700998,2.5441082980655585,13139
56378340,5.825364334615385,1.9206457220074644,7864
56390251,4.334640153061224,1.6742214322560223,13069
56599259,10.0,2.3978952727983707,3977
56716953,2.8524806564102563,1.348717267150925,12630
56892598,5.9835668516129035,1.9435597965127298,3279
57147204,5.477492077562327,1.8683334103831102,14560
57537832,10.28735632183908,2.423683189699882,13343
57667326,4.630295,1.72816183864744,12675
57791927,7.583170731707318,2.1498033943834387,9820
58033498,6.797464,2.0537985526247837,614
58124565,5.906943529411765,1.9325272142245304,12024
59190846,10.404281632653062,2.4339888666989284,5336
59520547,4.8359214,1.7640321624409878,6278
59660503,9.548994895522387,2.3560305848169483,10177
59678607,7.476937628571429,2.137349255874938,3612
60058714,10.144736842105264,2.4109673543657233,12388
60064030,4.423280423280423,1.6907008765128662,123
60209088,3.5234400000000003,1.509272766330255,6475
60271837,2.007977991746905,1.1012680894873248,5149
60633207,17.589673125,2.922606218200603,5593
60938829,0.0,0.0,10323
61197464,2.6181937751677853,1.285974944181175,8823
61344542,4.353432,1.6777378505648435,1229
61842644,6.08191635,1.9575445419848228,4217
62395275,7.154396735294117,2.098557258510723,2178
62460564,6.725331111111111,2.044504684145003,2077
62750462,5.205395212781955,1.8254191092603447,14525
63067645,7.320919024390244,2.118772708395187,9854
63845245,6.247680485829959,1.980681484688135,5952
64922911,14.612820512820512,2.748092404484882,4251
64923519,8.909421325301206,2.2934859536300167,4521
64996333,4.4278986,1.6915520608843517,7868
65078947,15.336654719235366,2.7934113389269433,759
65252199,7.410526315789474,2.129484054165734,4967
67189873,12.71682462761194,2.6186231543749505,7022
67254137,5.660608524590164,1.8962108504368913,6434
67300815,4.540565635359116,1.712096595792645,12548
67314562,0.0,0.0,4048
67523302,6.486332727272727,2.0130790550978728,9508
67552309,3.0617597768240343,1.401616322272043,7905
67918199,2.455422587883321,1.2399447617179395,10232
67928217,6.212134137931034,1.9757649044375234,75
68294250,5.868082058823529,1.9268848909579597,2535
68799024,0.0,0.0,8576
68804850,7.256500143003064,2.111000786240964,11073
68855205,4.807817589576548,1.7592048702759433,4297
68868277,6.606450000000001,2.028996571573997,10164
69402148,12.175884,2.578388188950732,14413
69947015,6.125,1.9636097261547143,9031
70085313,10.627450980392156,2.4533687662733996,12200
70118134,8.740634005763688,2.276306208530205,12232
70260309,13.2129,2.6541500029198386,2521
70286918,4.88672255184136,1.772699399980426,14435
70680676,2.643410852713178,1.2929202903424322,47
70957080,8.847653493975903,2.287233202842325,6515
71529280,11.6581821,2.538303812408585,13158
71628411,5.8125,1.9187591599893625,13494
72385230,8.938702583837273,2.2964364873845224,318
72684419,10.658974263157894,2.45607620648306,2173
73142571,0.0,0.0,1933
73176469,8.181952581818182,2.2172398815595225,2420
73338611,9.822033898305085,2.3815842315668747,1668
74127313,10.2664233,2.421826912995851,2707
74270773,7.851928278688526,2.18063531988401,8358
74352323,4.050655714285714,1.619518079271225,770
74497062,0.04522263157894737,0.04422990729915742,6987
74595572,2.9089447236180903,1.3632674459121892,7090
74743920,6.664703266533067,2.0366257987933443,52
74780632,8.965267242857143,2.2991057714543945,1772
76128795,0.12624584717607973,0.11888984263157448,3892
76160922,11.820095238095238,2.5510138803335134,3616
76736538,9.891234567901236,2.3879582976360374,11882
76967081,6.0,1.9459101490553132,12419
77050271,2.383670322580645,1.2189610145928593,5727
77543651,10.083528947368421,2.4054601276646292,6606
77589524,11.197509495543176,2.5012317911902886,12345
77858530,5.482705714285714,1.8691379717159484,785
78228896,10.562895480991735,2.4478013060150556,5250
79291586,6.9131190857142855,2.068522025890068,11530
79393342,3.846793670886076,1.5783173875408538,13038
79529240,4.642866250000001,1.7303921367745112,587
81043658,6.107177712,1.961105218738268,3747
81309296,10.184428772919606,2.4145225228216276,5364
81544066,6.142580425531915,1.9660741151968713,7819
82737287,5.0,1.791759469228055,13738
83269357,5.384615384615385,1.8538912503350613,2598
84112965,12.246499058375635,2.58373329551006,13471
84496232,7.1168545454545455,2.0939427078765225,9116
84642380,6.515827499999999,2.0170111302500535,1150
84740968,4.377863118072289,1.6822911053234835,1254
84978346,11.322284536708862,2.5114093740891885,4880
85264453,6.834258620689656,2.0585062472963433,923
85265042,9.83341,2.382634877565618,1175
85808748,11.074683387096774,2.4911109786645844,9906
86966493,8.23913043478261,2.223447772435322,99
87312408,4.678362573099415,1.736662911788665,8338
87760280,7.92774,2.1891632833511063,3382
87833173,2.6666666666666665,1.2992829841302609,6769
87837078,4.2988505747126435,1.6674899243420647,8510
88171513,4.420675537359263,1.6902204455740615,11425
88778859,9.61323173076923,2.362101499156336,4622
88847914,9.1785612,2.320283665180661,6281
89474410,9.570048309178745,2.3580243702765027,8040
89504958,3.7640544114832535,1.5610990728139036,7059
89657044,52.65745721271394,3.9826204568585384,1654
89775894,6.201597006755374,1.9743028079203881,10855
89943863,7.562362867346939,2.147376187967766,12702
90210028,9.991111111111111,2.397086865316996,14511
90973990,7.614285714285714,2.1534219546778264,4478
91665664,11.322667704280155,2.5114404691035004,6138
92781293,5.222222222222222,1.8281271133989299,6839
93006189,5.536834285714286,1.8774529941049394,4735
93038582,9.16512,2.3189622522245985,4575
93151450,9.242600364963506,2.3265555292645446,11058
93445041,7.8704841000000005,2.182729372058812,10490
93500759,4.432532692307693,1.6924054510424786,6176
94052440,13.372727272727273,2.665332471417056,3695
94072309,4.046604653465346,1.61871567131299,12563
94214746,9.732428780487806,2.3732698852210747,3011
94220911,0.0,0.0,5829
94728038,0.09638140811455846,0.09201512809235593,12719
95265517,5.765776992,1.9118771097207303,3988
95623960,10.194176617431195,2.415393698210626,3099
95660867,10.729625956416465,2.462117774383426,4951
96334034,9.1574824,2.318210616168423,12869
96447898,0.0,0.0,5241
96499241,12.307255438596492,2.588309408183823,13456
97003689,8.8086,2.283259551874156,4648
97124234,5.237288135593221,1.8305454942632116,14595
97214100,9.035524425974025,2.3061312405713044,10802
97269071,9.1248042228739,2.3149882767932053,6171
97813832,8.667199017199017,2.2687386105467526,606
97879920,3.9506571000000004,1.5995203152451802,861
97886903,3.82249197,1.573290800684904,3957
98179353,6.789904328139691,2.0528285784387794,2856
98468274,9.606845238095238,2.3614995698724606,188
98784381,1.14564,0.76343787617538,9680
99280901,9.380965217391305,2.339973861602596,11864
99947907,3.6666666666666665,1.5404450409471488,2410
100439945,7.039272572727273,2.0843386030687263,2678
100531150,4.090909090909091,1.6274564179367788,14120
100785172,10.165309451791197,2.4128116011454894,10531
102452452,2.1315789473684212,1.1415373333851437,8861
102908544,10.316381564233577,2.4262513718734615,7687
102938841,12.069354964285715,2.5702701740300222,6599
103079590,5.6822424157894735,1.8994536222033895,10813
103155769,7.669927317073172,2.159860407490087,921
103276231,4.93860735426009,1.7814746537415869,10823
104467410,9.726354659685864,2.3727037654332404,1304
104990654,8.441860008350732,2.2451529955315226,883
105056926,5.357118663239074,1.8495752343270218,1180
105143632,8.611810899563318,2.2629926443102577,10657
106492374,24.153374233128833,3.224992051885637,13003
106693271,5.444165659154275,1.8631751724880627,293
106951444,4.3883979750550255,1.6842481190451273,13130
107110580,11.192701262953367,2.5008375155770346,11044
107443386,9.46889938064516,2.3484088981194913,13298
107486545,9.449253996447602,2.3465305879628318,3344
107581541,2.9914529914529915,1.3841553228711412,1845
107901592,5.620689655172414,1.8901995420413076,13082
108083530,5.909433962264151,1.9328877186882885,6648
108102612,7.277777777777778,2.1135745480492947,439
108112190,7.663482000000001,2.159116720284376,4722
108212550,9.9899808,2.396984021371238,5686
108378069,8.031247050408721,2.20069045871431,6486
109139690,9.415018867924529,2.343248886321907,9952
109215182,35.89345455833333,3.608034152069214,14364
109564984,6.295,1.987189181974749,9650
109893244,6.756344243697479,2.0485111205751214,9914
110579793,4.48669832781457,1.7023266771257506,9207
110598790,6.947916666666667,2.072909839816621,3029
110822173,7.361660079051384,2.123656981432602,357
111041293,7.989010851063829,2.1960028147396966,10416
111132336,6.8738399999999995,2.063545872274451,7286
111192186,9.68358585858586,2.368708531728341,4631
111716272,9.636364360465116,2.3642787300773,4544
112087127,9.172087591240876,2.3196474585374345,9212
112844182,8.024691358024691,2.19996430507734,10688
113021829,6.306339042857142,1.9887423333813798,2174
113181721,3.454229571428572,1.4938541102614002,467
114222035,9.600549665775402,2.3609058550354143,11403
114418179,5.367244931506849,1.8511668691982064,11199
114819424,3.0753445161290327,1.4049552869545427,156
114973453,104.46009166666667,4.65833260330986,10415
115187091,7.102968,2.0922304143161563,3379
115713984,6.740571673469387,2.046475544495516,4550
116084039,6.048338114942529,1.95279186065893,8900
116264878,6.959842642857144,2.074409231175609,1757
116324891,5.07842925,1.8047463155612569,13927
116563295,5.070450375,1.803432799188807,3357
116974809,0.0,0.0,11538
118064352,7.250809061488673,2.110311263597465,550
118137243,2.5714285714285716,1.2729656758128876,3842
118429909,6.733881080000001,2.045610816806222,2835
119139406,5.972115369261478,1.9419186750339867,12380
119243673,8.794070350515465,2.281777136276123,409
120162474,5.4613320000000005,1.8658354884903363,970
120674853,71.87177435897435,4.288701381035453,10306
120773181,9.923913043478262,2.3909542434441358,10315
121015884,4.795790352422907,1.757131852724693,1586
121230373,4.147403232931727,1.638492360895458,9638
121470905,0.0,0.0,14615
121487307,8.577722,2.259439776650577,7419
121767503,7.411227835051546,2.1295674603618044,724
121781443,8.673168705882352,2.269355939954176,7063
122027658,3.9178726415094336,1.5928760470596253,14464
122123396,7.9939114662162165,2.1965478446505466,13280
122408874,5.0,1.791759469228055,9143
122648852,11.607562553513512,2.534296836567659,13799
122680955,8.129872980582524,2.2115517821971236,13495
124210634,10.266250337837839,2.421811560875198,8952
124310006,1.0045762921348316,0.6954327128075898,9404
125019721,8.65981308411215,2.2679742985664313,4370
125471844,5.564814814814815,1.8817242994079078,1383
125517558,0.0,0.0,7318
125817850,10.454115342019545,2.438349083941877,9618
126216259,20.782307500255104,3.0810980577265186,11905
126301788,3.2322644376899694,1.4427371778803324,6308
126641397,1.1092704761904761,0.7463421418227965,11552
126682019,5.421879144385026,1.859710776490714,412
127213707,13.403846153846153,2.667495264935792,3720
127381171,8.523881855146124,2.2538025235861165,5395
128074760,6.770319556756756,2.050311290529586,7886
128449555,4.1640654545454545,1.6417241480677878,14151
128484916,6.458628571428571,2.009371559705354,710
128887015,5.791846666666667,1.9157228731751015,4680
128920214,67.72933304686775,4.230176081126991,4875
129098874,5.7282,1.9063076487448751,11494
129427783,4.119699157641396,1.6330956790519167,12050
129890713,4.7409970951612905,1.7476329052040602,13864
130074893,7.944444444444445,2.191032607088298,8450
130147003,3.4369199999999998,1.4899604420336403,11279
130166338,4.394725434782609,1.685421704881685,5339
130278414,6.2377894846153845,1.979315839973539,11434
130339740,2.277839530726257,1.1871845257146731,9584
130440320,11.804968032786887,2.5498332231850287,10569
130702382,7.471502590673575,2.1367078944264684,10546
131012787,5.272547727272727,1.8361826082008317,2819
131239549,2.0977853544827587,1.1306874544047922,1612
131437806,2.9779470198675497,1.3807658620594185,2356
131544683,11.672844827586207,2.53946150169341,6313
131566042,8.17907031627907,2.2169259267674843,1096
131574379,7.314984709480123,2.1180592737352173,4850
132252718,7.126005361930295,2.0950694574139876,475
132290669,5.529090461538462,1.876267647452127,2777
133082294,6.8738399999999995,2.063545872274451,5132
133139222,6.580070078125001,2.025522444746769,1226
133820871,9.814434596273292,2.380881778452016,12993
134113758,16.382485954285716,2.855463144953069,12103
134260239,9.252307692307692,2.3275028209569957,4340
134339748,10.559416150485438,2.4475003559553894,10589
135374992,8.03875968992248,2.2015219625487656,4642
135426662,5.6572311504424775,1.8957036549303379,13062
135522907,0.0,0.0,12159
135539089,6.661458333333333,2.036202348573656,4753
135782688,7.510490526315791,2.1412995820892875,11100
136328157,8.371794871794872,2.237704633060187,6002
136751661,8.477803456722276,2.2489525865422744,4824
137576694,2.6937581699346405,1.3066444139964621,7517
137590551,8.059711259541984,2.203837249739307,13571
137689180,1.4402331428571429,0.8920935850917546,13718
138425764,2.375,1.2163953243244932,6208
138807022,96.27991489361702,4.577592543357452,790
139112187,15.870160183066362,2.8255463916560326,5439
139968973,8.2580625,2.2254947935044163,7615
139991331,7.92774,2.1891632833511063,2861
140126093,6.478260869565218,2.0120002608843035,4530
140321777,5.2283303225806455,1.8291082908730172,4096
140886475,12.145704230769232,2.5760950307878288,7613
141088166,6.002867304395605,1.9463196800996843,9814
141217054,5.2435061538461545,1.8315419082130278,8887
142011539,4.784313725490196,1.755149723615494,12409
142110578,4.526421761392405,1.709540546678235,12724
142379085,6.6752136752136755,2.0379961335044436,928
142731113,4.704545454545454,1.7412633052135227,11786
143638634,9.455481562500001,2.3471263923172145,7478
143765293,9.195912814070352,2.3219869354838165,5454
144285079,8.437483783783783,2.244689396299101,3381
144438551,10.681408235294116,2.4579985382225824,13334
144536166,6.255558095238095,1.9817678089789204,13065
145133491,8.346805714285713,2.235034650094368,1759
145247844,9.79145099474343,2.3787542461088087,9023
146326554,10.938936554621849,2.4798050382207997,7899
146552390,5.641651650655022,1.8933606751255663,6294
147370846,2.176716,1.1558479587829746,5944
147665225,6.180227419354839,1.9713310565633744,5689
148023031,1.0,0.6931471805599453,4454
148058324,7.93199536231884,2.1896398147568674,5630
148061288,7.569407142857143,2.1481985520204008,7019
148085121,11.132450331125828,2.4958837084191514,2913
148140973,6.2580585,1.9821123688300415,13200
148173999,2.302072260869565,1.194550229228675,13293
148460997,5.0,1.791759469228055,9830
149244275,5.052566153846154,1.8004823397738396,8498
149350517,4.474683544303797,1.7001344739049125,11936
149431089,26.61409846153846,3.3183264561259924,4016
149954119,3.4130434782608696,1.4845645825526923,3462
149971286,2.64258,1.292692221783584,11127
150207774,6.4478969230769225,2.007931700335084,14280
150434201,11.302475239923226,2.5098004811506653,12969
150838617,3.9638699999999996,1.6021856784418196,3351
151115980,4.860652981595092,1.7682610276873556,10172
151315108,3.1840336312499997,1.43127576479198,11269
151890281,6.01916117260274,1.9486437198158608,4733
152588510,9.025,2.305081973192633,9285
152931765,11.507692307692308,2.5263438396521734,1523
153221117,13.031348702290076,2.6412940193794396,13679
153243403,6.32258064516129,1.9909628129962564,9080
153652744,4.373934426229508,1.6815603080774524,1561
153682499,4.009708737864078,1.611377777251927,260
154053931,5.435306590909091,1.8617994841880545,5197
154257263,5.4970757250726034,1.8713521872210512,8264
155032799,0.4455266666666667,0.36847373036128933,3292
155043680,2.565941071146245,1.2714279941070548,8258
155370604,9.784660766961652,2.3781248251935905,7930
155806275,4.894871261538461,1.774082695165366,12148
155949421,6.254716981132075,1.9816518753935768,2903
156064749,11.582089552238806,2.5322743386108892,10509
156078864,6.873839999999999,2.063545872274451,2122
156381657,3.3740458015267176,1.475688393513588,5748
156666285,2.2719279294117647,1.1853793920345175,1078
156993137,5.114066751703992,1.8105921412539883,735
157553828,6.595744680851064,2.0275881800695807,2317
157569874,4.804614401273886,1.7586531876677822,9548
157677593,7.542857142857143,2.145095511901273,13689
157851104,10.30329218106996,2.4250940267435497,3418
158646512,7.2318525,2.1080110804897827,7516
158973352,5.9554239912,1.9395217855877476,7168
159430468,4.85639701986755,1.76753457146942,6412
159499131,7.090238666666666,2.090658232077351,7813
159693075,7.438704166666666,2.1328287620650643,6627
160299811,6.7,2.0412203288596382,14051
160381610,4.947604790419161,1.7829885822779532,6807
160600527,1.0639634146341463,0.724628121994266,2002
160716765,22.807211059907832,3.169988520496941,10068
161514096,6.342105263157895,1.99362562209498,279
161686994,9.53968253968254,2.355147423084901,4318
162164619,12.215909090909092,2.581421338040458,12733
162682478,3.8300317647058826,1.574853044186517,9908
162794394,8.474183976261127,2.2485706233821623,1274
162810823,13.185562965517244,2.6522247548555433,8740
163007303,0.9781420765027322,0.6821580589843501,8689
163163137,0.0,0.0,5042
163754169,9.079930289423077,2.310546346887471,5622
164026928,4.22399896875,1.6532631945679084,10307
164187682,4.3052631578947365,1.6686993764708278,8997
164355908,6.875912408759124,2.06380903943001,10887
164889786,73.70484581497797,4.313544960382545,532
165166772,8.41796347826087,2.2426188739481474,7289
165306650,6.436413818181818,2.006388718953821,11095
166637538,4.287337384615384,1.6653147892167917,5532
167389180,14.579795322884012,2.7459749031858345,4577
167443690,5.880952,1.9287570144657404,14261
167458866,7.651436231884057,2.157725345529043,6527
167842515,3.0,1.3862943611198906,2101
168746890,3.5,1.5040773967762742,10910
168829537,4.833333333333333,1.7635885922613586,3918
169226248,7.295081967213115,2.1156628051141544,5549
169617297,0.6521739130434783,0.5020919437972361,4531
170266864,8.851851851851851,2.28765944277737,1914
170817929,0.8751897486446525,0.6287098535792207,13852
171350646,9.837167070217918,2.38298162147035,3023
171485908,5.316485625,1.8431629814997248,4897
171664066,4.732374461538462,1.7461298360837787,11282
172148568,14.805193846153847,2.7603386104549967,8255
172350649,10.45257838,2.438214890675882,10598
172438715,6.58929038961039,2.0267380942318587,6111
172610035,7.291693484042553,2.115254228627705,9403
173028281,7.1100083,2.0930988915546647,5985
173145619,0.1910956611570248,0.17487360717876932,14402
173665660,6.77879812037037,2.051401843013652,12504
173672600,0.20920062901155326,0.18995950411121568,958
173733997,5.602459024390244,1.887442159094958,13726
173741577,3.4369199999999998,1.4899604420336403,2484
174309585,4.6773666,1.7364874984643797,7510
174391592,5.553367854387657,1.8799790937462415,126
174695823,9.917268620689656,2.390345812719485,4289
175386936,11.530231538461539,2.528144247465223,5680
175706636,2.9331753554502367,1.3694470781283357,2026
175713276,149.1604343801653,5.0117042850562035,5039
175774447,9.696026341463414,2.3698723025362707,3077
175848306,8.0,2.1972245773362196,6909
176471155,11.185185185185185,2.5002208847610428,7023
176548839,10.03448275862069,2.4010251658072983,12327
176610120,5.535454545454546,1.8772419001974097,10439
176834320,3.3333333333333335,1.4663370687934272,8223
177249598,10.69264,2.458959584033501,3334
178163859,8.959040247678018,2.298480706278621,1873
178517186,4.823153409090909,1.76184193787819,13302
178627686,9.967068000000001,2.3948969641782893,4152
178702442,12.206385042857145,2.580700428007725,8384
179158739,11.693428965517242,2.541084455274776,7303
179342905,0.0,0.0,1576
179793184,7.00473,2.0800326169604197,12463
180013866,6.61144578313253,2.029653138471706,8677
180424012,9.161671983471075,2.3186229939132232,1475
181244024,8.878378378378379,2.290348366545609,1855
181560218,2.213382899628253,1.1673242450308918,11372
181614003,10.11162983649635,2.4079922928468194,6217
181661226,14.671671083773585,2.7518546929139327,12591
182778854,8.514980000000001,2.2528673988016052,14131
182783363,0.6542956397515528,0.5033753229213529,1509
182793390,1.6663854545454546,0.9807237929055502,6108
183531783,7.728557504873295,2.1666001219345983,13795
183802187,338.16515490909086,5.826487171368213,2879
184127211,7.696078431372549,2.1628721690253085,1664
184404454,5.2036901204819275,1.8251442957241386,8552
184600888,6.484219189189189,2.0127966956886305,8470
184618261,7.994245638766519,2.1965849993794486,1450
184867732,8.104166666666666,2.2087321841876992,10478
184930387,6.759422688860435,2.0489079356622173,9208
185071190,9.486268761290322,2.350066664309233,13479
185255184,3.8866666666666667,1.5865104077903958,7999
185510389,366.9998567335243,5.90808254885778,4798
185660943,6.99441498432602,2.078743170916485,13443
185662130,7.300224812030075,2.116282600222495,13997
185707638,5.127863571428572,1.8128461690423836,5100
185773773,10.31076,2.425754485041046,5412
186176952,5.295141851979346,1.8397782013138035,9821
186349711,2.2165384615384616,1.1683057693719523,13740
186411758,7.273972602739726,2.1131147567864237,12229
187088942,8.727272727272727,2.2749335616635356,7458
187531900,8.996727272727272,2.3022577667013664,284
188047592,12.43123549090909,2.5975830011593586,11066
189050348,1.1111111111111112,0.7472144018302211,5297
189526460,9.249030000000001,2.3271830669599827,12989
189764408,9.944176245210727,2.392807465027818,2135
190366627,12.619940625,2.61153494131392,7834
190413387,16.62396765957447,2.869259774476483,13951
190439008,3.2969999999999997,1.457917104792858,10776
190442540,8.023486134691568,2.1998307488403843,12360
190875374,5.064516129032258,1.802454758344803,789
190956326,7.988605887152318,2.195957762726688,7764
191111160,7.96878796460177,2.1937505459378923,3651
191650526,9.389473684210527,2.3407931478329407,10397
191694579,11.938980333524357,2.560244486394826,792
191866504,2.525,1.259880436264232,4406
192325492,9.0904752,2.3115919293913163,4511
192829806,18.069533513513516,2.948091957515205,10228
193103199,4.422930578761062,1.6906363665158881,618
193130169,13.747679999999999,2.6910857822791594,12643
193542770,6.252865352112676,1.9813966117684019,6782
193599168,11.257390800000001,2.5061290856722396,2578
193949686,0.01684294117647059,0.01670267168555117,12779
193957883,2.997076071428572,1.3855631116793192,1792
193998238,7.971014492753623,2.1939987680873365,5246
194229912,3.4285714285714284,1.488077055429833,6336
194594832,8.28272997032641,2.2281556813731913,8335
195648072,10.790953285474862,2.467332566706853,10320
196052061,8.911921722158437,2.2937382470154355,494
196872583,7.848000000000001,2.1801914447799793,1057
197071447,14.53419,2.7430434011573657,2052
197473682,3.1128260869565216,1.414110404609233,6200
197525845,12.832281481481484,2.6270050981942807,149
198492420,6.339230731056563,1.9932340321008273,7522
198569251,4.869754684931507,1.7698128416433005,12467
198892684,5.491875,1.8705513949999388,10578
199027514,18.50944773559322,2.9708988474990212,12254
199476435,6.442957746478873,2.007268316414041,7969
200023910,8.446491272727272,2.245643378667714,3596
200829151,0.0,0.0,11984
200927640,2.75669625,1.3235399142416546,12082
201049335,6.319899460674158,1.9905965929983163,7982
201878079,7.123227848101266,2.094727593423216,12145
201910213,4.022357723577236,1.613899489496302,11827
201955948,7.034598214285714,2.0837569934943727,3018
202377599,3.7300462078651693,1.553934971560811,1053
202640599,4.8694554406779655,1.7697618596350726,1421
202963820,8.337623033571429,2.234051726658226,14092
203134359,8.449095,2.2459189697239137,2421
203303304,5.705570454545454,1.9029385920923274,4748
203520693,11.52659238512035,2.527853775426319,14000
203941630,8.01948,2.1993866827453203,11749
204277398,3.5921021454545454,1.5243379029890616,751
204319333,10.246215335294119,2.420031657409807,4847
204601311,6.9427506766917295,2.0722596480977575,13663
204823602,5.782754285714286,1.9143832562914784,10548
204850782,2.53781512605042,1.263509340570852,8139
205088421,5.86987769472,1.9271463032693816,11711
205697729,3.203356067532468,1.4358832699060986,5865
205707144,4.841559809768638,1.7649978518915688,10034
206679226,8.88236629787234,2.2907519869165447,5133
207093047,4.4079901006993,1.6878775082469943,14291
207322594,1.6891447368421053,0.9892232013651868,14375
208563516,7.3549665,2.1228561524642138,12479
208817386,3.287425149700599,1.4556863545438907,8866
209267476,4.014797136038187,1.6123929691576688,4934
210269705,0.0,0.0,13439
210279470,7.1855203619909505,2.1023667838775424,3217
210382478,7.694444444444445,2.162684252084043,5379
210747803,9.376953844262294,2.3395873707248707,7593
211063654,9.430314444444445,2.344716416635365,2159
211976895,2.967208121827411,1.3780626034349472,311
212324497,8.278467153284673,2.2276963557070397,9249
212393537,2.7982315811088294,1.3345355850201222,10765
212480990,6.409164255319149,2.0027176468903747,6003
213011953,4.2105263157894735,1.6506808709681495,8973
213408722,0.13338246131171702,0.12520649023072006,10500
213517369,9.679715302491104,2.3683461761066216,479
214201797,5.9687844,1.9414408049710785,13392
214541329,6.728571428571429,2.0449240367971226,4113
214860404,4.834487441860465,1.763786419868267,280
214890914,1.12043592,0.7516216901879927,13869
215041736,13.545454545454545,2.6772785424354564,8189
215731186,0.539596885595881,0.4315206195596513,8756
215873912,5.587105624142661,1.8851140447725403,13843
216151041,1.0183466666666667,0.7022786944257782,6019
216255374,9.8,2.379546134130174,8717
216403814,5.148045,1.816134145103043,1720
216501896,7.778212783851976,2.1722728315568847,1623
217717657,9.750232274678112,2.374927361287046,3148
218295872,4.1930424,1.6473197296661308,12601
218493653,6.206554947368421,1.9749910212074941,13109
218501546,5.933908839779005,1.9364237003317335,1985
218624701,7.102968,2.0922304143161563,13095
219219730,8.648443636363638,2.266796621137842,810
219239414,8.756198347107437,2.2779028109288264,9616
220328944,4.329765692307692,1.6733072770440642,13223
220688111,7.984441027559055,2.195494306565073,12665
221176020,8.14236111111111,2.2129186793603632,11055
221374159,3.7233300000000003,1.5525140593179285,11726
221543195,11.471199545454546,2.523421949568722,14047
221952624,4.9435559375,1.7823075969362745,6779
222091050,3.1782270967741937,1.4298870170363491,9981
222131870,11.10544245,2.4936551407340284,13517
222388326,10.485857816593887,2.4411165235211443,11016
222424070,10.64516129032258,2.4548907538477347,12339
222946216,2.9154054054054055,1.3649188759093358,11376
223244790,5.0,1.791759469228055,13012
223647985,0.37058823529411766,0.3152400165154388,2842
223816157,7.914883715254237,2.187722207512057,4788
223941572,53.30219895287958,3.9945647224897236,2207
224071121,9.773424424778762,2.3770824002193454,1536
224111252,5.733009708737864,1.9070222515252504,4873
224590595,9.865233333333332,2.3855680891642486,14032
224807399,6.126261355932203,1.9637867428978633,8553
224883390,11.798024181975487,2.5492907982275548,13097
225610877,8.876033271028039,2.2901109403541358,1396
225623569,3.4375,1.490091154801534,7220
225664214,11.28206347826087,2.5081399442915773,10607
225748932,11.112708000000001,2.494255149412063,4554
226152554,10.31076,2.425754485041046,9224
226247681,8.42035,2.2428722428874264,7887
226485495,2.4111176470588234,1.227039993330973,11554
226821881,2.29128,1.191276546864698,796
226917745,10.738553895953759,2.4628786292962612,14330
227799147,6.25,1.9810014688665833,12831
227821395,4.499735424620061,1.7046999864668269,8252
228389550,10.400630914826499,2.4336686972748933,13091
229100638,6.119479038805971,1.9628345540398975,8793
229406827,8.594202898550725,2.261159051339749,13724
229534817,6.676693537284894,2.0381889254559997,12393
230357442,17.466181818181816,2.9159410494073366,13887
230656731,7.57196029776675,2.148496445982167,1201
230856238,5.561561454545454,1.881228601239698,2501
230890491,6.080742433636363,1.957378765715796,3201
230986676,5.368421052631579,1.8513515664303006,2200
232033361,7.04917,2.085568980524663,1373
232229690,3.8988716129032257,1.5890048955163865,1241
232357176,5.333333333333333,1.8458266904983307,14293
232450296,0.12996295081967213,0.12218484530150173,12002
232494707,8.669183309352519,2.2689438497819885,2539
232833948,7.179009,2.1015709941312513,7826
233016894,13.1252156,2.6479615406328296,1578
233174354,0.0,0.0,13350
233205866,7.551606350364963,2.1461191425376196,12830
233567370,6.711038961038961,2.042652933495167,13282
233573873,0.0,0.0,1551
233660554,7.614615384615385,2.1534602241330654,11032
234195079,3.608108108108108,1.527817384079347,952
234311102,4.719019889285714,1.7437974426829832,8945
234410220,13.747679999999999,2.6910857822791594,9289
234670020,0.0,0.0,8307
234770157,10.476173262032086,2.440272995777202,9072
234860915,8.309037362637362,2.2309856877300542,5708
234914795,11.726448750000001,2.5436824066437116,450
234960241,4.885769442060086,1.7725374784800587,6187
235221402,86.80495998510638,4.475117990903169,5724
235378403,6.405797101449275,2.002263085606445,2592
235751480,9.329108181818182,2.3349659465700148,8362
235908014,5.912816205882353,1.933377109872005,5001
236748126,7.64683025,2.157192808699675,14322
236843688,5.502039318435754,1.8721158689928905,13090
237265376,0.0,0.0,11180
238048732,7.416935286486487,2.130245781770096,9839
238222038,5.308848,1.8419530925322667,14017
239216764,8.224058571428571,2.2218151328412823,4630
239696608,9.439268089005237,2.3455744735798,14020
240836050,29.06838,3.4034741212558504,10709
241161000,9.5793525,2.358904224179262,9539
242216108,11.160612187341773,2.4982022196245506,12420
242380795,10.548837209302325,2.4465847573805037,12782
242455809,9.979890310786105,2.3960654461212942,2368
243248090,7.275793062605753,2.113334755052282,5020
243833132,0.6443914081145584,0.4973703510915207,2867
244155983,13.708383750000001,2.688417654341516,721
244556333,4.8745858823529415,1.7706355694356815,3897
244767775,8.40136,2.240854359661757,10540
244801511,3.180735395744681,1.4304871630587814,10958
244822100,5.28516,1.838191299156521,5579
244949342,6.55908026440678,2.0227495246432374,3808
245061201,14.0,2.70805020110221,9892
245117919,8.591035496688743,2.260828859780436,6005
245339329,11.139390445544556,2.4964555739543384,2333
245512244,4.624515000000001,1.7271347221509121,6529
245725512,4.8731448387096785,1.7703902380291814,13820
245917720,0.0,0.0,11879
246176576,6.827028985507246,2.0575829980874993,10437
246299505,5.7282,1.9063076487448751,6908
246335707,7.5015174193548395,2.1402446674875844,8434
246424984,7.175324210526316,2.101120374776906,4292
246529416,9.594465294117649,2.3603317226900113,7154
247069140,10.371364621809747,2.4310983200690126,13896
247081583,3.5587965957446808,1.5170586842554339,4852
247113283,8.320108936170213,2.232174317059471,4363
247481656,4.18407652173913,1.6455917200789785,8015
247903672,3.5896719999999998,1.523808561824099,6221
247935459,3.49645390070922,1.5032890640590577,5755
247982031,3.8728323699421967,1.5836753635040766,11834
248210140,5.809933142311365,1.9183823025378046,11294
248438022,5.308132,1.8418395946903474,10624
248686467,0.417910447761194,0.3491842722095747,4522
249009462,3.5723651231527094,1.5200306034509343,2392
249016724,7.0,2.0794415416798357,5722
249142424,1.7835805894736843,1.0237380807905436,3264
249340202,6.055952660869565,1.9538716096215485,3791
249773827,6.012121212121213,1.947640253293096,7327
249787332,9.034262014134276,2.306005438351616,13207
250551289,8.649081759375001,2.266862756354509,3198
250575763,8.714285714285714,2.2735975561207935,14104
251094684,4.896876615384615,1.774422823513838,11703
251556084,9.550163934426228,2.3561413986095228,12887
251630328,3.4369199999999998,1.4899604420336403,2114
251683374,3.3550885714285714,1.4713449479687386,11221
251716426,4.565432491694352,1.7165746980948715,11334
251966416,0.0,0.0,5994
252975487,7.953291139240507,2.1920211897472814,2909
253460011,9.478091015169904,2.349286507259612,14419
253682163,5.948854130769231,1.9385767727129948,11191
254131407,9.956521739130435,2.3939348715822737,7071
254164991,13.74768,2.69108578227916,7438
254175337,5.576854926315789,1.8835566563468509,11927
254175903,8.373493975903614,2.2378859163817935,12188
254758723,9.249030000000001,2.3271830669599827,9101
255053939,5.540658066298343,1.8780377821652343,9229
255138604,9.195130890052356,2.3219102425955347,3108
255598755,8.005110619469026,2.197792262780012,3730
255850814,8.966887417218542,2.2992683403680516,13813
256012838,4.185992307692308,1.6459612038319764,13028
256355375,8.121968335135135,2.2106856070200696,5066
256432268,1.0761955205811138,0.7305371422663064,10147
257199675,14.710681739130434,2.754340846560257,1577
257240743,8.666666666666666,2.268683541318364,5390
257430474,5.6260059020689654,1.89100219462119,2211
257757304,6.4733795013850415,2.0113473066622247,1856
257824171,10.938176470588235,2.479741371894551,2438
257841131,2.3333333333333335,1.2039728043259361,10077
257842842,6.0,1.9459101490553132,10806
258145528,6.432835820895522,2.0059074576336866,14268
258170287,1.8762565201122545,1.0564896292444013,10701
258255386,7.389952038369305,2.1270348039394507,4811
258311403,8.575851393188854,2.259244449462413,558
258314433,3.9791666666666665,1.6052625410236196,1895
258370316,7.495658536585366,2.1395552726120233,12237
259184589,9.778562376923077,2.37755919637637,10059
259209013,10.404084606741574,2.43397159006373,6404
259395482,10.31076,2.425754485041046,1751
260168242,9.001453488372093,2.3027304312691363,10309
260396317,7.815594915254237,2.1765223025407052,9753
260700820,3.4285714285714284,1.488077055429833,13982
260829450,2.6310884745762713,1.2895324585843284,12899
261320848,8.5923,2.260960693299513,12845
261501501,8.501854736842105,2.2514870150075974,5799
262124064,4.358553813073771,1.6786941276834764,5784
262161370,10.242021600000001,2.4196586859443423,7855
262268857,11.038370186440678,2.488099064143099,11821
262370508,4.124304,1.6339947109241058,13306
262460807,10.610962170873787,2.451949666597514,9804
262691695,8.44186046511628,2.24515304390817,10458
262874766,10.857854611398963,2.4729904844070907,4412
263357517,2.2367825416666665,1.1745797937151996,485
263523608,3.296662301324504,1.4578385122990345,1453
263548570,0.30516039051603905,0.2663259378324955,12631
263751218,5.7167436,1.9046034537532774,711
263786111,2.1655035343511453,1.1523121375236591,1614
264243449,9.276480623268698,2.3298578495891444,997
264495601,4.537775890909091,1.7115929564162313,11190
264678346,9.109119067092653,2.313437894428074,5010
264854672,9.0,2.302585092994046,10581
264957495,7.697528827751197,2.1630389425255263,12597
265132362,7.7330700000000006,2.167116968972585,2878
265305205,5.932422782608695,1.9362093599832595,7025
265365133,7.287543333333334,2.114753584256481,4408
265756185,5.483353500000001,1.8692378919313537,3448
266302757,3.831932773109244,1.5752465476858213,13341
266781956,1.5859375,0.9500881114574458,7987
266926083,8.317647326226014,2.231910164022608,13681
267231284,4.53763294117647,1.7115671425190115,3678
267635510,11.158231131428574,2.498006399791379,8681
267666380,2.462137361213916,1.241886132805132,7846
268561789,1.3994082840236686,0.8752221586323942,12505
269260248,3.931581920903955,1.5956598130358668,2455
269825467,1.0952045133991537,0.7396511683705348,6223
269907472,0.9799732977303071,0.6830833586207126,13444
270610310,1.2060664419836302,0.7912110391373284,5493
270669302,2.2559561,1.1804859652484174,2474
270742026,11.9578237152,2.5616997536135715,5770
271020888,0.5833333333333334,0.45953232937844024,13168
271075286,9.345967457142857,2.3365968261233374,8313
271342064,8.513677647058824,2.2527305154788437,10281
271353080,8.043347500000001,2.2020294045330187,567
271579188,25.032234,3.259335539372975,13704
271779069,5.933550566037735,1.936372029188395,569
271835844,7.888324873096447,2.1847386035478635,11283
272281621,9.033686275862069,2.3059480594642436,5553
272701908,1.8592592592592592,1.0505625910264014,2948
272743863,1.981935,1.0925724186536039,7178
272858226,2.502691899328859,1.2535317869726486,14198
273253116,0.0,0.0,342
274448292,8.70314714003861,2.272450280314313,7402
274603155,8.46404875,2.24750027776172,3263
276957258,5.7282,1.9063076487448751,927
277205771,2.195507449180328,1.1617459012525104,9519
277285821,1.9312794520547947,1.075439000771287,1299
277917406,5.540170940170941,1.8779633027683418,5423
277984461,11.3647488,2.5148495853606296,6117
278092641,5.592883013114754,1.8859907358685852,10446
278236245,7.761973684210526,2.170421185987348,1374
278455973,3.7233299999999994,1.552514059317928,11710
278712688,4.081856846880907,1.625676715843398,9351
278749843,5.788953636363637,1.9152968260670902,11259
279028149,8.210873571428573,2.2203846960871862,3855
279089547,5.45781512605042,1.8652910448049849,1972
279136141,0.0,0.0,8273
280109166,7.5,2.1400661634962708,3704
281027767,11.4564,2.522234547053978,4197
281064964,8.337076866666667,2.233993233947999,6266
281871723,3.666048,1.540312460730209,624
281939870,7.03030303030303,2.0832222645197422,1750
281950509,3.7567567567567566,1.5595660823939272,6638
282127762,8.01948,2.1993866827453203,12514
282138856,0.0,0.0,2839
283082806,8.613466334164588,2.263164858690861,22
283341384,6.572413793103448,2.0245118796489017,13049
283611618,5.449530810810811,1.8640073856518646,2009
283944830,5.688754036363637,1.9004276140987941,4516
284465103,18.40761060929432,2.965665288588134,2705
284706439,4.0,1.6094379124341003,8160
285027539,8.445483870967742,2.245536730024274,5148
285069334,6.1080246913580245,1.9612243840283559,9182
285225780,5.327226,1.8448619094572625,5925
285865845,9.727132075471697,2.3727762399727657,13618
286081298,8.252392156862745,2.2248821296428596,7532
286211124,9.16512,2.3189622522245985,6995
286458860,10.938461538461539,2.4797652502875818,451
286720758,8.271186440677965,2.226911358516262,343
286747255,5.0330590625000005,1.7972541893162235,12171
287200430,6.6905376,2.039990690046726,9704
287880480,6.196307456790123,1.9735680412442205,6152
287926011,6.554054054054054,2.0220843799509294,11746
288082578,2.3367872784753363,1.2050084514009238,8615
288676808,7.48731,2.138572106772686,10497
289654614,0.053691275167785234,0.052299499402848844,8254
289720091,5.7282,1.9063076487448751,8227
289771298,11.554347826086957,2.5300670459068537,1684
289797304,7.347348484848485,2.121943941709395,13297
289896252,8.316766329113925,2.231815608097314,13586
290382764,10.08985090909091,2.4060303575470123,11379
290534508,3.9761904761904763,1.6046646336814427,6072
290653130,6.606450000000001,2.028996571573997,438
290873691,5.6311816620102215,1.8917830178809052,11130
291095012,6.379642352941176,1.9987251757769897,7625
291131836,3.43692,1.4899604420336405,9374
291393913,2.128440366972477,1.140534595054373,9354
291425009,7.421704972173913,2.130812298512746,8648
291601605,0.0,0.0,14241
291706651,3.7784463276836155,1.5641154576182459,2628
291757742,8.031778582677166,2.2007493117857053,10816
292158147,4.927377936117936,1.7795819459352555,14007
292199932,7.867231075697211,2.182362580247461,3430
292742611,9.25,2.327277705584417,11623
292745729,4.32507983681416,1.6724277043120477,13016
293012997,6.606450000000001,2.028996571573997,686
293255534,10.361842105263158,2.4302605573004024,6663
293411796,10.696157142857142,2.4592603385239666,3178
293419196,7.606182795698925,2.1524808746857103,6594
293533977,139.10805868274582,4.942413972621928,13800
294214281,5.718279958506224,1.9048321632164549,10348
294566312,20.0,3.044522437723423,6690
294763733,1.0303490136570561,0.7082077061856665,7073
295168518,10.912470930232558,2.4775858287030563,12118
295238915,2.75758805915493,1.323777277940558,14273
295394913,7.2882204255319145,2.1148352809081477,10777
296215155,11.550646551724139,2.529772182316451,11249
296461925,5.754394904458599,1.9101933899696053,4390
298290581,6.606450000000001,2.028996571573997,1515
298571752,3.5187982832618028,1.5082460919603677,10076
298764339,8.560666666666666,2.257657459638911,8356
299028833,3.9424725910931175,1.5978657304919963,9344
300433466,7.495376344086022,2.139522055977327,7464
300482780,8.810132957746479,2.2834158267725297,98
300520688,8.060213866666667,2.2038927253686276,2360
300970376,5.508619,1.8731272985399774,12963
301405646,7.3671875,2.1243178065281314,2448
302477394,8.504641267605635,2.2517802337874127,12817
302618992,6.3125,1.989585212557975,2902
303487745,5.265068936170213,1.834989591666619,10411
303756047,10.158749514563107,2.4122239000086316,13128
303808127,5.78064375,1.9140720458225735,7269
304074698,6.772974485714287,2.050652907818186,9157
304557968,40.879629629629626,3.7347995423536235,5497
304650809,6.3203125,1.990653018318805,2996
305103729,5.122780487804878,1.8120163214211775,387
305363925,3.1527534203655354,1.4237715890273916,14124
305768506,4.5109575,1.7067383830223326,4601
305957418,5.7173920754716985,1.9046999952037835,1128
306589346,9.382886176470588,2.3401588907716384,5389
306673347,5.633406976744187,1.8921185450224467,13534
306731371,9.394972305070302,2.3413222570515257,10226
307540023,6.102996306633907,1.9605167100428371,5567
308026626,3.3736559139784945,1.4755992529458912,3306
308858670,6.1251400563380285,1.963629382991416,9095
309012445,12.163640294117648,2.5774585057394863,4566
309539955,7.443178481012659,2.1333588349892914,6076
310148690,6.6829,2.038997080051736,14442
310288254,10.31076,2.425754485041046,3605
310288431,79.4638783269962,4.387808367286342,3674
310444860,6.0867426,1.9582257991459544,366
310726916,1.697122865329513,0.9921855994156402,9300
311428738,0.10551947368421052,0.10031533643313446,746
311519177,3.612419700214133,1.5287526000474365,11830
311940630,10.0,2.3978952727983707,9870
311987870,10.0,2.3978952727983707,1632
312485093,7.269759705882353,2.1126054524928284,4224
313226483,2.2420250896057348,1.1761981622118964,13318
313423134,13.48,2.6727683869575705,13337
313650125,3.337480666666667,1.4672936880104024,12314
314777098,54.8462551319648,4.022602471019387,3439
315326546,22.839006259326215,3.1713231575752623,37
315371948,4.042163773584906,1.6178353101074827,5732
315517534,5.800010469917356,1.9169241518746045,12160
315519143,6.59668279835391,2.0277116781090245,12853
315670882,4.16331,1.641577846705912,7567
315680721,6.509502190812721,2.0161691774022827,11836
315810809,7.943298969072165,2.1909045333176316,11421
316174972,10.270531400966183,2.422191478756061,13074
316207434,5.542,1.8782429291161922,12936
316352420,8.896905458823529,2.2922221283604443,4540
316466045,11.004796103225807,2.485306245207932,11355
317402958,15.832018038331455,2.8232829082236566,5468
317485364,8.145946753246752,2.213310803356545,12926
317694325,4.746856666666667,1.7486530386658918,3824
317722996,7.99938105263158,2.1971558030414973,1961
317773796,6.43420065,2.006091062363652,10072
318170632,7.635296743063932,2.155858076157442,11640
318334251,8.152727272727272,2.2140518974687446,11568
318414525,21.261852438376383,3.102874560640854,3512
318572430,6.4,2.0014800002101243,873
318618399,4.7297064220183485,1.745664294164226,6866
319035876,9.485451761102603,2.349988749844632,2958
319108014,5.4487756097560975,1.8638902848432852,5980
319576272,11.068644923076922,2.4906107606276855,10175
319635235,4.711192608469055,1.742427864988484,7345
319696691,3.344574723021583,1.4689278766017602,5456
320015199,5.123616792380953,1.8121529011120436,1250
320401176,5.516129032258065,1.8742804929160586,12687
320418136,7.262520193861066,2.111729649212466,5694
320460647,5.097317073170732,1.8078488503579173,10013
320535774,2.601247532467532,1.2812803222285933,14249
321025683,1.2777777777777777,0.8232003088081431,13512
321240494,4.22855838762215,1.6541355971782699,7172
321295915,4.026029741369334,1.6146303566067441,2499
321895622,8.698377777777777,2.2719586321189156,7065
322077430,8.383128309677419,2.238913215910932,336
322543324,10.057471264367816,2.403106332011123,3528
323400039,1.5,0.9162907318741551,5701
323723668,5.558035108695653,1.8806910319756243,3839
323854400,8.01948,2.1993866827453203,3686
324174723,5.677451357142857,1.8987363813843352,397
324364218,10.366553672316385,2.43067515472002,11822
324392848,9.5683133026178,2.357860213129728,10036
325032382,2.737778402173913,1.3184914248186095,2941
325687336,3.6143623188405796,1.5291736826418099,2744
325934573,5.19174105882353,1.8232163167475508,10722
326355194,8.029618407079646,2.200510108183786,8444
326915883,2.4418983865430826,1.2360231757216997,9983
327728573,7.03852575,2.084245701949702,7184
327815864,0.7469882432432432,0.5578933014459571,2090
328026639,8.982943143812708,2.3008779510373296,8564
328256636,11.4564,2.522234547053978,8807
328373481,4.435936558064516,1.6930318255189023,2354
328679559,8.442285714285715,2.2451980815990953,7487
328821052,9.294117647058824,2.331572629867298,12043
329030854,4.257119205298014,1.6595831971172257,3284
329047214,4.954229304812834,1.7841017745850811,10594
329271118,10.016742627345844,2.399416172675029,8250
329320843,0.68019494770716,0.5189098269848935,1060
329685189,11.339752407152682,2.512825954025764,2828
329845152,8.916666666666666,2.294216843323529,1069
330771065,2.381188118811881,1.2182271621695853,4857
330876670,7.895467422680412,2.1855418686613133,8213
331029939,6.106537530266344,1.9610151393011641,3397
331747335,7.427745664739884,2.1315293180708244,1801
332056501,8.209358974358974,2.22022024679815,8300
332082373,5.660359276169266,1.8961734284680591,5137
332162053,0.0,0.0,11430
332467843,7.279597246015936,2.113794325428603,1616
332486286,4.58256,1.7196474525472347,9920
332495645,0.40899348,0.3428756055105208,14048
333149612,6.168158009708738,1.969648719194839,13382
333231363,9.95225596529284,2.39354545927009,6140
333513872,2.747685185185185,1.3211383654335247,512
333708818,1.0,0.6931471805599453,14401
334132187,10.731452926829268,2.4622735191746683,13216
334696637,6.953288625000001,2.073585506653086,1894
335176432,5.425,1.8601966307812834,11302
335925251,9.8748867886121,2.3864561666779953,9173
336742501,2.6208476712328768,1.286708161749727,8380
336751144,0.6891768402610787,0.5242413335059677,12135
336779370,6.227482297297297,1.9778907455518255,10132
336946657,2.7462500000000003,1.320755339648736,11626
337103211,6.180598555211558,1.971382743821121,8495
337365155,9.183098591549296,2.3207293451174493,8413
338610947,4.795121951219512,1.7570165207841821,8656
338921882,6.91326923076923,2.068540999903841,1066
339018969,7.578602739726027,2.149271049390449,548
340113090,0.07767050847457628,0.07480177500039062,6350
340196482,7.335664335664336,2.120543217365388,14206
340225679,1.400946,0.8758628263572936,12627
341316311,4.56701030927835,1.7168581610549372,2102
341520989,7.814946951219512,2.176448797819191,5816
341764360,5.441034300791557,1.8626891329335202,12011
341935969,5.66276259661017,1.8965342028406005,851
342347871,13.559355616438356,2.6782337846764146,9219
342504464,8.946322236672327,2.2972028583875024,6030
342720214,8.63103802672148,2.2649910109378184,14498
342912732,4.432835820895522,1.6924612482457746,12657
343306711,295.13165960121955,5.690804151381731,13004
343512306,5.073384691358025,1.803916059443759,2358
343561409,7.802876681672025,2.175078563709969,9711
343746637,8.292453718791947,2.2292026426863587,4608
344128236,0.9331259720062208,0.6591383672730917,14027
344359798,8.279533251533742,2.2278112493622815,390
344652989,11.129926819661733,2.495675689933781,14233
344896162,8.449648711943794,2.2459775674754248,5852
345180756,7.365090675000001,2.124067174188764,1155
345204288,0.0,0.0,11663
345592381,5.789544655688624,1.9153838783040384,9439
345777813,5.757049285714286,1.9105862985665658,4415
345810110,11.362809851612903,2.514692760465913,4200
345894135,9.666790808823531,2.367135252391098,12443
346392743,8.952258064516128,2.2977994665806523,969
346604275,9.77934367346939,2.377631679904671,7736
346732106,9.685865454545455,2.3689218826408043,6298
346777243,5.509375,1.8732434454671998,11706
347035232,0.0,0.0,9900
347689013,12.415814567901235,2.596434202712599,9198
347889438,109.68168224299066,4.706658353962874,10861
348085695,4.6509408,1.7318220445708894,10706
348384270,9.106791485765125,2.313207622204448,12342
348545416,8.709536621823618,2.273108559416175,11145
348757476,9.500866845637585,2.3514578104832475,3421
348868990,1.3933459459459459,0.8726923642719864,9356
348923030,5.803474049313894,1.917433371327383,4181
349503518,0.5037593984962406,0.4079682383262829,10
350086128,4.75791306122449,1.7505750932959494,11419
350305301,0.0,0.0,6983
350822091,1.3493093333333332,0.8541213842495703,3521
351464743,2.590909090909091,1.2784053991087057,12469
351624104,7.891791945294516,2.1851285978631343,10484
351694326,2.4545454545454546,1.2396908869280152,12564
351890021,4.059375,1.621242957883863,12164
351959760,5.606044714285715,1.8879850956840665,14014
352706060,20.095108695652176,3.0490411982367496,10736
352791710,5.348078571428571,1.8481521799392606,5120
352864840,10.460191304347827,2.438879404371332,8590
352874038,4.423211528089888,1.6906881728311882,12596
352911587,8.506377,2.251962836568048,101
352967970,8.777140714285716,2.2800470807985795,10641
353345573,3.9569158421052633,1.6007837413081274,3669
353600015,15.561860000000001,2.807102461490405,237
354500482,8.565344827586207,2.2581466532184757,7387
355749052,6.388119745139665,1.9998732702646136,8844
355774968,3.7866323907455013,1.565827114218566,5760
356269978,6.784734666666667,2.0521647220675847,7396
356283580,5.995934990595611,1.945329264745487,13299
356498721,6.555866448979592,2.0223242746524095,7108
356520374,10.112748100000001,2.4080929268000206,1992
356557386,20.652631578947368,3.0751269980524163,3911
356616614,4.604477611940299,1.7235658518132233,1072
356941970,2.3066453433476393,1.1959341840234963,67
357235301,4.412979900000001,1.6887997545251092,13958
357630514,3.9656769230769227,1.6025496271921233,253
358302184,5.017896013157895,1.794737698756121,7627
358454412,2.6534653465346536,1.2956761271992678,2299
358481898,50.914816996402884,3.949604240687139,14637
358838223,9.034213636363637,2.3060006170815326,12758
359363069,9.693031783783784,2.3695922941617398,13014
359449580,7.902810000000001,2.186366957242839,7867
359715941,4.914893617021277,1.7774735119805785,9673
360108451,0.0,0.0,9366
360325098,9.941176470588236,2.392533329656985,3644
361065254,5.675135366991512,1.898389483779786,12245
361236212,4.124645892351275,1.6340614284619983,793
361288563,4.5997446,1.7227209895582092,9562
361487077,7.744840273972603,2.1684638434635786,10400
361691796,5.139580742514971,1.8147564568496446,13979
361893954,4.790322580645161,1.7561880034431874,1828
363018973,7.973154205607477,2.1942372536811767,6835
363200505,1.0,0.6931471805599453,14644
363323183,11.137897946428572,2.4963326196034434,10868
363346677,10.0,2.3978952727983707,6850
363416491,11.4564,2.522234547053978,8728
363760575,0.9483504842615011,0.6669831090887772,1298
364004539,8.70103092783505,2.272232161081997,7961
364215891,7.289291868131868,2.1149645454904884,14443
364555805,4.3076923076923075,1.6691571471357227,5321
364712052,7.826037549407115,2.177706165246544,1852
364994902,11.629535305466238,2.536038142769153,11128
365245979,3.0457258536585363,1.3976609790743721,6273
365944282,10.455497898591549,2.438469780573388,10713
366011425,8.550633857142858,2.2566075247657755,11448
366249235,12.418781494252874,2.5966553296754835,586
366908999,8.340941176470588,2.2344070155226965,2513
367267657,8.705695794392524,2.2727129084758344,1703
367650837,2.8641,1.3517287959325766,11877
368123001,3.5691092307692305,1.5193182692266947,3252
368316601,7.658088979591837,2.1584940261201138,1891
368437661,9.13552361396304,2.316046442502634,12085
368585367,0.0,0.0,4876
369182255,7.341584158415841,2.1212531453852574,8121
369205281,10.151975683890578,2.41161667358991,3667
370164590,7.826102307692308,2.177713502406313,7801
370178094,9.877335734265735,2.386681334075157,13702
371111841,7.669962711864407,2.1598644899601807,6461
371307192,6.381526104417671,1.998980406450925,5861
371835773,10.0,2.3978952727983707,7815
372138364,7.811181818181819,2.176021576034508,11141
372422841,9.486213851269037,2.3500614279218865,6593
372731104,2.454942857142857,1.2398059179056835,12433
372926812,6.103857408365019,1.9606379334677333,12055
373231413,10.680221075902725,2.4578969049523516,1691
373788521,0.8,0.5877866649021191,1725
373811190,5.436799193140794,1.862031396862396,11858
374428921,5.785714285714286,1.9148195619852821,9735
374777725,11.89161,2.556576712176964,4520
374845749,1.478072558139535,0.9074810637062529,5678
374885231,0.018789144050104383,0.01861480844223201,8704
375162549,8.00264226754967,2.19751811953179,766
375181956,8.8332,2.285764415263702,9474
375297275,10.513525129175948,2.4435224424967266,2366
375572262,8.21042,2.220335451833311,8236
375722339,9.322368329032258,2.3343132229720993,1950
375825032,3.3989902923076922,1.481375035568897,3943
375826636,8.89073834196891,2.2915987982544057,4668
376060488,11.688334615384615,2.5406830371318017,6764
376434996,0.0,0.0,12927
376613564,0.0,0.0,4890
376620588,5.185185185185185,1.822156946412426,8120
376800357,6.58743,2.026492930642895,497
377134840,5.140172389380531,1.8148528182112555,3542
377263806,1.1404494382022472,0.7610158248346158,2570
377633967,10.010853658536586,2.3988814825642124,7053
379517670,0.0,0.0,14025
379719801,8.75590024390244,2.277872255199146,1857
380413553,2.427083892857143,1.2317097225628284,4393
381094081,12.512605042016807,2.6036229566273823,982
381645339,4.9482,1.783088652780424,13021
382478946,5.57245198275862,1.8828869718148573,4845
382591272,5.623390114503817,1.8906073407582875,11103
383243851,5.382871371428571,1.85361805432852,9889
383475756,9.678530811111111,2.3682352595664797,10993
384719059,7.674681864827587,2.160408652518112,10176
384942611,9.156183783783783,2.3180827597582376,7640
385485794,3.9496084852941173,1.5993084795725367,1317
385754485,0.0,0.0,4277
386404016,5.112948888888889,1.810409289959596,1645
386448507,7.7368421052631575,2.1675488091901025,7028
386508285,0.0,0.0,4333
386550540,6.543068424732825,2.0206290521193364,8661
386736680,6.988235294117647,2.0779698710683796,3895
386843644,0.0,0.0,7875
386996917,7.6139336250000005,2.1533810811227796,3050
387503877,5.363636363636363,1.8505999692509885,9967
387912715,1.6741666666666666,0.9836378053337651,2241
388216866,9.622807444168734,2.3630033353198145,6519
388548389,5.76725590909091,1.9120956737495929,8235
388944203,1.3616136363636364,0.8593451296128151,9337
388966281,7.249688372093024,2.1101754265535355,4526
389000010,10.86394,2.4735035475065916,4954
389516933,10.842906390532544,2.471729071505852,1618
389570103,5.7282,1.9063076487448751,10759
389576579,4.739375,1.7473503193856497,13623
389593890,2.6363636363636362,1.2909841813155658,6867
389741546,107.91124842105262,4.690533315890804,14133
389742586,5.5094520547945205,1.873255282907577,14645
389818105,3.3256528057553956,1.4645630667407994,4456
390457498,15.0,2.772588722239781,11950
390927478,1.14564,0.76343787617538,2288
391100396,3.25,1.4469189829363254,6498
391112098,9.350313633795494,2.3370168220344314,11602
391789570,8.973220502512563,2.2999035511234256,6973
391985382,3.0809019470588237,1.406318029440297,6609
392495283,6.975310971428571,2.0763506411932693,82
392642069,2.933333333333333,1.3694872428035094,7223
392700640,10.0,2.3978952727983707,3979
393186173,11.89161,2.556576712176964,1260
393299690,0.0,0.0,8209
393458484,12.344271,2.591087154163169,5926
393917000,3.319418461538461,1.4631207778099393,5804
394122753,6.269509803921569,1.9836888620261075,9856
394123462,5.1,1.8082887711792655,10171
394442860,7.5709678453608245,2.14838066034756,6562
394518914,0.09602184971098265,0.09168712419479187,11143
394744080,6.7238999999999995,2.0443194178226975,9305
395013030,0.025089769760265845,0.02478018900936291,12301
395719949,9.748444444444445,2.374761041260828,6146
396260205,6.4112307692307695,2.002996521228284,13177
396750265,8.88085058295964,2.290598599446801,12539
396760953,4.609579811320755,1.7244758167866396,2666
396894350,1.2679899029126214,0.8188939338770335,3722
397554691,4.730113335714286,1.7457353098878081,6020
397876130,3.7748283948529413,1.5633580350362062,3156
398051353,5.8879668049792535,1.929775947859934,8339
398083980,4.385289411764705,1.6836710532244896,8272
398250461,6.788526382978723,2.0526516742062397,9395
398411740,4.518754352608696,1.7081521740644896,8315
398433047,7.017225890526316,2.0815924631047187,3096
399202730,11.120173602484472,2.494871304175919,10253
399475363,5.35386708,1.8490636165224419,297
399640389,7.006302521008403,2.0802290466424402,839
400292652,2.6472727272727274,1.2939796902953642,14057
400431826,7.562156494098513,2.1473520853060704,3067
400497648,7.6522876923076915,2.157823759076098,3188
401315212,9.428667741746725,2.3445585275603906,2414
401411537,3.822589648854962,1.5733110553304996,1537
401436896,5.405774371257485,1.857199829095787,12876
401561011,5.873220108641975,1.9276327167455423,9816
401902094,8.472606268656717,2.248404082497119,1119
402463161,5.92983264,1.935835662838044,2939
402557313,0.6847826086956522,0.5216365398702064,1055
402906397,11.292242217391305,2.5089683493613766,10637
402994272,8.53551912568306,2.2550236817951066,6063
403082529,11.89161,2.556576712176964,1457
403172077,8.635826771653543,2.265488107386129,12227
403319774,7.711271514935066,2.1646177635548933,5022
403967010,10.891052631578948,2.4757862376149298,1348
403991060,4.4532135483870965,1.6962050768105583,12125
404023422,9.211546391752577,2.323519079253683,11939
404413062,8.01948,2.1993866827453203,10346
404568228,16.045698924731184,2.835897909426885,6584
404777289,0.0,0.0,12047
404838239,11.416237113402062,2.519005060665248,10010
405399427,12.492968794520548,2.6021687197297934,11796
405565347,4.32,1.6714733033535532,12745
405846103,10.31076,2.425754485041046,6551
406057286,7.939397152238806,2.1904681542762603,12935
406165569,8.502316781609196,2.2515356406229503,2754
406649200,6.826923076923077,2.0575694668611675,13840
407691199,3.4722272093023254,1.4978865416512326,10939
408032665,3.7453615384615384,1.5571676227233846,2423
408345827,7.820884353741497,2.177122131856429,10615
408807739,10.339401,2.4282834750349935,12042
409478289,41.30542529411765,3.744915335372089,4177
409640196,11.246119402985075,2.5052091033744763,3309
410846946,7.325610943312666,2.119336419757948,784
411246363,3.3630573248407645,1.4731730329139172,3560
411395777,2.2880434782608696,1.1902927004218558,11722
411689110,7.161538461538462,2.0994326881584007,11036
413080151,10.003892142857142,2.398249041383716,3010
413274882,7.117770620281691,2.0940555623241943,2116
413616524,6.543366923076922,2.0206686238720075,8508
413721227,0.8736979166666665,0.6279139737396956,11256
413871060,3.860356485111111,1.5811117860682684,5015
414133316,6.822101419354839,2.0569532421601373,5076
414258425,3.1258431100478465,1.4172703892164191,2364
415310701,3.9477193430656934,1.5989267316332691,4042
415652030,9.63768115942029,2.364402524017256,10166
415796990,5.175328015000001,1.820562000941289,1670
415928521,3.4099959090909095,1.4838737618145397,1897
416452395,1.0573755,0.721431141410196,1688
416824377,7.514922893050193,2.1418202586479547,6998
416896387,3.976698058252427,1.6047666306164299,9803
416983796,9.16512,2.3189622522245985,4911
417745379,2.1052631578947367,1.133098464739279,8550
417904391,3.767882666666667,1.561902320959136,6386
418277881,5.275862068965517,1.8367108570903212,12114
418372323,9.0,2.302585092994046,10399
418555544,7.708318518518518,2.164278720392664,4418
419039361,8.404872500000002,2.2412279060422824,950
419771318,5.28335001369863,1.8379032799224335,5984
419841498,7.593940421052632,2.1510573527074826,8082
420010782,5.626717959183674,1.8911096528498301,10423
420533135,8.866226355140187,2.2891174454979035,9575
420700716,5.668023208235295,1.897323445421677,11220
420819184,7.107248322147651,2.0927585161208535,5646
421221889,6.7,2.0412203288596382,9861
421632713,6.175675675675675,1.970696928037769,3060
421849665,0.8264248704663213,0.6023604333474378,12146
421867243,4.062815979020979,1.6219228460939665,5429
422029519,13.747679999999997,2.6910857822791594,4670
422172132,11.209090909090909,2.5021808307308215,9848
423030918,50.28817743243243,3.9374602662100986,12842
423267435,12.108409420408163,2.5732539647406187,1386
423789039,8.96,2.298577071596507,221
423876086,4.965014577259475,1.7859114993456318,9851
423989282,0.0,0.0,1815
424639676,9.406512301013025,2.3424317929664027,14232
424691363,6.308094193548388,1.9889825275334612,8173
424728066,6.506976744186047,2.0158328207022316,9857
425713315,1.6712962962962963,0.9825638588239346,10812
425733104,6.081032974413646,1.9574197974041192,5031
426258805,11.82089552238806,2.551076302593289,5710
426385141,6.9614477647058814,2.074610863306308,3540
427384435,7.944,2.1909829164127435,10787
427806706,6.0838906352459015,1.9578232815244396,9166
427919918,5.811886549118388,1.9186691080989797,1130
428003435,4.246714849315068,1.6576021377570738,9225
429042043,11.436514319999999,2.5206368486909456,4740
429347879,5.697368421052632,1.9017146762641917,9640
429732783,0.7501214285714285,0.5596851732833058,5981
430696714,10.435575946875,2.4367291932264825,12013
431032898,7.58697613832853,2.150246652872993,1140
431566939,7.806337674418605,2.1754716525464337,5584
431690041,10.0,2.3978952727983707,1939
432416403,3.9423076923076925,1.5978323663137926,4414
432681864,7.081133004926109,2.0895320860845685,5958
432714743,3.2778155769230772,1.4534425000823166,6015
433802460,8.516129032258064,2.2529881518546735,8858
434586372,10.216855081967212,2.417417565079514,7745
434602426,3.0992258015107494,1.4107981269800236,200
435298678,5.189605995,1.822871432812804,3825
435895286,4.699305000000001,1.7403442375818978,6969
436161679,0.0,0.0,8819
436644712,9.17613576923077,2.320045348610842,4968
436719188,7.02752043956044,2.082875693170809,9019
437163352,7.007099225806452,2.080328551396184,2401
437916220,7.564919612903226,2.147674746198265,2046
438023456,1.886262230203591,1.059962319080307,6153
438046381,9.54591304347826,2.3557383956237112,1643
438622137,8.793561081081082,2.2817251371933067,10053
438714906,11.367941920903954,2.5151077959174777,7645
438911770,3.5394246315789473,1.5128002708895443,7757
439128949,9.630088155160143,2.3636884853731046,2168
439158941,4.286532446379311,1.6651625387634583,962
439335741,7.520408163265306,2.1424642461802836,6886
439343849,5.62891024390244,1.8914404232524344,10402
439381245,4.329453488372093,1.6732486979060626,12449
439761512,2.3399260975247524,1.2059486802542196,6775
439907246,3.5142857142857142,1.5072469715375532,13201
439966717,7.902439024390244,2.1863252868781835,10519
440093269,5.539980214285714,1.8779341401259553,8591
440094427,11.34997442622951,2.513653992321195,9061
440133625,8.569569047619048,2.2585881728541546,11860
440144486,9.835211320754718,2.3828011383287926,2061
440218220,3.777531411677753,1.5639239720301432,5824
440376002,1.400946,0.8758628263572936,3055
440557266,8.22212389380531,2.2216053682860415,10827
440677753,8.429508864823008,2.2438440130857544,6191
440701967,5.300777274074074,1.8406730026243456,2242
441183985,1.2621359223300972,0.816309465336065,12669
441423049,7.314470769230769,2.1179974629020033,2334
441433226,0.4021317391304348,0.33799374934091436,7034
441444076,2.905087947019868,1.362280304682053,11736
441521622,6.589572192513369,2.026775225196249,2453
441818976,8.87871,2.2903819364335702,3593
441837516,10.31076,2.425754485041046,11831
441844363,0.29411764705882354,0.25782910930209985,287
442374902,8.946100588235295,2.297180573677491,3080
442540997,13.254545454545454,2.657075835117937,4078
442603201,8.04326262295082,2.2020200189103285,2573
442680212,11.872996363636362,2.5551318121975664,7823
442847710,13.060296,2.6433549387924944,9396
442918894,6.156051276294278,1.9679583311174857,11854
443514865,12.395186360984184,2.5948954156272404,14640
443569722,19.675121739130436,3.028931129121219,9883
443674645,6.530625000000001,2.018978039695404,12787
443746467,0.8947976582278482,0.6391120561725901,967
444884795,0.0,0.0,11775
444975103,1.0,0.6931471805599453,8326
445539141,2.9545454545454546,1.3748656652962679,11329
446133359,1.0,0.6931471805599453,13273
446387670,81.99770294117647,4.418812932006114,9836
446652667,9.305402448979592,2.3326682673381742,11082
446947887,10.340909090909092,2.4284164618332578,11222
447115521,7.566650715789474,2.1478768412612306,12896
447295522,7.437158469945355,2.1326455777433004,5560
448177593,15.496288421052633,2.80313541142417,4309
449596463,6.796169491525424,2.053632522240877,8775
449914888,11.083735542857143,2.491860378384016,4582
450512737,7.680924369747899,2.1611280172127403,8259
451208755,6.477665005555556,2.01192057822006,11657
451599547,5.585453181818182,1.8848631531489024,10599
452555641,12.275426022267208,2.5859146586859225,13180
452664099,40.04228360744368,3.7146028427707045,3105
453562451,1.8275862068965518,1.039423417277779,9210
453826412,7.172702608695652,2.1007996508287343,10018
453879448,8.954545454545455,2.298029276458185,4417
453936762,2.192245989304813,1.1607247409368107,744
454042430,10.31076,2.425754485041046,4025
454488266,0.5403030303030303,0.4319791699923309,12867
454770309,2.850615575609756,1.348233025287454,7270
454906050,9.994345142857142,2.3973810626929337,9269
455114215,0.6286644951140065,0.48776035083499447,14377
455170924,8.694134666666667,2.2715210290810446,10455
455637247,5.2457142857142856,1.8318955142530244,13787
455932515,7.0,2.0794415416798357,13957
456004376,11.888860132450331,2.5563633826646646,2126
456122198,0.7935034802784223,0.5841709584836742,10892
456388677,1.6976620252412769,0.9923854813106537,12811
456632189,13.1996871,2.6532199291531686,4517
456785220,10.134507692307693,2.4100490870967817,14300
457382513,9.401298092307693,2.3419306149264347,3021
457528519,8.890625,2.2915873387845043,9713
457600126,5.297193865714286,1.840104116028771,12401
457706458,3.72333,1.5525140593179283,1311
458869899,11.294026568181819,2.5091134995514444,8812
459056921,5.333253618421052,1.8458141038540223,4470
459892278,6.649518881118881,2.034642754503691,11659
460004050,8.6,2.2617630984737906,3069
460645905,3.525046153846154,1.509627776844879,11644
460719899,3.523158042510121,1.5092104318507862,817
460810308,3.55,1.5151272329628591,11906
461687726,11.681818181818182,2.5401693284630498,8730
462159340,7.0,2.0794415416798357,14379
462230835,9.383312213333333,2.3401999225343912,2391
462409214,7.486645082352941,2.1384937611373673,8980
462644731,5.588487804878049,1.8853238540305302,11633
462648029,6.15,1.9671123567059163,13111
462910988,3.1843089,1.4313415529092977,13441
462952189,9.1780106625,2.3202295757687645,2608
463199125,1.9128795444191342,1.0691421260818577,10479
463391570,13.279265402843603,2.6588085132103347,8695
464220635,9.62769302909091,2.363463144256023,13005
464231227,0.06862745098039216,0.06637506894487259,3114
464406470,8.076345609065156,2.2056716456400527,8308
464449480,6.695652173913044,2.0406555166446796,12755
464533929,2.0,1.0986122886681098,6691
464720317,2.6037272727272724,1.2819686633886107,1994
465342018,2.288,1.1902794771939333,1580
465545948,7.345574117647058,2.121731352548064,4899
465600094,4.540900363636363,1.7121570080661437,14448
465861193,0.4838709677419355,0.39465419200394874,13945
465965673,6.318809440993789,1.9904476700721614,2063
466433005,6.393410322580645,2.000589106533614,6010
466568023,7.2466814201183425,2.109810867314641,7783
466780215,11.272552783109404,2.5073652878664197,24
466916307,8.058284352595937,2.203679737067426,2214
468094912,0.6182311433675749,0.4813336658914731,1767
468221902,9.521739130434783,2.3534435102275366,14622
468909433,5.613959,1.8891824155685095,14332
469115258,5.029411764705882,1.7966494545222467,3826
469921176,0.0,0.0,12520
469987977,9.16512,2.3189622522245985,13081
470003255,8.14445890909091,2.2131481121416434,5332
470047365,8.948012232415902,2.297372755576098,10345
471205626,11.89904225625,2.557153064909876,797
471316042,4.8639273,1.7688195668267346,6297
471825397,5.9263157894736835,1.9353280397247763,14138
471936981,0.023255813953488372,0.02298951822469878,5527
472832542,7.388888888888889,2.1269080789187598,10302
473286581,6.258808515151515,1.9822156989978248,8302
473320329,11.654831152941178,2.5380390515881395,8716
473501111,6.496240601503759,2.0144016417400845,1522
473952702,7.92774,2.1891632833511063,12985
474865684,1.3650793650793651,0.8608115795539265,10980
475568821,3.9785714285714286,1.6051429881512196,3051
476011117,4.382073,1.6830736159436825,10335
476755915,0.9492600422832981,0.6674498350646608,6481
477324241,13.1996871,2.6532199291531686,11401
477594255,5.514157008000001,1.8739778097259847,288
477603633,5.848,1.923956638839441,4481
477635475,725.7288362573099,6.588553417937986,4056
477695352,9.222222222222221,2.324563999712821,1502
477894199,6.580209579831933,2.025540848326397,2508
478420533,7.90527950310559,2.186644303459117,3456
478719829,4.125967792531121,1.6343193447639508,5472
478866371,5.2771033536585366,1.8369086246544426,12310
478975029,4.677576328571429,1.7365244389532526,2256
478998098,3.9190871369294604,1.5931229720148052,12609
479040584,3.99520576119403,1.608478604684329,2263
479639167,3.5388171124528305,1.5126664301868722,6322
479647362,9.919526627218936,2.3905526202213823,9917
480109681,1.2227876606683805,0.7987621111523188,11489
480684416,8.096767246666667,2.2079191027883733,4743
480690286,5.145782423076923,1.815766061694881,7479
481000089,2.7271341463414633,1.3156396129648833,13984
481226832,7.012374547974138,2.080987165085107,12815
481487011,0.0,0.0,11957
481679284,4.191632928475034,1.6470482774562083,10047
481965012,6.889419087136929,2.0655225056753492,5995
482831134,8.311308411214954,2.231229619675941,12244
482838812,6.331369146757679,1.9921622851897436,1009
483007478,4.58256,1.7196474525472347,3194
483152994,4.356981074380165,1.6784005840160034,9671
483175905,10.31076,2.425754485041046,5292
483240749,6.936809719436621,2.0715113959567546,4942
483311148,6.601147776183645,2.028299259071491,7238
483397533,0.2712127346938775,0.23997135404251738,1749
483583927,10.168709435700576,2.4131160679727786,11820
484034301,7.765714580645161,2.170848041649647,8212
484255785,0.0,0.0,4594
484294587,5.7282,1.9063076487448751,7413
484524384,8.064851881188119,2.204404504436048,7565
485285596,6.182094087591241,1.971590996190267,10830
486281557,3.9259385555555553,1.5945148261239124,1945
486557713,8.3065098,2.23071413378315,8333
486671692,4.818576923076923,1.7610557169094592,607
487075614,8.838872180451128,2.2863410886874562,5452
487135281,0.7297310891089109,0.5479659566062278,2748
487157893,4.999475675675676,1.7916720780221673,12841
487581259,8.400656044985942,2.2407794788603894,11668
487730800,8.867760724346077,2.2892729507389684,5362
487773231,5.2222963483146065,1.8281390264499595,9645
487994488,2.6740392857142856,1.3012916796356797,6079
488000380,0.1185773076923077,0.11205761685263524,8710
488196008,4.203617538461538,1.649354064187265,8293
488219240,5.092508060563381,1.8070598295468587,3924
488327425,6.524634224598931,2.0181822014268107,8445
488347687,20.0,3.044522437723423,2741
488375274,0.0,0.0,448
488595996,3.72972972972973,1.5538680612792897,11207
488843614,2.8294643720930233,1.3427249427840902,4728
489637703,7.5625,2.1473922035883435,8247
489685607,5.691714649681528,1.9008701417016267,275
490089054,11.89161,2.556576712176964,4843
490304659,5.986372061538462,1.9439614031311556,13284
490469703,6.8175675675675675,2.0563734534295617,13819
490540903,9.23554868852459,2.325866826716358,1721
490874240,5.5338185309579435,1.8769915397533998,4284
490878081,3.624793485792951,1.5314317182470278,6087
490933798,7.1692307692307695,2.1003747513463016,1570
491253848,10.529032258064516,2.4448683982401813,12820
492148473,10.172169970479704,2.4134258619378133,2606
492175119,5.6506849315068495,1.8947198465829884,14533
492214523,4.8346939414634145,1.763821812171495,2844
492406014,0.0,0.0,574
492580771,4.746987951807229,1.7486758830917433,5511
493297456,7.669927317073172,2.159860407490087,3570
493668073,13.148333333333333,2.6495968315218215,8205
494432059,5.978703184285714,1.9428631092961943,12703
494603334,8.823419174117648,2.2847692465011673,1366
494831838,3.177017245080501,1.4295974140869565,986
495014653,7.92774,2.1891632833511063,9512
495363498,3.4597156398104265,1.495085006109313,4302
495723491,1.0,0.6931471805599453,4091
495865334,9.14794466403162,2.317271188828162,8975
495919795,9.552025384615384,2.35631782108075,3956
496112449,8.89247311827957,2.29177417688983,2143
496173939,6.743295019157088,2.0468273100809276,389
496321385,8.085470085470085,2.206676443544192,7796
496446562,8.627578473,2.264631737595547,5090
496530678,5.083333333333333,1.8055527913603908,13319
496992976,3.2100977198697067,1.437485858795387,320
497277774,9.816990061369001,2.3811180518503745,10440
497424149,10.558020431654676,2.447379605644039,2627
497585138,8.232358716393444,2.222714564772733,1325
497608130,17.381524339024388,2.9113460481472155,11620
498171656,5.645687578014706,1.8939681598016695,14529
498386230,6.56052585017836,2.022940744674372,8014
498794725,0.0015669167643610786,0.0015656904311620618,103
498911782,7.097117057207208,2.0915080794609335,8571
499063563,0.2871452420701169,0.2524267754478801,3090
499495931,3.447012441176471,1.4922325091806996,6017
499743150,13.963632954545455,2.7056227876195424,13876
500421034,6.299718136363636,1.987835735951868,9368
500423201,7.551583277511962,2.1461164444615877,10303
501150035,7.0285714285714285,2.083006607844332,12940
501337730,3.6818873780487804,1.5437013145395095,9029
501539076,8.00734814814815,2.1980407051186734,11088
501822746,4.7788050421782176,1.7541969212030293,6149
502569360,3.4507228915662647,1.4930665305279565,2921
503157254,11.495726495726496,2.5253867055119676,2024
503227993,7.097379512195122,2.091540492322527,4381
503908153,10.64804294117647,2.455138178018317,836
503998529,11.8783971,2.5555512641740545,11902
504090028,5.7261830281690145,1.906007824986049,8937
504939386,8.273885350318471,2.227202423408323,7816
506013800,11.177527105263158,2.499592212544013,4620
506063494,7.209437751004017,2.1052844376848934,12178
506389692,10.699904761904762,2.4595807017624405,11527
506816282,11.050789090909092,2.4891301425153793,11762
506892285,3.706726638461539,1.5489926851985725,1794
506953471,5.221193361702127,1.8279617471430976,14528
507275627,8.91537048,2.2940861268813477,12063
507302207,4.2677667,1.6616064966437256,9329
507326831,3.4353540000000002,1.4896074321928123,5706
507486517,4.413978494623656,1.688984219005361,3795
507825508,0.0,0.0,8912
508268754,5.910958904109589,1.9331083986452724,1903
508486787,24.860388,3.2527123770981308,11497
508918107,9.840808339324228,2.383317563279653,13829
509038484,8.072877551020408,2.205289474121595,9137
509211789,8.299525333333333,2.229963359430131,13283
509230911,9.0,2.302585092994046,7355
509917934,5.837340425531916,1.9223988293451455,6840
509929668,7.522195544554457,2.142674000666904,11968
510080267,1.0,0.6931471805599453,6144
510848038,4.5606060606060606,1.7157071060281448,12356
511113317,8.320987654320987,2.232268594576586,13721
511167267,8.841028106024096,2.2865601879257866,8675
511367338,9.516113880346822,2.3529087360546077,10156
511393120,3.0712652000000005,1.4039538110984202,7143
511514623,9.433283284403672,2.34500101184448,2725
511632299,3.448851048387097,1.4926458714673316,11378
511647223,6.090450028070175,1.9587488121643917,3428
511965545,0.0,0.0,13836
512086581,4.480769230769231,1.7012454616872232,9435
513120301,4.9254277985611505,1.7792528867035369,2746
513185372,5.787167945945946,1.9150337626557672,2525
514502293,3.949259512690355,1.5992379719945031,5382
515463413,6.685748540640001,2.039367775063088,10191
515778641,7.321536187826087,2.1188468757494934,4613
516055371,3.3980317885978426,1.4811571200732152,11121
516139230,5.925377694478528,1.9351925913050323,4676
516379909,2.2461930000000003,1.1774829251190633,9740
516837989,6.606450000000001,2.028996571573997,9459
516864552,6.792008571428571,2.053098666368963,6749
516928003,10.348923677419354,2.429122909247429,5768
516947869,7.148448551020408,2.09782754729367,14603
517107782,10.335307944664033,2.4279224511832287,12812
517273721,8.50685393258427,2.2520130050624045,13730
517461932,10.57032,2.44844319855864,10046
517776147,0.8606240270270271,0.6209119298597332,4007
517935738,3.5686686,1.519221827667766,2070
518172890,6.868479318072289,2.062864818609282,5633
518232985,8.001315173262032,2.197370697022666,3146
519420582,2.0,1.0986122886681098,6804
519437992,5.125,1.8123787564307907,14474
519682201,0.9803985625612545,0.683298118672336,6578
521075124,11.599605,2.5336654642596863,13881
521125898,14.555019247058823,2.7443833677039504,7446
521525286,0.0,0.0,10101
521975289,8.596058826589596,2.261352475282709,6257
522511929,4.811995337837838,1.7599239435462968,11660
522721784,7.506130517678571,2.1407871409035364,2968
523095599,7.277641190227272,2.1135580474037026,9002
523225609,8.235994145744682,2.223108257640238,8559
523851495,8.257142857142858,2.225395454302916,9951
524248547,9.138933942857141,2.316382858795569,11627
524725988,27.87336304568528,3.3629194761764403,5424
524920141,0.0,0.0,4266
524985461,9.99830985915493,2.3977416118253942,4158
525151670,7.288032923076923,2.11481265788821,5265
525863482,5.7282,1.9063076487448751,1135
527131792,8.930357704918032,2.295596500058637,11506
527537550,5.973694285714286,1.9421451110027281,2417
527652462,9.104578048780487,2.3129885933069056,9907
528464105,3.8312049797160244,1.575095914752045,6610
528773542,6.851937984496124,2.0607603783310795,12975
528792311,7.041666666666667,2.0846363585569403,6849
529059438,8.378528216007714,2.2384228440980176,9025
529335191,9.189495319148936,2.3213573189373657,407
530043323,1.0799004807692307,0.732320046784557,9373
530364056,6.329282296650717,1.9918775979602419,6337
531336639,7.127272727272727,2.095225409381098,1531
531413091,9.015497235714285,2.304133616983088,6558
531438102,9.0,2.302585092994046,2987
531814475,9.744513750000001,2.37439527546417,10116
532095861,10.323489333333335,2.42687927027142,4044
532638436,6.983695652173913,2.0774014185648917,12222
532649011,10.74310872246696,2.463266576831693,2258
532655785,8.01948,2.1993866827453203,5391
532882455,0.0,0.0,4115
532903398,10.597179487179487,2.450761920890194,13413
533100515,9.215159663865547,2.3238728584817987,13666
533147494,2.185210384615385,1.1585183416668996,5478
533241205,7.148110273252564,2.0977860320545894,3365
534108540,294.29457364341084,5.687973412839121,10235
534175199,8.783752590604026,2.2807231109232844,10715
534349589,2.015873015873016,1.1038893457689534,813
534381313,6.2364888,1.9791361163847965,345
534736019,4.043950083333333,1.6181895218073394,12410
536091638,2.0,1.0986122886681098,3199
536278065,3.9562768,1.6006548137003989,13250
536340085,9.831081463414634,2.382419914145104,11687
536682181,2.487134117647059,1.2490802291411471,3516
536775318,5.514949565217392,1.8740994692141337,1177
537178355,4.40613144,1.6875337612841723,5648
537979754,8.134044,2.2120085319178346,12275
538209194,3.8272712642424245,1.5742813523735195,12303
538340429,2.968412679611651,1.3783661859330605,12379
538541787,2.7736547368421056,1.3280439580878525,14501
539010879,7.910537234256278,2.1872345353166667,4487
539025118,5.893650465356774,1.9306007655265778,10832
539722622,2.247216923076923,1.177798298119548,393
539899481,2.0058999545454546,1.1005770088559208,6307
540945342,22.989076787564766,3.177598592891629,5006
541917367,2.783333333333333,1.3306054552593019,86
541921491,8.0450044875,2.202212614977594,1905
542007024,9.206451612903226,2.3230200314083524,10841
542342307,2.422365,1.2303318325522428,14219
542473193,5.172738181818182,1.8201425290695783,14132
542525811,5.0145704290909086,1.7941849302663644,8499
543330710,1.443194732142857,0.8933064993497727,1976
543473834,10.036535947712418,2.401211218759812,7501
543657351,6.883551385430463,2.064778485772776,1511
543790314,3.56532715,1.5184901763203127,2357
544020676,3.3651589484536086,1.4736546029363948,2827
544060455,11.0,2.4849066497880004,6039
544581135,3.0184615384615388,1.390899127506639,4339
544849405,5.306024096385542,1.8415053822994476,7212
544922295,7.078339285714286,2.089186317461756,10370
545342680,11.36814599117647,2.515124295719164,7970
545513847,5.020902000000001,1.7952370819837973,11139
545850166,2.7659022857142856,1.3259874834602912,364
546697692,9.485865,2.3500281597588644,13006
546879128,12.526189551818183,2.60462777294027,6338
547018343,4.779330047667984,1.7542877672583914,9903
547337865,5.584995,1.8847935758935135,6329
547644249,6.96481620612245,2.0750338679071314,11339
547877585,7.628549264383562,2.1550763871848875,13107
547944079,9.365583444444445,2.338491034167922,13503
547945394,7.1906810624999995,2.1029970522219665,14114
548587950,1.8906574233128834,1.0614839583693922,8522
549671042,0.0,0.0,9238
549694961,6.052234968253969,1.95334458335859,5299
549991826,0.32438525916666666,0.280948396431691,6201
550301178,13.077588679245284,2.6445840774871425,12565
550490802,7.5734674809160305,2.148672257653082,9491
550905263,10.678265598172324,2.4577294730666943,4304
551262998,5.866666666666666,1.9266787871274256,3100
551338885,0.0,0.0,7820
551390207,7.740413846153847,2.1679575393649473,1330
552116064,5.185173385672227,1.8221550387049186,3592
552431848,10.269484808454425,2.422098613471246,12878
552812851,3.5744186046511626,1.520479609701451,7545
553237369,7.427687617834395,2.131522430451323,6911
553522279,52.851600000000005,3.986232115324417,2279
553874905,12.0152744859375,2.5661236281924444,13404
554497136,6.65679421215859,2.0355933859906163,13275
554543413,7.826923076923077,2.1778064914791178,4714
555132542,9.897692307692308,2.388551051929723,4403
555877041,9.855870967741936,2.3847060366607096,306
556040292,10.342097181818183,2.4285212178691986,48
556418665,5.902390877192983,1.9318678555255993,8148
556877364,8.239795384615384,2.2235197408862546,8124
556898245,10.930532459016392,2.4791008670515184,2702
557277062,0.0,0.0,10908
557927030,10.507936507936508,2.443036928463142,8604
558545650,6.606450000000001,2.028996571573997,6846
558818498,5.055555555555555,1.800976124332979,11533
559087089,8.346757710280373,2.235029514208368,14381
560132891,9.123855157894738,2.314894535774404,13135
560584011,3.609953035714286,1.5282176694760323,9774
560706455,12.49027024390244,2.6019687029250456,5969
560876663,7.464231165644172,2.1358491863739153,8806
562031749,7.089786756453423,2.0906023718173645,12403
562108201,20.0,3.044522437723423,2636
562416230,9.959326788218794,2.39419085520072,8598
562471713,3.0,1.3862943611198906,4013
562510950,7.83641975308642,2.1788817893057857,7018
562686228,5.809570173223141,1.918329001168452,12020
563060488,4.46414342625,1.6982073712376713,3549
564449750,6.303030303030303,1.9882893720241748,9391
564569859,4.160894216814159,1.641109862311338,4464
565744309,3.3137114285714286,1.461798653882463,2088
566432143,10.586666666666666,2.4498550117290816,1974
566971044,8.53111794893617,2.2545620191738656,8622
567092597,8.41796347826087,2.2426188739481474,4278
567095624,6.06515294117647,1.9551746636270895,5688
567309386,4.419825072886297,1.690063540555504,13261
567544532,6.700258181818182,2.041253858403774,1198
567714503,0.0,0.0,3961
568400942,7.92774,2.1891632833511063,3215
569007119,0.061072098312545856,0.059279810492357345,10528
569378793,4.00974,1.6113840175425338,897
569504251,9.355921205098493,2.3375584532371794,13013
569603385,4.724964119881807,1.7448362821511105,13348
569779272,8.736598167938931,2.275891792575564,4134
569864338,13.557087888888889,2.6780780151330887,12847
570235136,5.7098603571428574,1.9035781396109783,2846
570270903,4.744186046511628,1.7481882209344148,4196
570318911,8.3109141,2.231187271216752,11000
570344544,0.3694602369668247,0.3144166745910648,7925
570725496,4.196902654867257,1.6480628048266817,2289
570812776,9.438716999999999,2.345521682182257,12062
570871235,7.715934358974358,2.1651528859588285,8948
570885391,6.976076555023924,2.0764466307859832,583
570889626,8.178213253012048,2.2168325509404556,2424
570928335,6.579365079365079,2.0254294335292524,5144
570999042,9.661016949152541,2.366593812794721,7524
571275017,3.6035398230088496,1.5268255343022108,13565
571288169,0.0,0.0,4849
571486291,7.35126582278481,2.122413122916412,5578
571627239,8.74874155909091,2.2771382058169243,9950
571718233,6.890589122807017,2.065670799092775,6770
572287991,11.19357723577236,2.5009093570283176,12332
572358101,1.4918032786885247,0.9130066566729652,14367
572809710,13.789509181395351,2.6939180903299467,11186
573186185,8.803743624161074,2.2827643151975763,3718
573572580,8.064235496703297,2.20433650493092,672
573930825,11.0,2.4849066497880004,14305
574051515,3.932749129032258,1.5958964652990242,9709
574498830,8.0,2.1972245773362196,4587
574633952,6.862117172093023,2.0620559304873165,6492
574667593,5.312341583937823,1.8425066986727678,6891
574856724,5.006734006734007,1.792881174337255,3445
575689618,9.908258479999999,2.3895201610722245,9578
575886355,4.797371935483871,1.7574047002931992,9626
575890003,7.524258825503356,2.1429160781000385,11241
575908533,4.854985337837838,1.767293492834391,4886
575985191,1.9500892857142857,1.0818354362375375,9879
576314221,10.0,2.3978952727983707,10456
576445081,4.3935294,1.6851999758243303,10354
577094403,7.025672766666667,2.0826454993547627,7743
577290916,12.143885713235296,2.5759566857211533,7703
577463526,9.47031400485437,2.3485440153452743,11546
577803499,10.620547312891526,2.4527748512518595,2353
578150196,11.4564,2.522234547053978,10869
578171268,4.5711036,1.7175931671680489,5717
578339160,10.358354591836735,2.4299535605344578,7560
578454182,7.078028832236842,2.089147886364468,300
578502659,10.333740085417938,2.4277841251938432,7442
579347002,4.693263184210526,1.7392835783419087,3903
579658766,3.8128654285714285,1.57129262994077,11435
579664694,6.85484977173913,2.061131146348264,14065
579889273,4.056592105263158,1.6206927594148315,11937
580578828,8.198215835294118,2.2190095343016654,12573
581289058,1.0,0.6931471805599453,7928
581519160,2.3303652397811394,1.2030819795937215,8244
581929399,6.872413793103449,2.063364723549276,1086
582520458,10.33433734939759,2.427836821676949,1622
582721224,6.3825,1.9991123346359407,3519
582746408,11.121925925925925,2.495015872796508,128
582792483,10.5174684,2.4438648741732054,6154
582920360,5.266037735849056,1.835144214830579,4649
583347555,0.0,0.0,5222
583454567,9.190578666666667,2.321463633322633,9115
583664151,6.420114230769231,2.004194452043164,239
583907413,9.608904757894736,2.361693719954957,6548
583917909,17.702928870292887,2.9286801356761036,11126
584160871,2.4206264516129035,1.2298237072866198,2536
584244362,0.1655582283854535,0.15320013825039444,10576
584253977,3.28,1.4539530095937052,241
584925522,0.334375,0.28846301743485236,7554
585217552,6.965063088057902,2.0750648639907694,6271
585438099,6.467143214196451,2.010512491486144,2183
585568710,8.008403361344538,2.1981578485192177,1997
586134485,12.446361702127659,2.5987085640366403,5997
586699437,126.84,4.850779482017964,9489
587388495,9.822178235294118,2.3815975688034663,9891
587451587,5.170731707317073,1.8198174220232124,8847
588161176,4.038961038961039,1.6171999177695897,3726
588170163,11.030651340996169,2.4874576715796057,7839
588676321,9.70584699453552,2.3707900403069044,14253
588789395,5.299405684754522,1.8404552931943394,6331
589070179,7.101604278074866,2.092062101088883,14571
589483974,8.299059829059829,2.229913301399422,9155
590226087,6.666666666666667,2.03688192726104,3949
590766653,0.2550278325779792,0.22715774969080477,11229
591000684,2.8408071666666666,1.3456825441635616,13271
591337769,0.12962962962962962,0.12188981760903679,2866
591702332,3.9183082758620693,1.5929646250060012,4720
592070575,2.8878048780487804,1.3578446996518068,8294
592184632,8.76643728,2.2789517403896755,595
592259936,6.800572325581395,2.0541971060782647,4963
592557157,6.027709060843374,1.9498607723198966,6067
592728852,3.4347826086956523,1.4894785973551214,9525
592998825,13.686206896551724,2.6869087469426938,12976
593105639,9.170399447004609,2.3194814862807513,2110
593880178,9.466604210526317,2.3481896370811275,11490
593916971,5.7282,1.9063076487448751,13246
594087981,0.02891304347826087,0.028502947429061704,1821
594329148,9.423030303030302,2.3440178100762155,7242
594442161,6.0,1.9459101490553132,13638
594549939,5.4499472468354435,1.864071951989032,3276
594721250,10.225352112676056,2.4181748017488998,6722
595035936,9.33549723076923,2.335584303323223,822
595503347,4.9471428571428575,1.782910912151571,4683
595615906,8.5923,2.260960693299513,11040
596304078,6.726567272727272,2.044664685406737,11052
596457305,9.733758832116788,2.3733938058403004,6418
596743570,8.875,2.2900063107871858,2418
597233207,8.01004191162455,2.198339723288068,1575
597442505,4.928172067039106,1.7797159137262304,7418
598555736,0.26252983293556087,0.23311751193616156,7012
598834039,5.7282,1.9063076487448751,14097
599143562,6.920792079207921,2.069491210826668,6093
599273948,21.29935752044335,3.104557867308585,5750
599671952,8.956737372972972,2.2982494449380724,7941
600742076,1.0,0.6931471805599453,2823
601586155,9.033936279069769,2.3059729755405782,13904
601596253,7.541095890410959,2.1448893239716997,3807
602212711,5.7393243304347825,1.9079596721891052,1045
602244918,0.5089914857142857,0.41144153743333634,833
603274546,1.800578034682081,1.029825836833042,7117
603561981,5.549170567415731,1.8793384106998914,3653
604166554,6.577095588235294,2.0251299584477644,10244
604385840,4.727674400000001,1.7453095844672684,5793
604504821,5.401958145695365,1.8566039038342301,334
604511710,3.8059828499999995,1.5698615688518136,3420
605064254,5.276785714285714,1.8368580205155705,1363
605220358,2.0687169033707864,1.121259527450245,12569
605543090,6.697777777777778,2.0409316869179603,10366
605900055,8.55283516196319,2.256837986032038,8884
605928801,6.8738399999999995,2.063545872274451,7137
605942433,6.378284093023256,1.9985411038578444,13085
606192001,6.5237183877551015,2.018060482210289,7582
606293794,6.279860448094612,1.9851116928070898,9089
606305055,10.557107100000001,2.447300581061207,14049
606525917,0.0,0.0,10270
606684412,10.14657,2.411131827261983,7983
606836647,8.12863183862069,2.2114158299955564,2686
607146599,10.004052857142856,2.3982636464988882,9460
607186469,21.767159999999997,3.125319146780744,12589
607556000,0.0,0.0,1979
607671374,10.057197669902914,2.4030815887544428,9661
608469439,6.8258402247191015,2.057431107622631,201
608565047,14.529454193548387,2.742738491246681,13583
608689515,6.253295967741936,1.9814559818001962,10667
609435057,2.710227272727273,1.3110931342382792,7174
609639442,8.734484619535888,2.275674696440294,10529
610496122,15.517745405405405,2.804435282108669,12621
610727393,9.774285714285714,2.3771623427748976,13408
610822194,11.75,2.545531271604435,11892
610834594,7.00684090909091,2.0802962899148256,2809
611174797,8.28721052631579,2.2286382414629378,8509
611319904,3.8293242519685036,1.574706551451924,46
611435118,5.036793190540541,1.7978729422357111,7680
611776921,57.760567388646294,4.073471007294563,13867
611801589,11.13980623255814,2.4964898244296845,10285
612665596,7.436610526315789,2.13258063153835,998
613415440,9.5,2.3513752571634776,13920
613539593,7.218096409797562,2.1063386019326282,10849
613692256,3.760755095951417,1.5604062892655879,5945
613847095,5.169491525423729,1.8196164237310213,1824
613972831,5.434782608695652,1.8617180578349655,14085
613978642,5.97649400875,1.942546499573865,2030
614704685,3.669129113405495,1.5409725689381082,4355
615326671,10.497803265306123,2.442155996714319,4083
616970124,10.645639384615384,2.4549318081935723,6450
617038154,4.167759310344827,1.64243919232005,7551
617187551,9.508812,2.3522141432953325,987
617445957,5.715814702702702,1.9044651484092252,13944
618540384,6.818995531914894,2.0565560977027575,5221
618959874,3.0241228070175437,1.3923069509742845,2234
619000999,7.057477678571429,2.0866005644363432,6101
619338188,8.987951807228916,2.301379547338697,10263
619841142,3.4369199999999998,1.4899604420336403,738
620473030,6.8738399999999995,2.063545872274451,4893
620488734,7.240026301369863,2.1090035358301047,11884
620504388,9.442574525745258,2.345891154136076,4264
621114850,4.486480025987526,1.7022868888675025,13409
621157991,9.835685483870968,2.382844898688191,3482
621539706,0.0,0.0,12954
621540006,3.4907677649006623,1.5020236815462322,13088
622972945,10.778697464788731,2.466292600360251,9178
623040244,8.007692307692308,2.198078913142135,9958
623176270,7.809322033898305,2.1758104828324027,12155
623556631,11.976136633685801,2.563112027040632,6514
624038685,8.487283,2.249952270259912,2128
624156156,16.686632900227014,2.8728091508930547,10730
624410224,8.821428000000001,2.2845665293095476,7266
625234701,0.8592299999999999,0.6201624235177329,9524
625447045,5.21413076923077,1.8268258550414729,1864
625506273,1321.2899999999997,7.187120360953828,13665
625815532,4.746525029873417,1.7485953294899332,5537
626157056,3.11604225,1.4148920827393339,11636
626275096,2.29128,1.191276546864698,5910
626699303,11.57753286885246,2.531912116685623,5059
626988097,6.4381503861771066,2.006622213929448,2260
627471895,6.606450000000001,2.028996571573997,13448
627678255,6.960214741935485,2.074455977122488,3216
628462260,7.0027245,2.079782046201591,2087
628535105,7.535428132450332,2.144225516962597,5463
628788212,8.04788429752066,2.202530951101714,1324
628788733,7.550295857988166,2.145965885623459,1556
629252748,1.858170193909091,1.0501816277378255,3944
629350213,5.8230733125,1.9203100026824929,3577
630007051,7.938915638709678,2.190414288619598,4246
630175495,6.081775952941177,1.9575247170612329,6385
630215715,0.08819538670284939,0.08452071567717782,9637
630544724,6.956377224199287,2.0739737736685426,10218
631076179,5.693129387755103,1.9010815357342932,13351
631808356,3.4254636,1.4873750413336533,3813
631836466,9.547,2.3558414592944774,1689
632072968,6.822059661016948,2.056947903639564,4926
632185188,8.590909090909092,2.2608156801177506,11133
632468193,3.7424239999999998,1.5565483973955154,5881
632514841,4.095606508875739,1.6283786996048533,12025
632630695,9.97279017857143,2.395418588215656,5254
632918856,10.973382845483194,2.482686089959165,2146
633026628,8.2882096069869,2.2287458116459975,6539
633693129,6.007142857142857,1.9469300369560587,11395
634285852,462.6550500810811,6.1391408491983075,12688
634349466,8.168753083333334,2.215801299196306,11804
634444482,6.7073485090909095,2.0421742255854487,10381
634598950,5.497922077922078,1.871482445473265,6279
634848583,2.0,1.0986122886681098,605
637073043,8.646292339871383,2.2665736280371513,13507
637178087,4.863031246594005,1.768666747422764,1911
637198144,6.5285714285714285,2.0187053064920035,10881
637228431,8.336454318177678,2.233926556844129,9807
637438236,8.957446808510639,2.298320694207588,1012
637931401,3.182747776744186,1.4309683934258037,1740
638208734,3.3333333333333335,1.4663370687934272,8643
638265468,6.080704615384614,1.9573734247006274,4632
638475837,5.889778568904594,1.9300389464691576,10762
638769635,8.336899551906157,2.233974243374536,10275
639214622,0.0,0.0,4117
639630719,11.89161,2.556576712176964,14333
639945034,56.40541448275862,4.050138627844744,8479
639968432,87.78086208818182,4.486171109746014,4192
640321257,9.88357220338983,2.3872545150575597,787
640407200,5.7282,1.9063076487448751,9928
640871780,7.697368421052632,2.1630204995653552,12497
642154983,4.794520547945205,1.7569127378978868,215
642269512,7.386617100371748,2.1266372330161105,7550
642570332,9.80435391304348,2.379949192987657,10127
643085743,8.398637137989779,2.2405646934443344,6213
643875360,0.0,0.0,7648
644308341,3.5260075291479827,1.5098402107424371,10674
644596752,4.3076064,1.6691409614974895,7897
644641630,8.858799144385026,2.288364370567141,13171
644775058,8.198757763975156,2.219068449283336,14212
644872317,2.123546942583732,1.1389691966791935,13733
645019223,9.435930735930736,2.3452547302201396,6303
645405379,0.11904761904761904,0.1124779834266903,3056
645574742,6.861149346961326,2.0619328230997076,5581
646234115,3.8845925999999995,1.5860858838593008,7441
646263048,128.44178422712932,4.863231237417354,5657
646432695,7.386363636363637,2.126607010122266,8304
646574148,4.356428963551402,1.6782975149040593,12810
646634179,5.6625,1.8964947894919628,10384
647045921,22.523358394736846,3.1579939017289353,4012
647074448,8.492537313432836,2.250505943949156,2076
647201031,8.514591503267974,2.252826567957672,115
647206355,3.798701052631579,1.5683452672561722,2457
647312426,4.9728843878048785,1.7872299577625548,6040
647550707,9.1536636,2.317834586175335,9957
647885001,9.465970840336135,2.348129121813528,12866
648139703,9.078807692307693,2.310434971153776,9594
648698545,8.306481645070422,2.2307111084844324,10364
649042118,8.10404255319149,2.2087185514933823,2829
650697509,5.246477118577076,1.8320176438040456,10426
650784086,9.893038025304879,2.3881238718960955,5217
651173679,2.8120254545454544,1.3381606632474825,3569
651227959,16.417376490630325,2.85746835678922,13148
651374017,5.495009446808511,1.8710341045954868,5273
651836717,9.249030000000001,2.3271830669599827,7112
652473291,10.066491228070175,2.4039217342434496,13212
652491474,2.289693905109489,1.1907945224883394,6833
652516353,9.943710291262136,2.3927648886056603,3204
653211816,0.0,0.0,6585
653455462,3.9521691165338644,1.599825685957046,12828
653674618,7.243500535714285,2.1094250760053606,8394
653948479,0.0,0.0,13466
653949054,11.89161,2.556576712176964,13734
653974674,12.493716835443038,2.602224157506254,10582
654347154,9.565039144625775,2.3575503561842774,1271
654932372,0.0,0.0,13862
655425523,11.726448750000001,2.5436824066437116,14643
655516449,6.494649295774648,2.014189338701907,11315
655866865,8.121956972477065,2.210684361382645,6964
655951670,5.940971223021583,1.9374417104075732,832
656202217,3.22982,1.4421594389612846,10277
656214322,9.942028985507246,2.392611244651765,1025
656548268,8.492095906051215,2.250459442404818,3850
656775745,7.00473,2.0800326169604197,2998
657448784,6.7712390000000005,2.0504296111267073,10891
657933567,4.22016184975,1.6525284071131143,7985
658097821,6.8233235905511815,2.0571094758448156,8170
658238155,11.501393074400001,2.5258400840506168,12204
658497151,13.123425692695214,2.647834815436482,10794
658772088,1.14564,0.76343787617538,1860
658817656,8.01948,2.1993866827453203,7685
659205536,8.5619592,2.2577926433050366,5248
659269547,7.2727272727272725,2.1129642337184795,4541
659370259,8.480530243902438,2.249240247603845,5663
659729573,2.2855983707317074,1.1895487877785778,5124
659781052,5.53990826629681,1.8779231388106135,13390
660292938,7.08421052631579,2.0899128415471315,8019
660320885,12.0,2.5649493574615367,5831
660544810,4.8632911392405065,1.768711073791764,3321
660663186,5.6565975,1.895608468119753,12294
660777027,9.127272727272727,2.315232054694813,4605
662263865,0.0,0.0,10110
662855479,2.328042328042328,1.2023842416407982,10872
663127761,1.8139201466369141,1.0345785811171746,774
663675777,6.689876572865854,2.039904733046203,11358
664228562,7.796716666666667,2.1743785458021705,9504
664836246,13.118079999999999,2.6474562454822292,2802
664937886,10.924797675276753,2.478620070196658,4293
665215083,9.249030000000001,2.3271830669599827,11018
665425901,3.4032026100000006,1.482332142067384,2721
666107862,8.957235872268908,2.298299510215343,14625
666468252,6.138400000000001,1.9654886616038048,14601
666599182,9.107723577235772,2.3132998422224302,14531
667420945,4.686257523364486,1.7380523029813486,1004
667475930,4.114622535211267,1.632103601022935,10953
667515845,10.275862068965518,2.4226643409107793,14118
667615439,5.174840019047619,1.8204829743318873,94
668146338,3.4369199999999998,1.4899604420336403,3039
668164106,9.080741683146067,2.31062683961356,10974
668534716,13.17486,2.6514699730218325,882
668690599,0.0,0.0,11958
669108019,11.10597810810811,2.4936993891172996,8243
669420495,5.245222294736842,1.8318167385784336,1302
669730537,7.457074909090909,2.135003358404336,8207
669753079,4.35638706,1.6782896918346983,3541
670706998,10.577014174170785,2.449021595561685,5202
670856307,4.092651235955056,1.6277985664598968,13277
670885924,7.0,2.0794415416798357,11888
670987952,9.24164617752809,2.3264623662151616,13527
671116267,5.864197530864198,1.9263191395781436,12329
671525623,1.3,0.8329091229351039,4914
672149340,9.333333333333334,2.3353749158170367,5475
672629990,2.140960717037037,1.14452871396351,554
672744454,3.7386363636363638,1.5557494073205949,7884
672873060,7.39976245614035,2.128203426418498,6773
672906289,7.648136689005235,2.157343886063665,6991
673462607,9.09672358208955,2.3122109734059455,6650
673472347,10.67612627027027,2.4575462674478037,10895
674059794,9.631317857142857,2.3638041599416986,9867
674530249,5.149395313432835,1.8163537539653505,428
674540707,5.359307359307359,1.8499194656520836,5122
674574295,8.088196506746627,2.2069764844064097,5528
674658245,10.453306557600001,2.438278470633804,13650
674872580,8.67003775280899,2.2690322135743335,7092
675258683,9.99,2.39698576841553,3798
675327826,6.239845048543689,1.9795998040337464,5471
675583873,31.6671096969697,3.486368752062631,2673
675698828,2.479892761394102,1.2470014776202198,10145
675703915,6.496299545454545,2.0144095048440294,12399
675764881,5.746031746031746,1.9089544425328842,10352
675959182,13.547192999999998,2.6773980540436595,9357
675960577,12.499935897435897,2.6026849370950287,9964
676111525,5.987973829787235,1.9441906472429364,4185
676211961,10.998846486486487,2.484810519041462,5169
676704280,0.3351544657364341,0.2890469898304298,5555
677094501,5.263537906137184,1.834745186193621,4151
677621028,5.5396825396825395,1.8778886229579936,5192
677729329,7.662330180722891,2.158983760366908,9647
677883417,5.3979591836734695,1.8559790619623489,5320
678405660,6.819285714285715,2.0565932095012074,4347
678981662,2.9554191304347825,1.3750865704301645,12789
679232781,7.204899467680609,2.1047314718991186,7993
679722655,16.113861153103446,2.83988872890367,7282
680286686,8.211678832116789,2.2204721172730335,10274
680351839,6.650551273130194,2.0347777070891984,10128
680552165,4.9928861632653065,1.7905731263457514,11731
680773823,6.775077931034483,2.0509234812992427,8424
680840024,3.73264425,1.5544840843552494,8698
681532923,9.707142857142857,2.3709110754932934,10729
681886521,34.27590565492228,3.563200171538921,7771
682081543,8.333890977653631,2.2336519673280235,7093
682194497,5.346153846153846,1.8478489358790986,13469
682569766,8.0139186407767,2.1987698983542705,5564
682578809,12.602039999999999,2.610219781493131,9563
683089512,4.788732394366197,1.7559133374549192,3484
683185735,0.0,0.0,2514
683570366,10.085849999999999,2.405669520326965,13300
683961288,8.405676,2.2413133368313405,12312
684459203,3.4369199999999993,1.48996044203364,536
685326702,6.575864406779661,2.0249674579912535,7578
685437594,3.4589515384615384,1.4949136573336532,13083
685799926,0.081654686825054,0.07849198607227004,13908
685804670,2.9502085877862596,1.3737683845532842,1397
686324845,1.0743801652892562,0.7296623935350428,14193
686395104,5.560379733333334,1.8810484874595192,1659
687140962,9.374456140350876,2.3393466445356306,12825
687148831,3.760629906976744,1.5603799928865125,1682
687693559,4.335647921760391,1.6744103247573487,10842
687766786,2.779575297979798,1.3296116482873974,14271
687879918,11.178270930849479,2.499653292504148,6372
688224810,9.26088834375,2.3283394192060145,13936
688296105,2.609513333333333,1.2835729525460209,1886
688518878,4.8372286415094345,1.764256136520007,13545
688598354,5.1640710218978105,1.8187374394385076,5215
688859640,7.988235272727272,2.195916530296385,4800
688866155,6.078256666666666,1.9570276438635201,7804
688892986,3.3804432467532473,1.477149917157063,5070
688939013,0.0,0.0,10971
689089579,0.0,0.0,5063
689235079,5.749850974576272,1.909520426800167,11499
689275647,1.14564,0.76343787617538,344
689583843,4.042518214285714,1.6179056029935412,6366
690401412,5.638784195121951,1.8929288435786307,5600
690880653,5.004419642857143,1.7924958052090223,65
691288181,8.944444444444445,2.2970140479445904,6565
691438463,5.711382580645162,1.9038049775448251,394
692011732,39.1427,3.692440605680023,7720
692277828,11.31970731707317,2.5112002010921044,9443
692546393,7.312831961538462,2.1178003404072547,12265
692790761,9.384479602941177,2.3403123456190795,4324
692905063,8.717581277419354,2.2739367477349233,11485
692932438,3.1810344827586206,1.4305586998311186,9109
693101524,8.13845768844221,2.212491628168508,11404
693168617,8.36,2.2364452904895007,12108
693223222,6.836388779220781,2.05877811335138,7352
693515621,5.467625899280575,1.8668091013409285,6185
693588253,6.513887605839416,2.0167529890733653,9314
693638813,8.89234857142857,2.291761586748463,2557
693932246,10.310875332885907,2.4257646817296767,1907
694584989,5.492076298311445,1.8705824022498638,755
696078491,9.38879257142857,2.340727587716055,9251
697099161,5.492815964523282,1.870696329450439,11371
697337839,4.835648969072165,1.763985479617808,898
697364696,5.675118588832487,1.8983869702457241,12872
697369702,4.111286652892562,1.6314511636942486,498
698039761,5.309367047314578,1.842035362062929,7191
699175895,7.405369534883722,2.128870731971877,2215
699453354,3.0101170254545453,1.388820424297774,9144
699463395,8.477699886885247,2.2489416588623126,13548
699565292,8.35,2.2353763433005955,560
699586078,6.921280599118943,2.0695528845635702,9874
700610147,105.22150568181819,4.66552659001917,13483
701101088,4.859655853658537,1.7680908738197438,13241
701141844,7.036624999999999,2.0840092189408126,2151
701216818,4.5,1.7047480922384253,6528
701383666,8.380404166666667,2.2386228502206413,7872
701665821,815.6424807692308,6.705201399047503,2034
702090335,5.75,1.9095425048844386,1380
703213141,3.96387,1.6021856784418196,5351
703995437,11.64734,2.5374469163824465,3453
704114789,2.1225021720243267,1.1386346586216216,12826
704402576,6.589583458646616,2.0267767096178475,9687
704581831,6.147869020895522,1.9668142732478648,1896
704863354,2.6976373626373626,1.3076940650513385,10564
704991330,9.173145756457565,2.3197514794842142,9221
705205763,9.195121951219512,2.3219093658204484,2479
705418477,9.561428571428571,2.3572085505136955,9729
705458323,7.0,2.0794415416798357,12848
705659979,8.5,2.2512917986064953,483
706107627,3.3032250000000003,1.4593647415900628,10188
706420315,10.743937313432834,2.4633371341052603,3472
706571096,21.178215827952236,3.099110538107454,12264
706855900,10.0,2.3978952727983707,7856
707092285,0.5722222222222222,0.45249004675302723,10877
707534235,6.927541875,2.0703430096617628,3385
707618232,18.864872,2.9889529457522213,11615
707729758,7.050056872131148,2.085679156266528,2888
707829255,4.371686703296703,1.6811419566506725,3437
707869502,1.0,0.6931471805599453,6885
707930531,6.820064377682404,2.0566927869635383,4763
708060171,0.23855941888619855,0.21394894528913372,4109
708386576,3.6021834718826407,1.5265308586764994,3553
709299560,7.763218421052631,2.170563237137112,1496
709424971,2.299239781637717,1.1936920727326825,13593
709834742,0.6859205776173285,0.5223117514815588,6502
710264896,5.785482,1.914785329820421,8365
710265390,3.69719003960961,1.5469644660112691,8574
711520887,6.433209230769231,2.005957694246382,13071
711666938,3.930206560509555,1.595380885860353,5171
712449712,9.957135416666667,2.393990880265081,3507
712558561,10.323341693749999,2.426866231839406,8317
712673735,1.8102377900552484,1.0332691025608098,1091
712987514,2.6792452830188678,1.3027076450116248,9565
713099346,5.899627883211679,1.9314674801796188,929
713197355,7.535714285714286,2.1442590417563068,828
713231477,10.106382978723405,2.4075199861725802,1391
713355830,6.460652482758621,2.0096428745676604,13036
714440679,6.845668524590164,2.059961599200556,14635
714477018,6.604277647058823,2.0287109372498073,1543
714537340,3.0663458233069782,1.4027447640505353,13846
714781681,2.4294687096774195,1.2324053540425792,6013
714826541,6.692949473684211,2.0403042566252814,11318
715101339,2.4520093269230774,1.238956475107183,2308
715217639,9.440952380952382,2.345735802522971,10401
715315391,4.0095238095238095,1.6113408625801864,10167
715328430,7.6290000000000004,2.1551286235261706,1285
715680228,9.934782608695652,2.391948773610644,12107
716030442,4.721875,1.7442965488807385,7633
716133834,3.269208048780488,1.4514283413694176,9833
716488740,8.765343482142859,2.27883973853264,7456
716728591,7.1580547112462005,2.0990057473262005,12017
716866176,4.512387178899083,1.7069977741506597,285
716953113,2.7202254701298703,1.3137842766982932,9871
717555361,5.64597572056515,1.894011516685457,758
717620572,6.782566775641026,2.0518862035269514,616
718021122,7.2,2.1041341542702074,3882
718044034,1.0502793296089385,0.7179760422138153,14100
718285498,0.8878283159463487,0.6354271292380793,4887
718479244,7.03935693986014,2.0843490973876357,3611
718783665,0.0,0.0,7957
719177651,10.224382036985293,2.418088379728496,8299
719969179,7.00473,2.0800326169604197,10482
719981461,4.962364565217391,1.785467141527534,1272
720102570,3.1628512763157897,1.426200242452363,11518
720109020,7.32258064516129,2.118972380436471,14371
720484141,3.805447552447552,1.569750181153919,6400
720523268,6.602504210526315,2.0284776944036675,9174
721020819,13.42713823834197,2.6691110328364904,11801
721468887,9.735670562047858,2.3735718944053037,7195
721748560,3.592500740740741,1.5244246994007051,266
721843690,6.262077583710408,1.9826659564534463,13415
722537935,6.687769784172662,2.0396307263929794,1534
722553220,7.521395951097178,2.1425801714457484,8502
722689050,5.9407482305358945,1.9374095829054359,10537
722698077,9.323139310344827,2.3343879105338092,14569
723087329,3.9037343653846155,1.5899970302387327,12767
723214556,11.76902560455192,2.547022363652525,11059
723233667,9.886729776247849,2.387544595818324,4982
723813925,9.39272471135734,2.3411060143652924,700
723948646,3.4369199999999998,1.4899604420336403,2280
724230752,4.773934318359375,1.75335370576201,11243
724272658,1.981935,1.0925724186536039,692
724481627,8.434782608695652,2.24440313761131,6309
724618065,13.679487179487179,2.6864510892987483,8694
724702727,0.0,0.0,2483
724881282,5.029767441860465,1.7967084431397295,9126
725388338,4.754406,1.7499658222508496,1357
725585520,10.767200611205432,2.465316051964445,1604
725802482,12.501965923984272,2.6028352988410735,10725
726641627,5.104984090909091,1.8091055016475759,5021
726752754,17.41107558325913,2.912952417398191,10724
727375413,3.605769230769231,1.5273096982695427,10758
727457128,15.205767272727273,2.785367183373114,3363
727612983,282.15,5.645976792559814,14427
728447274,6.4424570370370375,2.007201041239072,6637
728639928,9.220257754010696,2.3243718050065176,4770
728901193,2.8575828106508876,1.3500407724650385,4369
729198085,4.085641387755102,1.6264211548315617,5310
729447865,5.193065526315789,1.8234302026065188,14361
730286699,8.248095797211157,2.224417670571349,8601
731066369,6.255151515151515,1.9817117703567435,5546
731147521,8.183589790909092,2.217418172955662,12452
732078441,9.492900333333333,2.350698869734908,3819
732213372,0.5236363636363637,0.42109982225556647,5594
732317048,2.5057041165354326,1.2543913894794807,8046
732715947,12.080459770114942,2.5711194960316925,10486
733157999,13.375,2.665490586683414,3020
733166528,1.9819571999999999,1.0925798634561776,6942
733424525,7.663482000000001,2.159116720284376,4990
733716462,11.454657078947369,2.5220946155328106,3645
733834560,5.294714594594595,1.8397103280403109,12482
733890019,19.117241379310343,3.001577227447147,8087
735361265,7.310508814285716,2.117520836148851,6616
735472892,8.09738352,2.2079868469047623,12448
735696732,7.234626008849558,2.1083479477652354,10008
735821562,6.823529411764706,2.0571357841655376,7322
735930669,7.470370384615386,2.136574236706153,12036
736061722,9.015151515151516,2.3040990978252607,12029
736099256,11.333333333333334,2.512305623976115,14117
736465867,1.4107142857142858,0.8799230877032802,2209
736518358,12.463514901960785,2.5999834269733024,11057
737511912,9.203005065000001,2.3226822911156657,1105
737623938,13.285714285714286,2.659260036932778,7384
738377910,6.512072142857144,2.0165113455415753,7505
738682193,7.92774,2.1891632833511063,11582
738978472,4.691666666666666,1.739003116788744,12192
739080416,7.5,2.1400661634962708,13774
739219198,15.4546836,2.800610154012323,2609
739657947,9.801498127340825,2.37968484000459,8435
740107605,20.19692393046358,3.053856073530646,4269
740215777,13.98687956043956,2.7071751223617726,8747
740663709,4.5375,1.711543135371254,3843
740977387,2.3721145973154365,1.2155400245311236,12225
742344136,8.968213125,2.2994013427354694,8072
742488092,9.721092352941177,2.372213049046606,13690
742519174,12.151175225806453,2.5765111254142035,12958
742695798,8.908733668965517,2.2934165570251195,4045
742806684,0.2842131229454306,0.25014617509637566,9692
742812367,33.05747126436781,3.5280494289189814,12209
742860534,10.63768115942029,2.4542482093495024,4457
743543773,15.513874999999999,2.8042009366314797,2218
744279491,8.783393501805055,2.280686407686408,8949
744336451,3.0997277534693874,1.4109205699127465,5075
745315566,1.222790218373494,0.7987632618261717,3299
745789701,7.532287731958762,2.143857523898738,10195
746018517,6.581782490027294,2.025748329004893,9943
746552710,4.0,1.6094379124341003,14335
746930730,11.453219445391305,2.521979179473357,7652
746947988,10.148402429447852,2.4112962077704387,642
746951288,9.305402448979592,2.3326682673381742,2068
747055370,12.637793057851239,2.612844840046632,4696
747104842,7.6631686393088545,2.1590805493361986,12153
747115619,5.8508111,1.924367054023494,2276
747514277,8.381168643678162,2.2387043441358525,4764
747724522,2.61600739,1.285370486222532,10838
747868663,3.643870078125,1.535548087157695,2019
748148547,7.149642222222222,2.0979740271753395,9995
748395859,10.398886153846153,2.4335156448239577,3345
748853064,4.175221333333334,1.643882107963082,2647
748970233,8.28061224489796,2.227927519287605,11077
749053238,1.2402663367697595,0.8065947591425057,4261
749740660,8.027,2.2002200863160177,3930
749785357,7.665679411764707,2.1593703288375274,9304
749799270,13.038474285714285,2.6418017235840807,854
750076074,9.750127659574467,2.3749176298124137,7500
750458278,771.7666802902557,6.649977166402366,2432
750646935,4.796042617960426,1.7571753774266454,13511
751225764,9.963425702662722,2.3945647967934462,8725
751803829,6.90625,2.067653585927794,3398
751934815,17.260976000000003,2.904766323902707,3358
752078214,8.459183673469388,2.246986086895283,8926
752234005,9.011710922330098,2.303755500033444,5317
752848001,8.26323319148936,2.2260531444653666,1398
753123139,12.747767621739131,2.6208764561490074,7358
753268646,7.786033119047619,2.1731633150715934,13634
753300563,6.908090452261307,2.0678863433134302,13264
753636938,8.54175705882353,2.2556776465752413,2515
753663242,5.0,1.791759469228055,14276
754397810,1.6502906666666666,0.9746693195177036,5830
755153118,9.968992248062015,2.395072405715666,6602
755933718,7.92774,2.1891632833511063,3889
756203947,9.431276896551726,2.3448086868838067,7599
756299770,10.611563938461538,2.452001492792912,6509
756583540,7.927739999999999,2.1891632833511063,1389
756924121,8.215220672727273,2.2208565379568466,7308
757809962,4.111111111111111,1.6314168191528755,7766
758015119,1.1932785377622377,0.7853974735738669,11504
758365529,7.071216428571429,2.0883042055658323,7130
759476886,3.3467961991150443,1.4694390677962765,5846
759505623,9.68946,2.3692582092615213,3975
759580526,11.132043696202533,2.4958501915510167,8265
759971862,3.4283589352941175,1.4880290719257017,7452
760010982,5.28516,1.838191299156521,10182
760258008,10.671762610364684,2.4571724726281774,3413
760834204,9.995652173913044,2.39749993774677,11953
761230845,5.695215517241379,1.9013931694004353,13427
761253775,8.070063694267516,2.204979286623613,9134
762004257,9.801965811965811,2.3797281371930756,7760
762539110,8.891304347826088,2.2916560224618556,12396
762706737,3.4674704,1.4968223423999496,14061
763987308,5.446613747368421,1.8635549925387167,625
764203888,8.220213046875001,2.221398144337873,9560
764387782,5.845714285714286,1.9236228047518806,3860
764426387,9.07445525291829,2.3100030371817035,6576
765494118,0.0,0.0,382
765650678,7.0886474999999995,2.0904615353881715,11743
765693241,8.469252295081969,2.248049948968087,1465
765864531,9.281506493506495,2.330346795351137,4836
766064778,9.883364847040253,2.387235462643423,6571
766455109,11.450139423626375,2.5217318215328612,5209
766487152,2.317317272727273,1.199156405896357,4853
766523514,2.755897435897436,1.3233272542366088,6566
766596071,8.65460215224647,2.2674347086354554,9609
766678722,0.4721030042918455,0.38669199360023937,2574
766925183,15.667655786350148,2.813470062180071,10236
767266815,6.488297069387754,2.0133414111164147,1795
767281377,9.047297297297296,2.30730367269604,8436
767457358,9.070796460176991,2.309639795973936,13714
767811308,5.098986013986014,1.8081225301465833,10839
768061222,9.62894542260128,2.363580979774999,5453
768492034,10.482234,2.440800971262568,7637
768694491,5.900830684931507,1.9316417934775334,10178
768737190,5.451531836734694,1.8643175966778238,14607
769134681,7.125598086124402,2.0950193361066005,1840
769770110,8.516474820143884,2.253024488226569,7686
769803297,11.4564,2.522234547053978,7901
770241572,2.6774193548387095,1.3022112439093492,13242
771205736,2.01680375,1.1041979100002193,4848
771354135,6.744186046511628,2.0469423742868815,12581
771369550,4.538496923076924,1.7117231504229986,4834
771532456,5.706081081081081,1.9030147387972303,4426
771873043,10.423857320886075,2.4357039161009992,10197
772838965,7.2531545873320535,2.110595501482264,2506
772863188,4.262070175438597,1.6605245187964859,13309
772964073,8.137680952380952,2.21240662814996,14508
772999491,9.75,2.3749057545736716,1033
773297933,8.01948,2.1993866827453203,2618
773423888,5.738737164179105,1.9078725430042023,352
773490137,0.0,0.0,669
773719777,3.467709075,1.4968757660610468,786
773902610,5.049714174757281,1.800011027084953,9306
774032304,2.7648112,1.3256977139121628,8732
774074812,9.88447534883721,2.387337494061141,12984
774201823,7.398956301639344,2.1281074483247817,11179
774216676,25.447210266666662,3.275150680782078,3181
774468766,1.32129,0.8421230656310843,13288
774632026,3.381400523076923,1.4773684274050503,13055
774637605,3.3319029999999996,1.466006937382972,916
774705919,8.310405405405406,2.2311326354972403,2115
774783773,9.360227673267326,2.337974212773969,7758
774786252,10.243386243386244,2.4197800662988747,8852
775475493,5.1095544,1.8098538409004419,9319
775522078,6.208121827411167,1.9752084218573178,820
775529562,12.045528596187173,2.5684454387479745,4144
775698035,0.13747679999999998,0.1288124760305796,6316
775815370,3.0,1.3862943611198906,93
775875433,11.6435212,2.5371449258730037,12273
775894022,9.851463414634146,2.3842999478162,6023
776005497,5.308754464285714,1.8419382663060397,11794
776019566,8.451755255474453,2.246200465577916,3485
776835324,9.0,2.302585092994046,1918
776925458,7.533351630480256,2.143982207012013,12904
776993503,7.082425489655172,2.0896920118499565,14019
777227923,4.572252,1.7177992810255418,1627
778921367,6.474321,2.0114732790304983,11600
779316741,10.623207272727273,2.453003726482628,12571
779576770,10.687101449275362,2.4584857934366062,11619
779583763,10.927643076923077,2.478858653886217,119
779615096,7.23755299137931,2.1087033327523117,14098
779985494,11.566557692307693,2.531039134048603,3913
779987240,7.290436363636363,2.1151026051124937,4708
780146210,8.99,2.301584592660462,2492
780439182,4.692415890410959,1.7391347433368858,1624
781343007,9.169328140214215,2.319376144969095,10201
781474988,5.0394736842105265,1.798316869774214,10593
781897194,7.026315789473684,2.0827256168810258,8968
782174752,8.501714511627908,2.251472257231059,1125
782195909,7.772281973437501,2.171596974753729,10602
782209897,7.498280406976744,2.139863837968282,2162
782489619,7.801616863636364,2.1749354391111764,10093
783201455,6.108941473684212,1.9613533542062145,6107
783398464,4.642574842473746,1.73034049368428,6292
783658696,5.831531270270271,1.9215488461511159,5407
784350869,87.94450025806451,4.488012582611384,7275
785662550,4.152945,1.6395683958949867,7664
785841272,10.0,2.3978952727983707,14202
786190985,7.692982456140351,2.1625160859354926,9475
786251625,6.572355789473684,2.024504219759532,7377
786318471,1.469387755102041,0.9039702474861144,7940
786546946,6.617647058823529,2.0304675370833762,7523
786609610,4.317006802721089,1.6709105139498368,6235
786797536,5.852226720647773,1.9245736681584529,2220
787183766,166.10216863636361,5.11860541359232,13745
787364535,7.413905000000001,2.1298856943986224,6815
787638745,6.5932371000000005,2.027257995872901,12102
787650239,8.939228537074149,2.2964894056921468,2572
788052312,12.161773388429753,2.57731667277811,6655
788195408,0.0,0.0,11914
788284810,8.964730088135594,2.2990518673105296,8055
788692007,5.0,1.791759469228055,14160
788836629,3.9637913517857144,1.602169834183741,5665
788934271,0.0,0.0,5370
789100251,0.0,0.0,6359
789641941,9.763211470588235,2.3761339740114917,14016
789958120,9.349729729729729,2.3369604063008347,8967
790072153,2.830508474576271,1.3429975553665665,1248
790122803,4.919028340080971,1.7781723036817465,9325
790294410,6.706586826347305,2.0420753951793715,12732
790420843,8.525252525252526,2.253946432498868,10666
791019862,6.626765847398843,2.0316638822255615,150
791075294,20.0487,3.046838800501589,10271
791255620,8.542410714285714,2.2557461489558754,3000
791751125,0.0,0.0,4784
792084243,3.137053276190476,1.419983765373264,7340
792937749,7.808441052631578,2.175710472262033,8001
793907057,7.712068965517242,2.1647093017514436,1730
794134904,5.2625261870503595,1.8345836479671682,1052
794374100,5.155871313672923,1.8174063115464607,5526
794563663,7.03765690376569,2.084137610837046,2266
794656135,45.0064674,3.8287819822586266,14336
794718510,8.949957262790697,2.297568255964362,12921
794879978,8.857018132450332,2.288183702232217,11851
796682039,32.36673680672269,3.507559499750437,11771
796722293,5.907407542168675,1.932594392589215,502
796832733,8.412009533333334,2.2419864837559476,6006
797362275,1321.2767871,7.187110368466541,8379
797406820,7.385315684210527,2.1264820432499043,13485
797856230,2.733073442016807,1.3172318734642918,9398
798279717,5.366859308823529,1.8511063038571098,8347
798310147,7.034744494382022,2.0837751996026075,7330
798412243,8.6249039875,2.264353904799419,8959
799180214,11.112373994169097,2.4942275742045976,658
799239705,10.707435,2.4602241100635642,12586
799887796,6.48450140625,2.0128344032614383,9371
800138899,6.609349820502593,2.029377730707517,4413
800595642,4.0615141153846155,1.6216656708277715,3511
800639684,1.5312665581395348,0.9287197933385405,8628
800805564,6.888663992307693,2.0654267912814,9498
800844398,6.432213956043957,2.0058237895853104,12169
800869146,5.584995,1.8847935758935135,8669
801021965,2.4085229142857143,1.2262790344871815,3659
801150940,0.945153,0.6653406372156938,2711
801196823,0.0,0.0,8668
801563136,0.0,0.0,11197
801746435,0.0,0.0,5309
801783478,8.903846153846153,2.292923182082309,7290
801829910,3.306733636363637,1.4601797598046768,13240
801996701,5.15538,1.8173264961547242,14602
802497680,4.7741364666666675,1.7533887156456653,4176
802838653,9.0,2.302585092994046,10137
802869866,0.0,0.0,9461
803819975,5.005948695652174,1.7927504273421988,9382
803887698,548.1535674676526,6.308378124557882,10324
803893845,8.048780487804878,2.2026299959031275,13053
804673014,9.321100363636363,2.3341903787528095,9852
805152891,9.709299,2.3711124294697203,4633
805592739,1.5787203645833332,0.9472932931737731,10815
805798351,6.480612857142857,2.0123147214031887,210
805798791,7.693413230769231,2.1625656390040784,400
806231328,6.6829,2.038997080051736,3316
806421901,6.5103561818181825,2.0162828923235816,638
806780709,9.638,2.3644324963201258,14538
807077450,10.0,2.3978952727983707,719
807251526,5.449386503067485,1.8639850104803954,5343
807466634,1.3406425531914894,0.8504254870561772,13501
807511012,6.49239263803681,2.0138881908483333,4092
807519829,13.432040780487807,2.6694507890152646,8137
807622297,0.0,0.0,9925
808177264,5.53775955882353,1.8775945316734162,9026
808666381,9.99,2.39698576841553,7995
808696260,9.909675,2.3896500102170384,6703
808937485,7.327558811881188,2.11957035343016,11870
809087722,7.277272727272727,2.1135135333752464,5884
809108173,0.859375,0.6202404097518576,317
809319179,353.14188043478265,5.86969762502669,6861
809822797,6.503578585365854,2.0153800514603692,12157
810033685,9.3,2.33214389523559,3888
810092942,6.121621814516129,1.9631354824229486,1061
810266044,2.4783232653061225,1.2465503573593442,5271
810290776,6.337409049773756,1.992985789816576,1595
810380538,7.741780666666667,2.1681139065206385,12446
810416954,7.697791740331493,2.163069170491638,14069
810501840,5.314113253012048,1.8427873267839407,8195
810851956,6.602990185074626,2.028541615317494,3487
811467800,6.136486595744681,1.9652205818185196,466
811690207,8.628832653061226,2.2647619986348224,11985
811868605,4.12726953,1.634573262123888,3857
811963262,5.10282198,1.8087512838759074,2172
812064088,6.874015748031496,2.0635681925235456,3356
812089266,7.0,2.0794415416798357,14612
812198609,5.0,1.791759469228055,4896
812311013,5.165405405405406,1.8189538936441136,11182
812625734,8.897499999999999,2.2922821999981484,5464
813162869,4.896113500000001,1.7742934050409633,11138
813856451,5.765629090909091,1.9118552493035632,13535
814021193,7.814901428571429,2.1764436335492436,13946
814381219,3.338339098265896,1.4674915786133171,13755
814497187,7.4653284671532845,2.135978817803728,7164
814503386,11.258516727272728,2.5062209384639234,9838
814572073,4.388888888888889,1.6843392206072183,11217
814756566,3.7216981132075473,1.552168504643208,5875
815397189,8.048064516129033,2.2025508692182205,13817
815442621,7.1602500000000004,2.0992748057616066,4891
815745209,11.226862110912343,2.503635343672466,8421
815993962,9.685384615384615,2.368876883947761,2282
816422948,7.4529014062500005,2.1345097441203396,3668
817016671,6.834073983471074,2.0584826790937454,5477
817060231,11.409234285714287,2.518440895920021,10239
817285393,14.823529411764707,2.761498035545623,8453
817325401,4.897799043062201,1.7745792377648404,11583
817547300,3.3394247260273975,1.4677417877199825,8345
817686559,5.725379963076923,1.905888423977621,11885
817725256,4.410714,1.688381061968938,14562
817874160,7.243277579710145,2.109398029361972,7979
818985512,8.884057971014492,2.2909231532462027,6750
820072585,6.810141364256481,2.055423064104747,9243
820245359,9.784721544719687,2.378130460752102,13179
820450914,9.618333333333334,2.362582066900342,2529
820718325,54.850746268656714,4.022682887443069,4912
821027393,6.988404,2.077990990138449,11232
821273155,5.86187748367347,1.9259810899593903,3908
821362188,5.159836065573771,1.8180501644597726,14395
821915681,10.41841765957447,2.435227635921456,12790
822307405,5.610344827586207,1.8886358200651248,12154
822326370,5.957816727272728,1.9398657365255245,6068
822391091,9.571832633879781,2.358193165542173,5675
822414410,7.742946206896551,2.1682472274744105,1369
822935540,9.362026875,2.338147862000505,14642
823506614,7.39408231884058,2.127526971730191,6346
823709543,6.866592073469387,2.0626249411324036,9118
823796693,1144.49436,7.043591578267287,4089
823812973,5.775935,1.913377364623696,11346
823932826,5.6022351052631585,1.887408244015228,6456
825427575,8.360816944024206,2.2365325670252596,740
825850444,12.376730799999999,2.5935166900173634,13948
826282516,10.0,2.3978952727983707,2031
826405253,10.205108500772798,2.41636979045213,12962
826455430,10.0,2.3978952727983707,6195
826658700,39.346746735678394,3.697510765336089,9133
826980805,3.78125,1.564702018592709,6704
827603418,11.4564,2.522234547053978,6718
827653353,8.396128767123288,2.240297771164584,14255
828063260,2.5245276996298256,1.2597464413666999,7225
828184046,3.878787878787879,1.5848968035179827,2471
828441853,9.941609333333332,2.3925728915984155,570
828549674,8.307090395480227,2.2307765177899324,4820
828808845,6.299189189189189,1.9877632720115355,3495
828897920,2.0,1.0986122886681098,13973
828959342,9.915852272727273,2.3902160696588126,12168
829074717,7.86658064516129,2.1822892253989434,5188
829096243,1.5792988313856426,0.9475175912163964,139
830021182,6.073461369863014,1.956349945654044,3459
830376118,1.0,0.6931471805599453,977
831408582,7.78,2.1724764076470255,8539
831515145,6.732824427480916,2.045474181047532,12121
832331331,3.7037037037037037,1.5483502204542623,10767
832447005,3.142857142857143,1.4213856809311607,3893
833374789,2.3676559999999998,1.2142169533964424,8585
833638603,0.0,0.0,9275
834033749,11.212205944444445,2.502435938834958,10121
834068722,2.2006141248720574,1.1633427054150587,11070
834115257,4.929596910299003,1.7799562360447843,2568
834579073,7.121753100000001,2.0945460298855267,4860
834875929,6.377611577419355,1.9984499517354135,5779
835159600,5.0,1.791759469228055,706
835189968,6.436157112676057,2.0063541982906514,14245
835247295,8.87008,2.2895079587823495,10600
835694451,3.9209932394366196,1.5935103880638808,5482
836442395,8.536489898989899,2.2551254826391,2857
836656533,12.974807019078947,2.6372562099353667,10687
837478630,9.62251655629139,2.3629759516115354,11990
838570694,10.068523683577782,2.4041053759099613,2094
838690783,6.559523809523809,2.022808200049378,11845
838778931,10.900649350649351,2.4765929659102017,7462
839161059,3.776315789473684,1.5636694939785196,2345
839590415,8.395978260869565,2.240281753136004,3886
839660126,3.9864691875,1.606728081656898,5817
839697432,7.856519607843137,2.1811538666574948,7898
839754651,4.191860465116279,1.647092104063046,4062
839808867,3.0,1.3862943611198906,13606
839852390,9.388519800000001,2.340701331054586,3815
839993998,10.804774466165414,2.4685040654134593,8611
840011239,2.9881656804733727,1.3833313959892335,1549
840282389,9.868645161290324,2.385882053189203,5664
840394319,9.563648251685393,2.3574186969935003,11672
841080586,10.571776948453609,2.448569111820414,10850
841206966,0.0,0.0,8841
842226990,8.632352941176471,2.265127530459145,10646
845253741,7.40015777385159,2.1282504882742566,1387
845656017,3.6024581005586596,1.5265905304570764,5525
845839886,5.297508270676691,1.8401540425707512,14397
846703152,3.580125,1.5217262903300772,4826
846745547,5.819012926829267,1.9197147292441934,9159
846800133,12.30110070247934,2.5878467913882353,4241
846803195,49.007032432091684,3.912163644179887,5653
847324280,8.49645390070922,2.250918455313004,4161
847608266,7.518518518518518,2.1422424429188665,13888
848068733,2.054054054054054,1.116469906068116,58
848149154,1.3666904761904761,0.8614925556907279,6801
848172194,11.710986666666667,2.5424667113517634,2316
848254854,8.577898571428573,2.2594582121199913,10035
848412952,8.163975135135136,2.215280051267526,7535
848515017,0.0,0.0,9156
848709312,3.032576470588235,1.394405494405489,8186
848860127,8.742987783783784,2.2765478245969684,2219
848975892,1.32129,0.8421230656310843,10092
849208131,9.474176372093023,2.348912834754381,11327
849378400,7.5,2.1400661634962708,14189
849514495,0.0,0.0,1798
849695853,11.324086647887324,2.5115556115347073,9678
849900000,3.7413793103448274,1.556328087120152,13009
850664873,0.0,0.0,3389
851098170,8.0408,2.2017476660638042,6758
851330570,4.063138474576271,1.6219865429152154,8109
851377517,11.05194690265487,2.489226215570901,14328
851846867,7.57386275095639,2.148718360461517,4441
851991540,9.021513513513513,2.3047341335027745,10514
852003802,7.559055118110236,2.1469898006626185,1313
852033266,6.288043478260869,1.986235125672693,14512
852183203,5.8743083333333335,1.9277910324308998,8412
852801769,5.300523837209303,1.8406327787042016,6612
852989040,8.28034188034188,2.2278983866735946,2287
852990672,9.028132530120482,2.305394396215944,3065
853167651,4.934949267015707,1.7808584799232776,8998
853757248,0.152752,0.14215212708473862,8897
854026475,2.0,1.0986122886681098,11995
854029614,2.29128,1.191276546864698,13346
854164424,0.0,0.0,430
854256146,1.784688995215311,1.0241361957666268,12123
854472690,0.0,0.0,6499
854533229,13.195978061538462,2.6529586893856525,4155
854540137,0.0,0.0,7375
854755179,5.185185185185185,1.822156946412426,856
854801332,6.286332307692307,1.9860003066174474,6937
854917843,7.00473,2.0800326169604197,321
855287553,0.1478537360890302,0.13789388219238569,4462
855297012,2.6731599999999998,1.301052327010471,8757
855332170,10.03191489361702,2.4007924259595232,9773
855804447,6.341935714285715,1.9936025291504087,1124
856003633,4.261760836363637,1.66046573049502,2253
856051961,5.729036770376027,1.9064320086549196,9294
856469540,0.1282051282051282,0.12062798778861472,5562
856531041,8.678571428571429,2.269914310704497,3699
856535032,9.860704441041348,2.385151178059686,5540
856736298,3.4934907600000003,1.5026298518106274,7649
856740002,4.8478260869565215,1.766069983112744,9253
857443827,3.098288686178862,1.4105694929623886,1552
857576139,1.9987640449438204,1.0982002187602393,2099
857648887,3.0,1.3862943611198906,5436
858076007,7.15471274,2.098596010437234,5947
858430515,6.563223256476683,2.02329745600407,3220
858549299,6.9477596864321605,2.072890088504248,12364
858552410,8.884015501477833,2.2909188564656673,13715
858615773,23.156984126984124,3.1845735360936827,12766
858684110,3.8526015,1.5795149528953354,14012
859041092,7.536128746987952,2.1443075967099756,12484
859149469,8.72448923076923,2.2746473668675575,2309
859339973,9.5419895437018,2.3553662865620812,14240
859465602,12.691169002702704,2.6167510266483776,11798
859592033,11.306968695652174,2.510165662565625,9788
860179257,3.2672091919354838,1.4509600285339104,8683
860414390,2.474180294117647,1.2453585646062895,11161
860506901,6.994923902439024,2.0788068280966576,8665
860797592,10.02435,2.4001064626787825,6796
861289771,4.754775561290323,1.7500300425063875,7111
861520611,8.308510638297872,2.2309291040876102,7725
861528315,4.392344629981025,1.6849802866233539,11079
861874305,2.5439306463878326,1.2652364632476942,4634
862270423,4.586470588235294,1.720347708198645,5998
862361137,3.84503525729443,1.577954522363606,2503
862812895,7.931803469387755,2.189618330756415,14021
863387162,5.952835294117647,1.9391495323734322,7224
863550488,6.973921568627452,2.0761764130225853,6985
863550514,13.10912480479592,2.6468217373496348,6993
863567674,8.935992,2.29616372003782,14551
863720104,2.8948086343612336,1.359644547014644,9485
864203621,6.608788566371682,2.0293039695000816,5946
865264528,5.240971162251657,1.831135805247697,11366
865566886,11.63888888888889,2.5367784804948403,78
865827511,13.513493475,2.675078801183985,14001
866522285,0.0,0.0,2326
866606151,1121.7927282269663,7.023574368003419,10553
867018753,7.482577362162162,2.1380143378424,4579
867306373,8.16442310817942,2.2153289342128253,1264
867474487,1.0476190476190477,0.7166776779701394,3224
868590580,6.993611454545454,2.0786426544725933,4097
868651820,5.717533696551724,1.9047210777289025,2132
868963525,1.5718294788304092,0.9446175051224426,9712
869302165,5.187926590909091,1.8226000695035889,14597
869562851,6.853297489655172,2.0609335059692713,13902
869712718,2.29128,1.191276546864698,7779
869742761,10.641956204819278,2.4546154870162593,6586
870879048,5.7118751765625,1.903878371936331,1702
871141324,8.013911086956522,2.1987690603365735,1770
871181867,6.2682546960000005,1.9835161933981773,5327
873179733,4.532241304918033,1.7105930326845338,4837
873771963,9.5,2.3513752571634776,5986
873875561,6.4881991328125,2.0133283324131006,8383
874283626,22.934285714285714,3.17531197967035,277
874294122,6.884930803184714,2.064953444623129,4970
874458011,4.291452054216868,1.6660926986047746,4994
874690733,4.9899578315789475,1.7900843722993978,6587
875064324,8.074034285714285,2.205416959691134,12338
875069865,6.545454545454546,2.0209453349982276,182
875428187,11.4564,2.522234547053978,13831
875499133,2.64258,1.292692221783584,1613
875665365,6.488989822222222,2.013433918236025,2708
875752876,4.357794968944099,1.6785525040490883,12532
876012970,8.95638311133342,2.2982138642123022,11607
876546988,8.666666666666666,2.268683541318364,1284
876719952,4.9186144,1.7781023674469354,5470
876728775,11.4564,2.522234547053978,9380
877062726,17.202022175115207,2.9015326964334687,12150
877246918,13.421052631578947,2.6686891272216298,6707
877549849,5.082191780821918,1.8053651212838338,10198
878766019,8.936808510638299,2.2962458937242434,11826
879135159,11.216736494764397,2.5028068554543057,1084
879481352,4.8419272636363635,1.7650607532951545,9410
879807355,8.176211453744493,2.216614423779569,8709
879843906,7.150510588235295,2.0980805741536397,10316
880205995,9.903723243243244,2.389104312858187,11041
881541550,3.37806369140625,1.4766065470547511,7601
881858949,9.401153846153846,2.3419167467387543,2915
882623122,2.785922077922078,1.331289470938263,7692
883145423,9.781972656852792,2.3778755410267056,6832
883199997,11.481858666666668,2.524276283476,1793
883919797,8.1348962505,2.2121018324036794,1290
884417405,8.455005084507041,2.246544239868821,4047
884615127,5.238168701886792,1.8306866620467253,4561
885044373,10.441063369565217,2.4372089335169647,6095
885257729,7.233914623318386,2.1082615544960923,13431
885360024,4.547,1.7132572410730975,644
885434177,12.387596899224807,2.5943286737850064,4488
885474780,9.808790983606558,2.380359782991715,8084
886953690,8.779763313609468,2.280315282691449,9946
886968738,31.10376168472906,3.4689732097103336,1980
887172577,8.625268057553956,2.264391729921516,5289
887651288,14.759478574527424,2.757441998509775,14126
887968155,5.667042684989429,1.8971763860437205,9362
888444672,9.733695652173912,2.3733879197262366,2612
888575933,4.7746615909090915,1.7534796557140895,2700
888607332,7.34235835443038,2.1213459527075673,2059
888713767,6.2727272727272725,1.984131361875511,5788
888796803,6.606450000000001,2.028996571573997,13498
889389669,3.727604776119403,1.5534186844184474,274
889653681,9.267605633802816,2.328993854967343,1081
889916494,6.015873015873016,1.9481751556861655,1372
889973602,4.194444444444445,1.6475896783984767,12271
890142801,8.69811320754717,2.271931351903043,36
890205466,6.759276000000001,2.0488890308734358,13336
890483162,6.464682857142856,2.0101829461158585,5749
891370508,3.992248221649485,1.6078863537190529,6977
891429920,10.369101860240965,2.4308993125791676,4119
891447424,0.959453225038168,0.6726654675066839,11941
891497776,0.0,0.0,5199
891773152,7.138218461538462,2.0965712938417562,11061
891830664,4.670147180412371,1.7352150751474507,7586
891989445,3.1547985554006974,1.4242639446773935,5276
892120185,7.274531794444444,2.1131823389305873,5103
892202479,10.557179292134832,2.447306827599266,12558
892356175,9.215989304812835,2.323954071824134,8132
892557321,1.5521343596920925,0.936930012878813,10086
892721898,7.728149365558912,2.166553361761848,10403
892756986,7.7642814432989695,2.1706845347843373,11423
892851469,6.031943170028819,1.9504630787274688,9742
893829730,5.45032125,1.8641299357689438,7671
894093399,5.1593228571428575,1.817966845714649,8376
894767339,6.799703264094956,2.054085689907141,1913
895281261,6.649717033333333,2.034668658047577,11933
895601225,4.649552662857142,1.7315763673083162,8589
895682763,9.795584225900683,2.379137182548715,983
895752516,318.42528735632186,5.7665234040819655,2873
895846902,8.142998625,2.2129884087940033,1111
896500544,6.873362445414847,2.0634852196490776,368
896615656,3.546583850931677,1.5143761489768486,7977
896717839,2.435778464516129,1.2342435272227341,9624
897389255,2.1343915384615384,1.1424350686325002,2095
897426180,3.3529064,1.4708437599268507,3998
897598394,1.8189655172413792,1.0363699797908887,7840
897760410,155.16030774193547,5.050883093346341,7045
897974259,9.92326411764706,2.390894837523947,14641
897981501,8.190582354716982,2.21817930266426,3228
898339549,10.132323314917128,2.409852886982193,2104
898559963,8.176081081081081,2.216600216000005,12764
898730410,5.912980645161291,1.9334008971850571,1075
898966204,7.578183333707865,2.1492221584132642,3958
899202951,0.8135593220338984,0.5952913905561867,7388
899412365,12.785774716981132,2.6236372428952306,12966
899531355,4.99069425,1.7902073069138018,7668
899568803,4.644486486486486,1.7306792256137529,9698
899849395,7.624769044585988,2.154638185119596,3280
900165621,5.093020219123506,1.8071438896792833,12778
900234583,6.0,1.9459101490553132,14312
900268146,7.46360153256705,2.135774796097424,53
901233756,0.9063218571428572,0.6451756562134766,7015
901448001,9.957391304347826,2.3940142335123973,145
901964652,0.0,0.0,11345
902287501,10.0,2.3978952727983707,9247
902392214,6.496156483516483,2.0143904203207477,12081
902751483,7.320639600000001,2.1187391268783857,11555
902910795,9.399356407185628,2.3417439203079793,9546
903474282,6.570390621971831,2.024244667435338,12398
904135773,9.69346390909091,2.3696327052055493,495
904490711,14.109067796610171,2.7152950799148994,12653
904734681,10.0,2.3978952727983707,4562
904808527,7.833333333333333,2.1785324443240666,8372
904992007,0.9239032258064517,0.6543560525411107,2372
905135999,8.715429532710282,2.2737152952035693,8269
905837861,8.48643706329114,2.249863100955569,14283
906105861,3.1620459770114944,1.4260067747656633,2237
907511179,8.931818181818182,2.295743561177329,636
908044907,9.09421348390244,2.3119623372785743,4851
908415715,5.24944945945946,1.8324933733819813,9507
908938705,8.726479146459749,2.274851975261224,8958
909859215,6.482758620689655,2.0126015235539856,10241
910510378,6.114099789473684,1.9620787006240716,8463
910703286,9.499493397129186,2.3513270081070523,6814
910765842,12.332040000000001,2.5901701607410224,5448
910816191,40.63634480333333,3.7289734589940235,13205
911099062,10.0,2.3978952727983707,7959
911296555,3.163073390625,1.4262535973211967,8352
911568121,10.810344827586206,2.468975827715806,12445
911618494,7.271409416326531,2.112804919705509,5742
911811187,4.549251645569621,1.7136630800306927,3929
911975967,16.489032857142856,2.861573990597227,4348
912051704,7.7936507936507935,2.1740299603557514,8976
912593972,8.927484772277229,2.2953071501290916,2255
912881033,5.4028382399999995,1.8567413670596513,13369
913105732,6.20548049132948,1.9748419158232475,11328
913173219,0.0,0.0,12221
914121366,8.97547346451613,2.300129426763893,11262
914173446,6.966582285714286,2.0752555784619173,5312
914248482,8.01948,2.1993866827453203,9533
914283197,4.828431372549019,1.7627479028465654,10383
914325736,8.351737175141242,2.2355621201757563,106
914338167,4.651428571428571,1.731908357699198,5712
914368758,8.222222222222221,2.2216160304603783,4684
915413662,8.322771084337349,2.2324599111503307,3037
915756703,12.845402942122188,2.627953260000226,9927
916211959,4.503950617283951,1.7054661284403476,8443
916422424,6.673629242819843,2.0377896772382713,14535
917115614,7.04212083,2.0846928332316454,2106
917814796,2.759439090909091,1.3242697683239562,7218
918089991,7.491407023255815,2.1390547137128597,12897
918132835,2.002913385826772,1.0995829460367115,2773
918466676,13.0,2.6390573296152584,5590
918710802,12.228461739130434,2.582370700704052,12124
918813752,7.9419554887218045,2.190754300022818,14171
919263191,1.709591915625,0.9967980389123828,10066
919912991,6.056906666666667,1.954006806292388,7647
920139836,5.434418267441861,1.8616614356317074,6536
920212236,7.912307225806451,2.1874331558634554,9520
920567162,7.4898075525,2.1388663325162844,7149
921257114,5.4079995812227075,1.8575471444137943,7946
921700728,3.5945752427184465,1.5248763125182412,1049
921704096,9.0,2.302585092994046,2558
921718541,2.8734850485436896,1.3541546311478643,9081
922632802,4.89004881539197,1.7732642854715912,7670
922800769,8.033915089285715,2.2009858381718272,9473
923097892,8.9016228,2.2926986628991806,10425
923156401,10.860557768924302,2.4732184218839923,7406
923626670,5.798784454976303,1.9167438395820602,12422
923736930,8.640755555555556,2.2659994826834464,3128
923818775,28.777005347593583,3.393736463018576,10419
923824817,6.606450000000001,2.028996571573997,13092
923846914,10.699402786994028,2.459537796654265,8446
923976551,5.0,1.791759469228055,7799
924182149,8.471256802056557,2.248261612442579,11693
924436792,8.55103146853147,2.256649155836354,8469
924652875,13.134895813953488,2.648646620333351,2398
924751681,2.998256983783784,1.3858585120974491,2642
924843569,9.323437499999999,2.334416795676168,14422
924858094,6.5938888888888885,2.027343830268397,6373
924858249,23.032163302702703,3.1793930707776243,6448
925046198,7.445026455026456,2.1335776828808433,2441
925218703,7.725114006514659,2.1662055346523674,6453
925484646,5.595087542857143,1.886325060206597,8147
925988723,6.146870869565219,1.9666746202930614,13616
926720089,8.238562276119403,2.2233862757244203,3696
926893522,8.742857142857142,2.276534415794103,8077
927895478,10.600520914285715,2.4510500035079974,1760
928309710,3.96387,1.6021856784418196,11172
928468814,4.125,1.634130525024472,9107
928470937,5.819557446153846,1.9197945791566073,10040
928562161,11.986386138613861,2.5639015886368157,6965
929197834,5.945805,1.9381378802163196,12679
929847692,7.678662365591397,2.1608674114501967,10240
930098826,16.77257581607143,2.8776565847328652,5376
930167760,4.084967320261438,1.626288602785956,6954
930179528,7.082460732984293,2.0896963723296573,12096
930598951,8.961915359659091,2.2987693582948903,9189
930660913,13.25,2.6567569067146595,7655
931382765,4.551724137931035,1.714108534997989,8095
931495083,9.218158888888889,2.324166420688754,14223
931800803,3.9388803847826086,1.5971386627559234,4447
932649541,13.097738644964029,2.6460144047321235,3005
932816105,8.906574394463668,2.293198616985683,4225
932932194,3.3993542647058823,1.481457772132813,12163
932971968,7.471931470588236,2.136758519336767,661
933946003,5.365414,1.8508792730991799,11260
933956027,8.43212598425197,2.244121520254852,1088
934429750,3.888888888888889,1.586965056582042,7907
934928717,4.275768764044943,1.6631244060031922,11122
934975081,9.56057627368421,2.357127848160763,2532
935060316,8.97376125,2.299957769600615,11340
935270554,6.606450000000001,2.028996571573997,2807
935463731,7.79006559,2.1736221735577557,1237
935854451,6.2727272727272725,1.984131361875511,161
936033085,13.4003202259887,2.6672504442505782,6884
936071207,13.327868852459016,2.662206511482224,9188
937170535,6.831408888888888,2.058142428540397,2533
937510044,10.276043636363635,2.422680443088617,7949
937734228,3.8613861386138613,1.5813236109532611,5580
937836836,5.7282,1.9063076487448751,7539
938210067,0.0,0.0,13129
938312400,5.000253002790698,1.7918016354708295,319
938315677,5.14533052631579,1.8156925294178288,1752
938965803,8.527322635135135,2.2541637374955235,14058
939032966,8.841240875912408,2.2865818083892115,168
939321888,12.142489491525424,2.5758504541315705,12131
939345058,4.696067935384615,1.7397761008968042,7952
939700989,6.813953488372093,2.0559110442696418,5896
940480989,5.75,1.9095425048844386,2956
940721927,8.261859310344827,2.2259048179566685,8217
940878774,6.860584661157024,2.061860988045858,5003
940982491,11.04466730232558,2.48862201445876,7512
941359302,8.229555555555555,2.22241089519458,92
941756566,5.55,1.8794650496471605,1877
942417481,10.90792485,2.4772041322501765,4373
942428041,8.429411764705883,2.2438337155592913,9128
942923853,10.659113062098502,2.4560881113137327,11006
943724279,7.974928928571429,2.1944350155208636,2604
944391176,12.965200392156863,2.6365685488936745,7891
944533424,3.3032250000000003,1.4593647415900628,12749
944909676,12.235294117647058,2.582887058148204,5226
945093989,6.721166702179177,2.043965479843398,14324
945772009,0.53701875,0.4298446635711853,9850
945801065,3.921132857142857,1.5935387595163246,8261
946248261,4.550643640406608,1.7139138922786321,3001
946629374,4.405594405594406,1.6874344183275147,12235
946745066,14.586155652173913,2.746383062037351,5431
946746593,5.118596820488941,1.8113327925381997,6124
946810354,21.106213846153846,3.0958587385121925,5300
946902123,4.8726174890829705,1.7703004440060528,2283
948125387,8.87871,2.2903819364335702,7299
948314384,8.46902645614035,2.2480260989715175,3778
948528834,5.0,1.791759469228055,11724
949338790,10.288246853932584,2.4237620830155584,7704
949685595,12.139136363636364,2.5755952851457753,1486
950048121,9.0,2.302585092994046,2406
950336932,8.0,2.1972245773362196,14350
950534953,3.22982,1.4421594389612846,360
950553374,9.001457142857143,2.3027307966644646,8671
950852976,0.0,0.0,10669
950953339,5.739910119250426,1.9080465894125127,11594
951134625,6.715184588528679,2.0431904114561465,4761
951261820,11.0,2.4849066497880004,3025
951343621,3.3516593841642233,1.4705572399842763,10293
951883626,3.1641485714285715,1.42651183009425,2657
952002798,9.358439201451906,2.3378015692510363,11997
952239722,0.0,0.0,731
952422603,5.0,1.791759469228055,9274
952479780,256.39921304347826,5.550628237828208,5563
953042501,6.27790973871734,1.9848436971781005,8128
953288243,8.007749897610921,2.1980853065370853,708
953967339,1.8114671927162367,1.0337064797210678,11299
954067756,8.669919895238095,2.269020025587882,12250
954666447,7.27115770212766,2.1127744874035472,1535
954809271,5.7282,1.9063076487448751,6938
954822626,1.960377358490566,1.0853167461868651,12768
955181164,9.480683640466927,2.3495339096343066,11930
955212918,10.261194029850746,2.4213626588169377,11492
955442545,7.011392115107913,2.080864543121356,11593
955591609,0.0,0.0,5005
955962457,5.213464878333333,1.8267186917708038,9668
956456060,7.356889701492538,2.123086312594584,10566
956597705,11.648053794392524,2.537503353091716,663
956945760,3.983870709677419,1.6062068400727172,9785
957107255,3.0,1.3862943611198906,8778
957249626,7.860363333333333,2.181587772053073,13716
957472079,10.439024390243903,2.4370307017419717,10656
957682947,4.563359068209501,1.716202074796523,2371
957785131,5.481799041176471,1.8689981016433426,4123
957833344,7.482758620689655,2.1380357059458888,11026
958014259,7.277409593984962,2.1135300684810954,4018
958091083,9.18425,2.320842409264877,9106
958574857,7.830307962962963,2.178189890900432,5658
959264673,7.68139282,2.1611819789330675,6462
959421384,4.343589743589743,1.6758976637495653,3171
959659412,5.458094106512301,1.8653342443129561,7160
959793951,7.072356215213358,2.088445411811683,8672
959953311,7.242718446601942,2.1093301980817114,6687
960092780,6.194665798045603,1.9733398900660382,10334
960392567,10.005256000000001,2.398372976861432,12503
961074475,7.3008474576271185,2.1163576129189305,9758
961933217,6.754070422535212,2.0482179212987015,12743
961946906,9.277246468085107,2.329932370848803,4248
962723617,8.14135659574468,2.212808798494388,14536
963171429,7.8195696644295305,2.1769730779473804,9674
963412941,8.88567525,2.2910867648610926,432
963416642,7.623972838235295,2.154545864606405,2048
963517587,1.981935,1.0925724186536039,3261
963542746,4.655425912844037,1.7326154228847563,14500
963942269,7.653221083455345,2.157931631217929,2669
964121878,8.876842920469361,2.29019291823259,9748
964229871,8.07536487804878,2.205563586290161,14028
964281968,6.389943884210528,2.000120141455032,8152
964467107,3.8461538461538463,1.578185368929996,2930
964754758,4.741099411764706,1.7476507271416055,14306
964827181,5.498120858823529,1.871513036461989,2745
965217048,3.582466701030928,1.5222374341545146,1227
965516643,8.333490472440944,2.233609057698323,3360
965812119,5.614084507042254,1.8892013914725714,3615
965818118,4.993261132075471,1.7906356933743466,6384
966403993,5.7476115000000005,1.9091885904122474,4535
966462020,9.638900252173913,2.3645171188134197,1142
966716011,11.625917114932127,2.535751615289967,12166
966957255,6.912791759999999,2.068480660092229,2830
967127813,3.8608067999999998,1.5812044323650136,5901
967409704,4.479156353612168,1.7009511390376233,17
967426394,4.046271887755102,1.6186497306054017,7563
967468833,9.13565198019802,2.316059107405504,11763
967664834,7.263357599999999,2.1118309940426885,11532
968119922,6.8738399999999995,2.063545872274451,9911
968817993,8.918366769230769,2.2943882675435847,14304
968892142,0.19022154316271964,0.17413946052079368,3534
969101775,5.2,1.824549292051046,9385
969437459,9.82008547008547,2.3814041726556643,12905
969691730,7.868421052631579,2.182496770625976,9449
969790378,823.4695241666668,6.714740178510771,9592
970553782,2.718691846153846,1.313371952180478,13882
971506963,5.7282,1.9063076487448751,585
971634943,4.9135471875,1.7772458523000942,13788
971717547,9.853541764705882,2.384491456646621,6931
972082313,7.00473,2.0800326169604197,8811
972100841,3.841308839085612,1.5771851054699715,2349
972505689,3.758241758241758,1.5598782214856397,7666
972881567,4.80701818125,1.7590672173045914,14471
973019176,7.518018018018018,2.1421836867861783,2742
973114706,6.85288,2.0608803434915717,1480
973307475,10.563956925882353,2.4478930993012917,14444
973404013,0.6917808219178082,0.5257817149196407,13614
973463839,1.11044585106383,0.7468992289881873,11099
973590205,8.397860962566845,2.240482106207156,9050
973810347,4.0,1.6094379124341003,4881
973832682,7.607913669064748,2.152681974217736,218
974229544,8.0,2.1972245773362196,1820
975378154,3.0684503305785125,1.4032621727916206,2596
975510189,7.914527100000001,2.1876822044790933,3046
976286834,10.507095,2.4429638016515107,13278
976733454,7.445652173913044,2.133651773318607,7994
977124506,4.529886896551725,1.7101673626219602,7048
978112233,9.694817658349328,2.369759293146329,9067
978331843,8.997073170731706,2.302292367227209,4663
978553465,5.373246,1.8521089159323894,1166
978699177,0.0,0.0,7835
978717765,8.13332338940286,2.2119296359738105,1365
978955443,8.347554127659574,2.2351147184551556,5131
979051085,4.860957446808511,1.7683129770701382,3912
979158426,9.270690491803279,2.329294255546319,8059
979532410,7.3618421052631575,2.1236787503431778,13968
979708018,0.0,0.0,4627
980412743,10.140350877192983,2.4105737310581414,12045
980490623,3.289165172571429,1.4560921155349886,2910
980534470,5.1192562162162165,1.8114405558404612,7963
980800441,8.543496271748136,2.255859903828975,9595
980834999,6.079037037037038,1.9571378867372633,10369
982114876,6.8738399999999995,2.063545872274451,11228
982157783,20.0,3.044522437723423,1095
982369269,3.1211346153846153,1.4161285175316403,7873
982534824,4.58256,1.7196474525472347,8623
983229859,8.942301964285715,2.2967985798008344,11603
983816908,1.1128452584452584,0.74803550284541,10386
983839801,10.043398660344828,2.4018328431418783,6050
983879401,7.787031304347826,2.1732769190825083,9066
984753034,15.416666666666666,2.798297078949988,4053
984847648,14.721474,2.755027548508621,2380
985138307,4.142857142857143,1.6376087894007967,507
985466104,9.89181972972973,2.3880120239703375,566
985646992,4.173913043478261,1.6436292771823797,8275
985686688,10.972477064220184,2.4826104375276503,11267
985880344,4.660561021276595,1.7335230076698822,9972
986222960,8.599137931034482,2.2616732955910575,1958
986443550,7.173913043478261,2.1009477469007996,12689
987422932,4.986236977186312,1.7894629972179517,11056
987477045,3.6131851541095896,1.52891854123163,6047
988250671,8.01948,2.1993866827453203,251
988280908,5.536037848101266,1.8773311482541037,13713
988626697,5.219095500000001,1.8276244781704338,7333
988725906,9.286274509803922,2.3308104347084475,7695
988961081,8.563659,2.25797039442259,10210
989192576,6.26,1.9823798288367047,11142
989623355,5.723865085714286,1.9056631507576673,13255
989680129,10.239238578680204,2.4194111000606426,9409
989736394,3.5274725274725274,1.5101638428326762,5280
989799550,805.9347826086956,6.69324285039299,4163
990592549,108.37233654545454,4.694757992796858,7236
991258930,6.487022315923567,2.013171163866995,12038
992143159,5.7282,1.9063076487448751,11773
992367684,5.965710731707317,1.9409996453433371,9653
992374743,8.852340425531915,2.2877090336129937,12761
992550612,11.520046666666667,2.527331093034548,3524
992552902,6.114375,1.9621173850973441,4556
992644965,8.288444444444444,2.2287710947197854,1723
992662881,15.471475000000002,2.8016300969494656,9787
992709769,13.576687136170213,2.6794234810207835,1400
992732708,0.9847313816793893,0.6854835808910351,11652
993466157,8.72368,2.2745641476441856,2637
993903374,7.661654135338346,2.1589057130340827,7751
994099972,11.301798062283737,2.50974543562005,7744
994355563,8.888109205263158,2.2913329448759456,4734
994859136,11.58092894117647,2.532182091246889,10141
995208041,0.5145631067961165,0.4151270190199013,4972
995348789,9.116477272727273,2.3141655076796805,9326
995480413,4.519018743109151,1.7082000805576223,9555
996126859,4.359393411764707,1.6788507992316826,5603
996170822,5.674498125,1.8982940141936915,10552
996194579,3.0,1.3862943611198906,6626
996220581,5.1346514249999995,1.81395325910779,3502
996401593,8.482790294117647,2.249478607781471,11163
996539141,0.52096,0.4193417144435076,14038
996608006,4.23913875,1.65615712413723,906
997423565,9.625,2.3632097148104805,13889
998079126,4.082319762352941,1.625767803491744,13981
998450297,6.6978998384491115,2.0409475434037065,4162
998601555,12.229379310344827,2.582440061708455,13166
998757082,12.037974683544304,2.56786622875666,9506
999085727,13.300716845878137,2.6603096650918285,9929
999120622,7.87091914796334,2.182778415300471,10840
999206459,15.663100176,2.8131967044210295,5335
999337211,6.647040572792363,2.0343187197616737,5168
999607729,9.232954545454545,2.3256133501378042,8939
999902887,5.418982961538463,1.859259687946692,9042
999908445,13.1468355,2.649490959502216,11477
999994671,9.687615267015707,2.3690856194225622,6159
1000205196,8.509723176237623,2.252314767430964,12289
1000810813,16.03524454856787,2.835284406664005,4721
1001862498,2.671303695652174,1.300546829410026,6183
1002108907,6.068001147169811,1.955577716762164,13673
1002488081,2.417243720930233,1.2288342965861332,7529
1002584578,4.872256875,1.7702390360979041,6732
1002653779,9.0,2.302585092994046,8375
1003234033,2.952106666666667,1.3742487700746893,3990
1003415356,8.480918333333333,2.2492811821800585,11776
1003582699,9.06296101910828,2.308861457258737,13314
1003671386,0.07407407407407407,0.07145896398214485,9111
1003911996,7.950047272727273,2.191658814141784,14071
1003921986,14.111377200000002,2.7154479170683286,3907
1004474462,4.700771087459567,1.7406014441928714,1841
1004560954,0.0,0.0,11227
1004642514,9.79472277,2.3790573823030488,3751
1005126721,0.0,0.0,482
1005168381,4.975884705882353,1.7877321547867013,4460
1005196117,6.226304347826086,1.9777277502755368,2152
1005566530,5.0978260869565215,1.807932328473656,6760
1006259993,6.243738,1.980137371504035,9085
1006421562,8.815776860986547,2.283990974976896,8126
1007115996,8.865211368292684,2.2890145653264105,10831
1007174155,8.673076923076923,2.2693464515183117,7638
1007548908,2.1883865625,1.159515009066451,13905
1007567836,6.434579439252336,2.0061420133159356,7861
1007998604,4.161112931654676,1.6411522406661296,9918
1008067607,7.0047299999999995,2.0800326169604197,11441
1008137717,4.0,1.6094379124341003,13425
1008277823,2.010047553191489,1.101955877038479,2871
1008466211,4.442837625,1.6943005471129071,13805
1009459036,4.981603146067415,1.788688616660936,3591
1009788789,6.238221639344263,1.9793755463008287,4512
1010011757,7.7337891743119265,2.167199316268702,1602
1010036919,8.36345841,2.236814710493391,12860
1010209774,6.436559139784946,2.0064082606558795,2224
1010418897,5.284606060606061,1.8381031607788252,7966
1010955022,2.6634843117073173,1.2984146922850648,13127
1010986859,6.1616338,1.9687381393000052,12720
1011049022,5.806338523076922,1.917854313759924,11230
1011656583,2.767190082644628,1.3263293873902886,4524
1011708191,4.694211355932203,1.739450107227752,12912
1011882470,7.793103448275862,2.173967715171952,2959
1011889668,6.88100025,2.0644548310933746,6265
1012630615,7.262653575418994,2.111745792045188,492
1014112226,4.10472972972973,1.6301675079486793,3640
1014115658,6.055487374517376,1.9538056650615048,5211
1014147153,1.1889197333333332,0.7834081496789992,4612
1014327133,0.0,0.0,11784
1014344185,4.211823383606558,1.6509297721969878,4802
1015044143,7.865671641791045,2.182186699971679,10106
1015161893,11.091311433081572,2.492487131290016,4120
1015189603,12.634835625000001,2.6126279608526812,1843
1016330988,6.2852543119266056,1.9858523480188668,14026
1016341522,6.0,1.9459101490553132,4114
1016354466,8.871518571428572,2.2896536988981677,9930
1016373861,13.529129989764586,2.676155598966694,3922
1016539109,2.2461930000000003,1.1774829251190633,4568
1016643857,9.826682808716708,2.382013717577154,7530
1016815803,8.884057971014492,2.2909231532462027,11045
1017082609,8.3875,2.239379017090253,13118
1017213630,8.208125,2.220086246479482,13096
1017450459,7.004770285714286,2.080037649686435,1773
1017871894,8.363433962264152,2.2368120995171155,14405
1017935910,2.780451127819549,1.3298433484943386,13697
1018025126,6.515873015873016,2.0170171862346002,9701
1018396519,3.1273584905660377,1.417637611685602,14573
1018444211,2.103244837758112,1.132448285917205,6695
1018581322,6.950681707317074,2.073257674338035,9336
1019044359,7.804469273743017,2.1752594645770693,11200
1019549813,5.0,1.791759469228055,2784
1019652026,8.171019682539683,2.2160484777460976,4548
1019773672,9.35606,2.3375718556152654,328
1019883010,9.014705882352942,2.3040546009734055,5307
1019953312,0.730064705882353,0.5481588100543758,7496
1020021062,7.456574192307692,2.134944149799456,8475
1020033713,9.940381558028617,2.392460673719147,13996
1020239556,5.379537857142857,1.8530956585485663,3517
1021583200,10.96,2.481567748522486,3594
1022124797,9.5793525,2.358904224179262,11307
1022380897,7.293367346938775,2.115456080513443,8701
1022568457,5.913170731707318,1.9334283938529089,4583
1022954647,8.809355022857144,2.2833365245103594,1407
1023074422,308.2660652652259,5.734201959042855,11023
1023292669,9.249030000000001,2.3271830669599827,6136
1023414870,4.211911764705882,1.6509467298610243,2051
1024675109,0.0,0.0,8889
1025283227,6.68337441780822,2.0390588279804103,2307
1025580010,9.415256806451612,2.3432717317734806,3185
1025630610,0.9013016596078433,0.6425387356136005,11147
1025642783,6.071428571428571,1.9560625205193314,1931
1025721647,6.5587755102040814,2.0227092075232327,8013
1025836536,5.698723770000001,1.901917026163351,679
1025840521,8.0,2.1972245773362196,2412
1025993602,11.5656918,2.530970227179896,12285
1026415896,4.7,1.7404661748405046,10632
1026825500,4.8294651724137925,1.7629252590039983,3314
1026872254,7.987656666666667,2.195852154513224,9598
1027076715,5.540409204545455,1.8779997330140807,13067
1027096563,5.69239875,1.900972367422321,7434
1027111943,6.186456,1.972198143399437,14146
1027185263,3.6432127022375216,1.5354065193685145,3019
1027508845,6.779816513761468,2.051532753562759,1163
1027617661,6.217261904761905,1.9764756434083794,5954
1027767551,6.0,1.9459101490553132,14269
1027863421,5.837308571428571,1.9223941704901575,13182
1028129710,0.8833365,0.6330449379047555,418
1028305773,4.716981132075472,1.7434408919572473,5949
1028402151,0.0,0.0,5025
1028428951,14.780966884210526,2.7588045863042874,2304
1028471493,9.994721379310345,2.397415283013552,6827
1028599517,7.961028979591837,2.1928850618653652,5421
1029275505,2.6153846153846154,1.285198244248522,14581
1029401147,17.011766379310345,2.891025232074861,12143
1029728130,9.0,2.302585092994046,11795
1029851044,8.583207619047618,2.2600123604767854,8289
1029987961,4.548241598579041,1.7134810484725476,10789
1030413313,6.776649746192893,2.051125621562548,10521
1030468334,2.8915806096997696,1.3588154015031066,5888
1030873511,8.71556506329114,2.2737292451411486,11153
1031226855,6.150578653530378,1.967193283994904,8091
1031403908,8.364553314121038,2.2369316373875443,13850
1032302901,4.355128279642857,1.6780546587281724,5677
1032359781,6.1826923076923075,1.9716742859914447,1724
1033257538,8.033182752941176,2.2009047696625035,7658
1033524386,9.7140725,2.3715580642829894,9697
1033710562,0.4598189999999999,0.37831245543226705,5023
1033843255,1.1380880121396055,0.759911977396173,5796
1033909475,1.511174941634241,0.9207507478538324,6125
1034561241,6.464883214285715,2.010209786432839,4444
1035019944,5.411202524271845,1.8580468546281166,4427
1035431727,11.289059325842697,2.508709380847378,12698
1035625110,4.6521739130434785,1.7320402345264327,11263
1036134056,0.12876978813559323,0.12112835661252842,4425
1036696513,9.22950367647059,2.325276062312535,6941
1036753211,5.452142168674699,1.8644121948426884,2870
1037193384,2.2052356045689656,1.1647855992367706,9257
1037198400,4.310588235294118,1.6697026078931188,11465
1037513851,75.99271942105264,4.343710864409927,6082
1037516324,9.967122391304349,2.3949019236779,7231
1037734096,7.317913846153847,2.1184114837477064,1901
1037770708,4.47570471375,1.700320982259703,3636
1037926888,2.6451846989561587,1.2934070360441048,216
1038045176,9.377215189873418,2.3396125556032157,9170
1038666082,16.0,2.833213344056216,8492
1038977661,6.431422222222222,2.005717256592577,1168
1039270196,3.447811877142857,1.4924122622460623,140
1039363566,9.052631578947368,2.307834448880189,12557
1039985997,46.40304,3.858686361665565,12488
1040203069,8.01948,2.1993866827453203,7122
1040301795,8.225,2.221917189926591,7311
1040460551,7.338461538461539,2.120878731544009,4929
1040864579,1.14564,0.76343787617538,9770
1040912608,7.030532161572053,2.083250797440515,1909
1041079374,6.407971774086379,2.002556687143096,3235
1041474762,9.077081301369864,2.310263667279003,4211
1041899067,3.664229523809524,1.5399226596318256,3458
1042363961,1.3883938229757657,0.8706210994269998,6288
1042639715,9.566139600000001,2.3576545108448874,12272
1043393209,3.4369199999999998,1.4899604420336403,12197
1043502406,5.849360474452555,1.9241552865219003,2397
1043685629,0.0,0.0,11081
1043969987,11.4564,2.522234547053978,6477
1044446715,5.580645161290323,1.8841327893590702,14386
1044650995,9.516623181818183,2.352957165459678,3191
1044687025,9.759493670886076,2.3757884970173406,4652
1044744469,9.251693891129033,2.3274429496019975,1005
1044998178,5.559322033898305,1.8808872491240625,11886
1045212552,7.716798592788039,2.1652520366561725,5234
1045684711,0.0,0.0,11184
1045805661,7.1706821203125015,2.1005523962450674,6772
1045834743,9.94943820224719,2.3932881492154756,5037
1045888724,9.583333333333334,2.359280436670591,14496
1045897243,6.1734939759036145,1.9703928407850781,3665
1045972204,5.408742692307692,1.8576631038471603,7978
1046469632,10.077777777777778,2.404941099631573,10520
1046575810,7.047855772727273,2.085405692313014,14006
1046946805,5.00209014084507,1.7921077653734216,4099
1047143178,6.784199999999999,2.0520960382843554,4000
1047341315,6.719043581267218,2.0436904679249897,4691
1047428787,5.903228333333334,1.931989176580252,14481
1047513424,2.910891089108911,1.3637652480598623,8484
1047565235,8.623748941176471,2.264233891588188,2199
1047908062,0.7247582278481014,0.5450868828910884,9063
1048275954,9.224593114754098,2.324795907959013,12331
1048429332,5.865428571428572,1.9264984657387398,7754
1048674778,5.285745931034483,1.8382845193330335,213
1049156586,10.57032,2.44844319855864,10508
1049427449,3.608695652173913,1.5279448781829175,14385
1049529480,5.28516,1.838191299156521,1399
1049603689,4.181611545454545,1.6451161170480806,5358
1049881076,7.787783752087912,2.1733625470379807,12112
1050441492,7.6,2.151762203259462,13570
1050484379,10.0,2.3978952727983707,3499
1050691276,3.921613846153846,1.593636494229179,8194
1050796570,7.986068965517242,2.1956754853923033,11206
1050823392,6.160324191780822,1.9685552581292074,8641
1050838439,2.2798236,1.1877896404620252,649
1051725645,4.58256,1.7196474525472347,1707
1052161461,11.806450002094241,2.549948950420982,6219
1052722590,5.9508670520231215,1.9388664074821373,8062
1052932717,11.894736842105264,2.5568192313782867,13964
1053367567,7.470527499999999,2.13659278535519,3310
1053508181,4.704835523684212,1.7413141526940956,7663
1053528428,6.265582830508475,1.9831485182378141,1955
1053726815,8.132291171548117,2.2118166129104586,2771
1054653051,5.25,1.8325814637483102,6787
1054772298,8.971830985915492,2.299764216652404,1367
1055166616,3.4020716349809885,1.482075256252413,1878
1055262141,9.16512,2.3189622522245985,660
1055478234,12.40745609589041,2.5958109772762876,9393
1055646805,9.405172413793103,2.3423030299911667,11474
1056027683,7.6,2.151762203259462,6038
1056080711,7.806542535971222,2.1754949152439798,371
1056127031,9.422699999999999,2.343986119842721,6534
1056146280,6.513892297297297,2.016753613444751,383
1056318470,9.976470588235294,2.3957539443570273,4105
1056325059,5.7446840287769785,1.908754643310701,7186
1057763770,7.7975841606886656,2.1744771566002026,5740
1057891412,0.038,0.03729578474369693,4142
1058569275,5.57878,1.8838493178122584,14173
1058594804,4.287125882902609,1.6652747868625442,10965
1058769255,6.459996475770925,2.009554941798792,1044
1059201708,0.42105263157894735,0.3513978868378886,3951
1059276127,12.176854020618556,2.5784618071545204,8034
1059316989,2.18,1.1568811967920856,11557
1059419014,10.149466192170818,2.411391621618446,13187
1059571282,8.54,2.255493485460195,8134
1059692373,5.701254385135136,1.9022947305350928,3584
1059997861,7.945125394736843,2.191108735279065,8414
1060245106,8.682741116751268,2.2703450344206235,1605
1060400356,0.0,0.0,12436
1060422001,6.319213043478261,1.9905028144723018,7579
1060475353,9.424561207453415,2.3441646763868964,2007
1060597984,0.0,0.0,12875
1060643926,9.424579153946794,2.344166397944051,4143
1060671635,9.065001026086957,2.309064161037796,1874
1060750301,641.6780951612902,6.465643969271586,7857
1060990187,2.29128,1.191276546864698,12439
1061163952,4.927500465517242,1.779602617492594,2197
1061830207,5.28516,1.838191299156521,7245
1061975339,6.748428616363637,2.047490063627949,13344
1062563755,0.030143498098859314,0.029698111080199374,12747
1062689122,7.388451443569553,2.126855931759464,10223
1063102027,0.0,0.0,4371
1063531302,0.0,0.0,5919
1063569186,6.765377041420118,2.0496750119472704,8234
1063703913,3.2071793582887698,1.4367924369985812,9791
1063744199,2.2992700729927007,1.1937012540041063,13100
1063890660,3.4764248275862064,1.4988246982751467,5425
1063996819,6.601461538461539,2.0283405364958393,8930
1064211263,7.110056434426229,2.093104826725334,2141
1064218713,3.6666666666666665,1.5404450409471488,5583
1064877948,11.14623311111111,2.497019089709383,7383
1065162931,6.36546225,1.9968018110136423,2820
1065169316,3.3131099,1.4616591984447085,5728
1065281582,7.480263120000001,2.137741477624331,11890
1065352466,5.0089999999999995,1.7932583453517907,14278
1065552535,6.606450000000001,2.028996571573997,1178
1065661842,8.09234159710145,2.2074324764571367,6202
1066010030,3.619180909090909,1.5302173969709263,655
1067373868,2.0,1.0986122886681098,9759
1067679358,6.248945454545455,1.9808560037415905,14456
1068350192,11.521247547169812,2.5274270050504213,6845
1068523026,5.567420814479639,1.8821211853262838,10738
1069583095,7.150661875,2.098099135611725,1214
1069610870,7.455850714285715,2.134858593999337,13619
1069696026,1.6485780272727273,0.974022902498337,7900
1069962263,4.58256,1.7196474525472347,9627
1070553020,5.485889309090909,1.8696289416110536,10052
1070670598,4.441347830202855,1.6940267930846282,3999
1071020534,8.339394566037736,2.2342414285163703,13909
1071254644,6.2163699333333335,1.97635204715212,1392
1071420650,7.842799928571428,2.17960356050122,2350
1071543095,4.304195804195804,1.6684981685286797,13150
1071683298,7.885305945945946,2.1843988949975657,2591
1072318743,6.9076774683544295,2.0678341189878022,8458
1072702556,6.447684057971014,2.0079031193611434,4145
1072817541,7.047861842105264,2.0854064464736095,11596
1072962326,1.5434782608695652,0.9335325383086612,3095
1073239772,54.761592,4.021085316977267,9947
1073421589,2.432486790697675,1.2332850103489208,3313
1073474246,16.77260519361702,2.8776582377021147,12201
1073521833,5.292712239747634,1.839392176460929,4188
1073883210,2.201923076923077,1.1637515908390712,4607
1073943145,6.222810045336788,1.9772440801401447,2062
1074104554,10.0,2.3978952727983707,991
1074515408,16.808175428571428,2.8796576455949223,8956
1074584873,5.8293451442307695,1.921228789663987,10645
1075150902,7.114942528735632,2.0937071188386582,25
1075908265,4.3195133885017425,1.6713818308433304,1640
1076771246,10.714337727272728,2.46081353833212,6693
1077149232,2.2146118721461185,1.1677066263415414,14421
1077497940,1.826489117647059,1.0390353470097728,9209
1077623807,21.437092607497245,3.1107155093147365,6971
1077770525,8.940729000000001,2.296640358019475,13803
1078468011,7.352941176470588,2.1226137135450447,3390
1078624762,55.67861306434023,4.03739694494547,226
1078788438,7.937446808510638,2.1902499565071025,152
1079544545,4.311267605633803,1.669830527222996,1203
1079609235,8.19047619047619,2.2181677511814626,876
1079973860,8.174796747967479,2.216460240885173,2716
1080049224,4.571268985074627,1.7176228529595403,7249
1080148992,11.926773346153846,2.5593006137802528,7883
1080740286,8.05688622754491,2.2035253774882415,8532
1080746650,9.4563855,2.3472128444257576,11264
1080965604,1.0,0.6931471805599453,6723
1081309732,20.0,3.044522437723423,13930
1081473886,0.0,0.0,14086
1081729496,4.312342087912088,1.6700328091804368,11177
1082070578,9.35774286101695,2.3377343425358896,2505
1082220364,3.0038695255952383,1.3872612749068631,10889
1082484219,4.104638203846154,1.630149578164157,11634
1083157700,4.737376216216216,1.747002000638238,5135
1083554788,5.603784,1.887642818072951,6961
1083661194,3.7836352166666662,1.5652007630443314,10475
1083977020,9.081560975609756,2.3107081093452972,5205
1084448970,11.4564,2.522234547053978,11050
1085350703,12.748001666666667,2.620893480217335,4015
1085358976,6.318203605954467,1.9903648888328846,7817
1085564772,9.45497423580786,2.3470778685837166,11785
1085778249,8.949074074074074,2.2974794889583454,4726
1086268063,3.1979687463829785,1.4346007764881596,3948
1086667163,3.62786,1.532094558225642,6685
1086705566,1.14564,0.76343787617538,9139
1086746820,6.305256804034583,1.9885941991411669,12863
1087528509,3.4369199999999998,1.4899604420336403,10761
1088270260,2.877108975,1.35508976636702,5515
1088322968,7.878787878787879,2.183665047550587,14347
1088377632,4.00974,1.6113840175425338,9532
1088891645,7.927740000000001,2.1891632833511063,4921
1089033757,8.36648896946565,2.237138316260209,9873
1089572723,17.006642335766422,2.890740708479217,1732
1089645827,7.630877192982456,2.1553461445396596,5175
1089675537,0.6281840321200552,0.4874653030343866,3779
1090051067,6.137352958579883,1.9653419735201663,10518
1090160909,19.041863330526315,2.997823252459425,1002
1090310505,10.172963188826817,2.413496858905412,9348
1090376927,10.44192170117647,2.437283952716514,9723
1090444926,5.945805000000001,1.9381378802163198,10793
1090878501,4.020219132352942,1.6134735846140589,14161
1091550988,7.868472018897638,2.182502517547475,7337
1091733059,5.048330412903225,1.799782269148071,716
1091966900,17.47555619047619,2.916448571413659,2696
1092200894,7.02013422818792,2.081955158420152,4775
1092234247,6.570195091463415,2.024218838776906,5044
1092304011,7.985784705882353,2.1956438515230197,7042
1092680511,12.0017175,2.5650814641196833,14073
1092710264,9.43931720081136,2.34557917809454,12729
1093324758,7.858333333333333,2.181358635559902,9162
1093525301,6.546514285714286,2.021085772640703,10874
1094021567,6.985446985446986,2.0776207582401436,12986
1094219232,7.761090810810812,2.1703204189781626,13407
1094389445,10.0,2.3978952727983707,1649
1094994630,10.0,2.3978952727983707,8631
1096119241,8.756702665,2.2779545016428173,13210
1096662160,0.0,0.0,7043
1096793092,9.216330469400631,2.3239874664255886,6974
1096869480,6.148143723529412,1.9668527039122514,11681
1096882685,4.2053941908713695,1.649695432315822,2974
1097055583,4.093134335135135,1.6278934239801282,7135
1097481274,126.89470421052633,4.851207302024088,7001
1097481454,3.96387,1.6021856784418196,7086
1097531100,4.2709221761658025,1.6622053332347242,14502
1097723611,3.4239130434782608,1.4870246083935545,12660
1097815936,4.58256,1.7196474525472347,10028
1098048588,6.888325200000001,2.0653838436310448,11467
1098183677,5.012746831791908,1.7938816876939072,13231
1098335583,7.4329439330543945,2.1321459320531964,8031
1098416040,6.1875,1.9723434061234688,14608
1099065664,2.371675789473684,1.215409887674192,12044
1099187493,0.0,0.0,8006
1099559515,4.240355844155844,1.6563894052172727,13056
1099677839,10.026558346153848,2.40030675793434,7491
1100449228,8.728286294117648,2.275037754695946,666
1100946223,18.790188225,2.9851862706859698,3110
1101074543,7.551546391752577,2.1461121311271163,1850
1101130633,7.766837922636103,2.170976185226262,12287
1101381576,10.564787234042553,2.4479648981118816,7417
1101497590,11.805188415697675,2.5498504337718706,564
1101871858,8.383860995085996,2.2389912982710856,6844
1102638713,7.046077448747152,2.0851846992266276,12620
1102913692,8.428571428571429,2.243744592971112,3727
1102958719,4.4664960372,1.6986378329675993,9235
1103312353,10.015355086372361,2.399290216354996,6245
1103328736,10.090040366972477,2.4060474412990667,13414
1103476121,10.640073522267206,2.454453758629324,6204
1103636256,6.209606986899563,1.9754144403658882,4476
1103699190,5.526028235294118,1.8757985247468316,3302
1103840870,10.0,2.3978952727983707,8145
1104033659,11.4564,2.522234547053978,6436
1104306271,1.981935,1.0925724186536039,11012
1104571255,4.054878048780488,1.6203537273110966,12280
1104719086,12.0,2.5649493574615367,5159
1106222465,8.544769511811024,2.25599330935457,3372
1106382058,6.474834761321909,2.0115420135236453,1428
1106621538,5.565934125,1.8818947862846316,6066
1107418269,0.86292699,0.6221489013721894,10586
1107804059,9.722392028571429,2.372334267744903,7400
1107852930,0.14953158779726158,0.13935454444098574,14459
1108025592,5.7282,1.9063076487448751,3764
1108302433,8.307692307692308,2.2308411881352046,10331
1109323270,12.72055448275862,2.6188950356763425,12570
1109343013,5.78064375,1.9140720458225735,6870
1109388254,6.606450000000001,2.028996571573997,12326
1109888195,13.389072,2.6664690295911258,1417
1109893602,8.865429677419355,2.289036694270541,3873
1110471659,5.330508474576271,1.8453805606671525,13222
1110817744,72.54596823529411,4.2979106288936215,6955
1110830804,1.900360144057623,1.0648349168878628,12652
1111168243,9.99300518134715,2.397259177928113,2359
1111177115,8.315868937500001,2.2317192833851327,6457
1112115389,11.649461235059762,2.537614624152692,981
1112262404,19.232110000000002,3.0072709462844776,8216
1112404509,2.805066666666667,1.3363335119661188,13025
1113089835,9.733346263345197,2.373355368541018,11768
1113807547,5.205526602391053,1.8254402824835847,10373
1113812437,8.946902857142858,2.297261232076832,12550
1114122621,10.275714285714287,2.4226512346649978,4741
1114456962,4.583657195233731,1.7198439730372233,7818
1114649152,5.193613478571429,1.8235186770484222,5801
1114949664,5.504499999999999,1.8724942450594766,8344
1115134532,9.5931159375,2.360204350282116,3002
1115557720,4.036658798530955,1.6167429254440984,1714
1116198195,11.056396881355932,2.4895953806028475,9763
1117496807,9.0,2.302585092994046,4323
1117916831,3.726780722891566,1.5532443625167205,1633
1118070253,0.056342950819672125,0.05481289659342645,11631
1118248663,4.131521739130435,1.6354022505032009,3526
1118602320,12.44868661417323,2.5988814517759757,488
1118781826,0.0,0.0,7583
1119033531,9.99840579710145,2.3977503347591287,2821
1119058537,7.474236641221374,2.1370305773775167,13960
1119565086,9.888198757763975,2.3876795199367713,6151
1119622360,7.069103532110092,2.088042389631755,2340
1119719319,4.452943795620437,1.6961556088342207,1745
1119933383,6.411458333333333,2.0030272260620707,9601
1119978890,4.25,1.6582280766035324,639
1120291617,5.167070204081632,1.8192238797748883,8673
1120627518,13.527364615384615,2.6760340857280096,12255
1120638546,250.0760727398524,5.52575597185756,2520
1120925247,5.272455288461539,1.8361678710483458,13467
1120960606,7.377749323308271,2.1255793012498336,43
1121768021,6.108315565031983,1.9612653050627082,9451
1121829276,8.609756097560975,2.262778842593626,7597
1122349996,5.688883718181819,1.900447001948961,5979
1122362532,12.763777411764703,2.622040316034977,11515
1122568752,0.631578947368421,0.4895482253187058,1131
1122752248,4.825580869565218,1.762258714577079,9960
1123069631,8.263064094488188,2.2260348896572344,5400
1123235835,4.234063703225806,1.655187975074355,6508
1123725881,3.502365,1.5046028142758774,5797
1124003732,1.6857142857142857,0.9879467207805903,12737
1124202658,7.164318708227849,2.0997732824300956,13753
1124969458,4.113636363636363,1.6319107682861589,5033
1125106557,6.461828803636364,2.0098005321123544,7814
1125787970,4.787135307692308,1.7556374036372342,4723
1125842496,23.186206896551724,3.185782507719604,14430
1125896434,6.025683912877583,1.9495725646274773,9292
1125939552,7.936717391304348,2.190168339576818,13834
1126194877,13.747679999999999,2.6910857822791594,10821
1126360607,9.059288537549406,2.3084964402571027,11651
1126593507,7.817632500000001,2.1767534099502392,13220
1126718299,4.96163205882353,1.7853442789642713,10443
1127011076,7.61030042918455,2.1529592108836844,9516
1127095169,5.158536585365853,1.8178391820111066,3138
1127096712,3.502365,1.5046028142758774,3831
1128050007,8.543650793650794,2.255876095028438,5219
1128084843,7.046086573426574,2.085185833279128,6186
1128177376,4.437837900481541,1.693381537101325,3529
1128811644,7.74235900909091,2.168180062755395,8809
1128838425,10.0,2.3978952727983707,6148
1128961853,0.0,0.0,2640
1129165462,4.817203125,1.7608195835213012,5850
1129440783,6.106639839034205,1.9610295356272218,11643
1129576486,6.383841365720524,1.9992940134541384,13698
1129746855,25.099007251094893,3.2618972772487296,1984
1129899685,1.1348935190449119,0.7584167714531915,11712
1129934251,6.745403111739745,2.047099520511767,12531
1130889021,7.093879310344827,2.091108135339888,14553
1131073670,7.84375,2.179710994843511,9240
1131942671,5.426024311926605,1.860356044055107,2121
1132062935,6.882352941176471,2.0646264558946954,11980
1132080129,0.6754054054054055,0.5160551690696037,5043
1132470538,7.732549431818183,2.1670573583548216,3773
1132752418,5.203115,1.8250515852355391,12588
1132774752,12.71057525147929,2.6181674512263946,8028
1133555226,8.60064935064935,2.2618307368789026,5319
1133702877,7.059164117647058,2.0868098436525853,12658
1134013535,0.0,0.0,5089
1134282933,0.3145928571428572,0.2735270033492799,8420
1134522521,5.117736267123288,1.8111921371047606,12851
1135181376,7.6923076923076925,2.162438461250804,14431
1135219699,5.869211470312501,1.9270493209439858,2227
1136144823,7.6299624,2.1552401481912913,5739
1136661061,3.105143001265823,1.4122405781723804,2050
1136921882,7.329346938775511,2.119785054398991,1454
1137008139,0.0,0.0,10735
1137008536,6.631636784090909,2.032302341830432,10915
1137610886,5.24944945945946,1.8324933733819813,1865
1138136158,5.181615198675497,1.8215795963302637,2274
1138302761,3.7973659756097566,1.5680670122113696,3566
1138497235,6.786325833333333,2.052369096929811,2587
1138584856,0.9411764705882353,0.6632942174102642,12460
1138975565,5.130474782608696,1.813272199250427,11335
1139120828,5.245283018867925,1.8318264618249411,3053
1139281274,14.474131363636365,2.7391696854046814,1504
1139304515,19.242030207661823,3.007761146091543,11904
1139572453,6.546778838709678,2.0211208283430255,14506
1139634620,9.279922675,2.33019273811157,12983
1139978583,8.250560795454545,2.224684176222246,5693
1140064407,5.555393966480447,1.8802882170847552,71
1140326247,10.876594390243902,2.4745696053496333,14572
1140818649,9.547,2.3558414592944774,323
1141203806,1.684764705882353,0.9875930913023577,11341
1141488676,14.880301363636363,2.765079433197883,6986
1141981632,54.9,4.023564380161053,7609
1142875467,10.421052631578947,2.435458374374019,11576
1142888423,1.809412633849287,1.0329754343965474,2717
1143025367,7.573141166985647,2.1486341960238553,5419
1143311684,11.718942499999999,2.5430924176634684,1472
1143324092,7.60815,2.152709428918161,7183
1143670908,8.829733163913597,2.2854117887157273,946
1143987940,4.832664507042254,1.7634739297522508,10835
1144228257,6.0,1.9459101490553132,1071
1144257383,7.981711648351648,2.195190470871629,14087
1144584326,7.720617391304347,2.165690037169648,13737
1145234611,12.9222162,2.633485852003858,11525
1145628875,13.402429303278689,2.6673968939700132,11972
1147019429,4.138849929873773,1.636829305379725,3732
1147273292,790.560259736842,6.674006010013503,32
1147597896,6.354347826086956,1.9952916792975677,13260
1147846774,9.35400688172043,2.337373583123146,7482
1148275258,8.462085220588236,2.247292783783091,8580
1148296579,7.861567164179105,2.1817236298082756,3375
1148510434,9.599026880877743,2.360762193213026,11063
1149103499,0.0,0.0,12510
1149155947,10.57032,2.44844319855864,6777
1149196523,4.8584905660377355,1.7678919878214117,10185
1149428449,4.8598697812500005,1.7681273817123244,11298
1149446039,4.2817535774058575,1.664258159512477,4534
1150016320,9.356615058139536,2.3376254516030466,10436
1150211074,1.1865557142857142,0.782327572582431,9620
1150386631,6.815884094117647,2.056158085321116,205
1150853146,6.39649,2.001005563358433,3664
1151390351,6.749538059999999,2.047633236427507,9479
1151421687,0.0,0.0,8871
1151852454,5.2,1.824549292051046,10927
1152215560,9.6015625,2.361001395915252,12120
1152416388,4.642856842105263,1.73039046955396,13975
1152426420,3.246859907834101,1.4461798646401758,3854
1152780986,19.30821917808219,3.0110256897234895,1188
1152941301,6.566126166377816,2.0236812015116423,14265
1153066774,12.379745642105263,2.59374204421335,11757
1153271687,0.7923438139534884,0.5835241566149898,870
1153398107,7.0,2.0794415416798357,13356
1153639934,8.953465783664459,2.2979208104874624,4334
1153900108,3.097609561752988,1.4104037699612277,3466
1153901306,5.8088235294117645,1.9182193489101274,3995
1154231395,0.0,0.0,5091
1154741053,3.96387,1.6021856784418196,13154
1155391499,10.44889447236181,2.4378931727065867,10975
1156147206,6.570203480789946,2.024219946981091,11866
1156310964,12.395404814004376,2.594911723816841,11818
1156540155,10.184456548672566,2.4145250062491708,11748
1156637855,8.298737864077669,2.2298786774092587,11514
1156847565,2.06006006006006,1.118434543242281,2704
1157191456,6.0,1.9459101490553132,9977
1157737352,2.510230048494983,1.2556815762118263,4983
1157743615,0.0,0.0,7879
1157936576,5.317101739534883,1.8432605174596377,6226
1158156278,3.276464696202532,1.453126662702983,1788
1158362238,6.788977777777777,2.052709628907394,6085
1160094921,4.4830272,1.7016573571974967,4214
1160291143,10.69277108433735,2.4589707948124673,4029
1160293353,7.5267948717948725,2.1432135431547197,5026
1160699820,6.726846507936507,2.044700824374247,10929
1160828214,8.0920245398773,2.20739760504927,9765
1160894593,0.0,0.0,10140
1161627989,0.0,0.0,1040
1161751184,6.488642848484848,2.0133875859824486,12182
1161836595,4.986205181347151,1.789457685713625,6530
1161874372,4.433606178707225,1.6926030348237586,8738
1161924590,6.0972028125,1.9597007363502499,1784
1162400680,6.591319771265189,2.0270054591987976,9591
1162426060,3.0783132530120483,1.4056834845557318,6353
1162520970,8.596126126126126,2.261359488505716,4749
1162729923,3.413263277922078,1.4846143881321552,10261
1162862630,9.418155120000002,2.34354996882628,10992
1163171446,15.326964,2.7928179742049886,2541
1163330379,5.8765217391304345,1.9281129629332117,372
1163569263,7.006667826086956,2.080274672790581,4625
1163647816,4.796785365853658,1.75730351663397,10438
1163698345,8.29138888888889,2.2290880452990796,3736
1164053420,4.5675675675675675,1.7169582561453567,1283
1164358445,2.814814814814815,1.3388921222253067,5923
1164743857,4.170758916666666,1.6430194701393939,2325
1164974148,4.58256,1.7196474525472347,2755
1165194064,5.36697247706422,1.8511240782776608,13165
1165490299,11.665361712328767,2.5388708430401854,13732
1165563336,6.407473274336283,2.0024893925395717,2447
1165721817,7.4042288888888885,2.1287350183197327,97
1165793178,2.2815718032786885,1.188322515929089,2682
1165972301,4.550736666666667,1.7139306516828663,9547
1166306445,7.473684210526316,2.1369653858180224,12407
1166811455,8.867993079584775,2.2892964973681993,3800
1167485016,5.713191615720524,1.9040744885266783,11919
1167885848,12.267922151933702,2.585349253712581,696
1168559134,8.43341888888889,2.2442585854334767,8769
1169248448,8.089177614545454,2.2070844326494545,9265
1169554493,11.701894285714285,2.5417511386972977,14174
1169921800,0.0,0.0,2616
1170010900,7.568941422413794,2.1481442036750287,13131
1170303274,20.37182923076923,3.0620736637383743,12035
1170536222,7.607123287671233,2.1525901496813082,13573
1170766772,9.0,2.302585092994046,14115
1171186792,13.03864734299517,2.641814050864859,11486
1171402543,9.128226508474578,2.3153262297325603,5455
1171521213,1.678955172413793,0.985426857467563,14489
1172084478,3.8666666666666667,1.582409240046181,2610
1172641542,2.708920920502092,1.3107409773047183,2615
1172643902,9.86179487179487,2.3852515744955416,3684
1172791346,6.108606803571429,1.9613062757498845,10995
1173028559,15.433391194520551,2.7993153133390756,14494
1173251815,2.0,1.0986122886681098,11732
1173515298,9.56772908366534,2.3578049313563545,12354
1173860727,4.635434752066116,1.7290742966125847,5713
1174175277,6.049783157894737,1.9529968586057207,14420
1174555314,29.52234480597015,3.4184590319700177,8626
1174766538,4.8970583990000005,1.774453650140435,429
1174838256,5.468672500000001,1.8669709097175453,3190
1175045812,12.767856315789473,2.6223366227558187,8181
1175926778,6.2344363106796115,1.978852445601007,6507
1176671681,7.0,2.0794415416798357,2443
1177542845,6.452232608627451,2.0085136665070786,11046
1177556282,2.6272727272727274,1.2884810510974474,2393
1178121934,0.927536231884058,0.6562426236244945,6356
1178805145,9.469657215189875,2.3484812846320553,4060
1179029108,5.11999875,1.8115618922758479,1608
1179364643,0.0,0.0,5191
1179597486,8.288091818181819,2.228733130025218,6809
1179830289,7.488888888888889,2.138758118836255,8334
1180668081,7.476595744680851,2.1373089240003846,1890
1180898014,9.639444045205481,2.3645682311578846,2105
1181532520,8.535081967213115,2.2549778354719736,7573
1181895830,4.214536585365853,1.6514502226377192,8821
1181969083,5.457621708542714,1.8652610934359064,12199
1181988659,3.2966185500000003,1.4578283296167127,6405
1182449241,5.28516,1.838191299156521,7258
1183234863,4.227733585074627,1.6539778352199412,6875
1183309843,7.844021621621622,2.1797417077707757,10979
1183567547,0.0,0.0,9048
1183775001,6.2336294117647055,1.978740903542625,13801
1183916746,6.91612734375,2.0689021144919275,3964
1183926568,10.623581489233576,2.453035921596557,8462
1184104490,6.98613103448276,2.0777064165308072,19
1184110223,7.998873772191323,2.1970994330828177,2551
1185038614,11.116484835164835,2.494566908472393,7533
1185369438,0.0,0.0,8909
1185567680,8.559206512500001,2.2575047228340357,9599
1185585807,7.0,2.0794415416798357,3033
1186062133,3.931643414634147,1.595672282330261,10870
1186276200,6.785537459283387,2.0522678407042965,4037
1186952777,8.916067826086957,2.2941564542147947,13473
1188206771,6.6460887,2.034194236043971,2817
1188353697,3.5660377358490565,1.5186458126045645,9931
1188471890,1.8591475016897592,1.0505235040659293,4139
1188924751,4.58256,1.7196474525472347,1478
1189517332,3.9368356363636368,1.5967245665134204,2734
1189859539,4.545454545454546,1.7129785913749407,9277
1189909121,7.8520156487394965,2.1806451900068855,2072
1190165113,6.313207659574468,1.989681981834579,13967
1190505937,3.006802721088435,1.3879935968728505,5284
1190660842,10.157232704402515,2.412087960649293,1206
1190875892,4.722345679012346,1.744378805073766,9510
1191114099,2.711864406779661,1.3115342859107813,13364
1191658464,1.3235294117647058,0.84308732785086,7860
1191964913,5.937225194805196,1.9369018667283828,12884
1192633858,2.3971975714285714,1.2229508480490272,4335
1192814682,9.452564885106383,2.3468473918453294,11922
1193318167,11.705357142857142,2.5420237267947576,2626
1194021391,12.121399565217393,2.5742444520048124,9414
1194151889,9.607421383647798,2.3615538866737884,9161
1194771361,9.058548837209303,2.3084229034920263,7830
1194849071,9.51379304347826,2.3526880183037977,13146
1195528269,10.608071142857144,2.4517006443412885,9206
1195672100,2.00487,1.1002343058200956,247
1195672419,11.668094347826088,2.5390865763772736,378
1195745049,6.191520983333334,1.9729026908540228,3558
1195881095,6.212893846153846,1.975870236395888,5843
1196215119,7.083996955542168,2.089886422938405,8693
1196278480,7.692825112107624,2.162497985650865,7719
1196495895,9.075454545454546,2.310102222989191,2244
1196628371,4.535211267605634,1.711129734827946,2922
1197144093,11.6,2.533696813957432,13691
1197383582,0.9333333333333333,0.659245628884264,3617
1197464857,4.905167785234899,1.7758278633413174,10633
1197511569,11.746055900621117,2.5452218826208437,2182
1197578169,5.695455315789474,1.9014289851636799,2697
1197654323,10.148027045454544,2.411262535653227,7543
1198093570,9.718866781286069,2.3720054393539596,13325
1198439022,8.132909254658385,2.2118842916762076,6778
1198794519,4.255138888888889,1.6592064338348165,4468
1198801669,6.728031272727272,2.0448541435799887,7746
1198838598,11.128482581780368,2.4955566188224667,9545
1198895788,7.015884926220204,2.081425188728016,5855
1199733665,10.57971305687204,2.449254692638534,14108
1199812681,13.123693831213872,2.6478538006302426,5576
1199838506,9.142874563106796,2.3167714454739294,2386
1201735777,2.1135082758620687,1.1357501533843506,940
1201928738,9.604591512574851,2.361287068894299,13928
1202119489,7.46875,2.1363829180799745,11326
1202429645,9.99,2.39698576841553,3522
1202516604,10.0,2.3978952727983707,13075
1202835079,0.0,0.0,9030
1203951751,4.066042985507246,1.6225600366416388,10143
1204127982,7.902577959183673,2.186340893130462,994
1204288281,4.984866818181818,1.7892340861611435,14044
1204377106,9.25138888888889,2.3274131977599515,9869
1206226302,5.7282,1.9063076487448751,1506
1206362202,5.022388059701493,1.7954838683190375,3697
1206827046,6.821765454545454,2.0569102905277634,6522
1206828641,4.2421972102564105,1.6567407253794408,7260
1208039185,10.519553072625698,2.44404585873615,6388
1208092743,0.0,0.0,924
1208418343,4.152945,1.6395683958949867,20
1208884663,8.705445185212568,2.272687087306411,3399
1209325709,10.57511625175644,2.448857643270152,10146
1209762466,5.118183896103896,1.8112653034829056,296
1210039673,8.076262135922331,2.205662448818968,7148
1210190621,9.149068322981366,2.317381910435485,1228
1210237588,12.928571428571429,2.6339422289484884,7697
1210429344,4.364485615384615,1.6798004936453823,5508
1210634442,4.936859777777777,1.7811803366464365,9273
1211126298,6.840616440000001,2.059317458822353,9419
1211390550,11.247367220689657,2.505310993131932,10327
1211409235,12.808886949894292,2.625312366772208,4035
1211646991,11.89161,2.556576712176964,7894
1211723494,10.0,2.3978952727983707,12663
1212519726,0.1896551724137931,0.17366349405084008,2389
1212548780,10.0,2.3978952727983707,762
1212584164,10.417721518987342,2.435166667595602,1910
1212676755,11.552154985074626,2.5298923627951195,13980
1213612437,9.948713113636364,2.3932219254872136,7590
1214131667,8.126276949152542,2.2111578293110736,5285
1214283873,8.98870056497175,2.3014545106237594,45
1214444543,7.042120829999999,2.0846928332316454,13234
1214763777,4.154290429042904,1.63982946086431,9515
1214842564,46.38397915966387,3.858284179156567,771
1214984010,4.714285714285714,1.742969305058623,5466
1215173533,3.4369199999999998,1.4899604420336403,2186
1216208665,4.373134328358209,1.6814114120591896,10857
1216231967,4.6654584926220215,1.7343878254718743,6746
1216234223,7.329114734693878,2.1197571761847596,7735
1216269421,5.126591760299625,1.8126386019006242,8801
1216410623,1.8852039252584933,1.0595955821270087,13233
1216443188,4.404140655737705,1.6871654478380038,13147
1216869575,9.12621359223301,2.315127466771137,13304
1216979912,6.90007,2.066871620193213,4079
1217161195,6.491863321518988,2.0138175411584895,11853
1217179020,3.0,1.3862943611198906,5238
1218409116,12.633807187288818,2.6125525307904853,13084
1218572053,3.171096,1.4281788310132368,12685
1219089587,11.289814321114738,2.508770815336454,9706
1219166216,4.7429496,1.7479729459425541,2
1219177205,1.9721165644171779,1.0892743469535473,4916
1219925021,3.524675324675324,1.5095458231246637,2248
1219936885,3.4369199999999998,1.4899604420336403,7683
1220970493,65.29723163841808,4.194148141243399,901
1221537180,2.8641,1.3517287959325766,5243
1222980611,10.0,2.3978952727983707,6022
1223707286,4.00974,1.6113840175425338,8616
1223933266,9.499274809160305,2.3513061889840694,7128
1224736508,11.604449640000002,2.534049897647795,14521
1225330023,14.122751322751322,2.716200319988052,1495
1225478249,7.885714285714286,2.1844448506898204,9223
1226053264,8.186514285714287,2.217736570153381,2553
1226240979,7.7809043478260875,2.1725794032341517,13214
1226360295,7.230538922155689,2.1078514951885454,8090
1226492486,9.671358024691358,2.3675633322562453,8586
1226935100,5.4600714893617015,1.8656403841979372,1243
1227149935,0.0,0.0,9463
1227251218,4.5594424363636366,1.7154978220044306,10739
1227392614,0.0,0.0,729
1227622875,11.311603833333333,2.5105422187392596,1097
1227975722,2.6054421768707483,1.2824444197674312,12358
1228256498,5.013538857142857,1.7940134033994175,6130
1228628432,4.918822354455446,1.7781375024951356,11174
1229291481,8.36448598130841,2.2369244471829037,14627
1230129929,0.0,0.0,8658
1230215132,9.555084745762711,2.3566077102365703,2714
1230298748,15.365853658536585,2.795197070267374,10791
1230537702,7.792223076923078,2.173867589495894,447
1230791093,7.888888888888889,2.184802057337662,11160
1230861288,11.531420614019522,2.52823913949801,13221
1230918285,7.390501176470589,2.1271002536736683,9478
1231218850,10.015850089285713,2.3993351528811173,11956
1231349225,10.350517928286852,2.429263375334464,11629
1231639457,4.047244094488189,1.6188423704620787,9588
1231748696,8.398677371900826,2.2405689742591313,14447
1231885076,4.810185185185185,1.7596124438817193,2124
1231904705,6.648007404950495,2.0344451439691458,10941
1232858507,8.773913043478261,2.2797169020903865,12509
1233322511,5.5258097893030795,1.875765051148608,236
1234348473,5.710940708423326,1.9037391361532152,4771
1234752844,7.955833333333334,2.1923050890650617,9777
1234928445,9.994721379310345,2.397415283013552,367
1235277843,6.171082413793104,1.9700566074843915,10091
1235447306,0.0,0.0,12572
1235834971,5.3701875,1.8516289040017386,10125
1236705634,4.681957135151039,1.7372957394315303,3814
1237258358,11.520943098591548,2.527402690198531,1854
1237480790,7.910316395604395,2.1872097510210904,13352
1237660268,8.088705234159779,2.20703245955779,5823
1238081452,11.567621206651376,2.531123760990155,3623
1238173494,7.56992506329114,2.1482589884980796,834
1238647149,5.75291594890511,1.909974404032959,7577
1238880552,16.142857142857142,2.841581593726733,9321
1239198570,6.719380769230769,2.0437341495800534,4971
1239225395,7.8046725,2.175282546480731,2254
1239691815,0.0,0.0,5786
1239743172,11.509931700000001,2.526522864831622,14008
1239970379,4.828934193548387,1.7628341695072152,13050
1240866628,0.0,0.0,3578
1241153499,11.748,2.54537439655509,14629
1241280461,0.0,0.0,12757
1241845222,3.4369199999999993,1.48996044203364,1548
1242104754,7.93904144680851,2.1904283627219394,420
1242250845,5.7282,1.9063076487448751,7259
1242631397,15.529786666666666,2.805164005921864,1426
1242837191,3.415497463414634,1.4851205034535924,5628
1243111441,2.9393939393939394,1.3710268889891022,10978
1243509441,0.22850678733031674,0.2057994378562374,13098
1243873939,10.0,2.3978952727983707,291
1244227965,6.480381829587036,2.0122838374197802,12070
1244479302,7.2786328000000005,2.1136778339902857,7359
1244850561,9.508812,2.3522141432953325,12072
1244905531,6.485714285714286,2.012996442271683,7465
1245211077,4.1930424,1.6473197296661308,12094
1245320491,4.975724958682635,1.7877054224545368,2385
1245420025,2.053627760252366,1.1163303133992963,2973
1245586509,5.723387850000001,1.9055921718422313,4137
1245916692,3.9769896391304345,1.6048252181242872,5316
1246075517,8.866701966717097,2.289165650363319,3026
1246315881,4.820922972972973,1.761458835591322,8039
1246448343,0.5978613091380428,0.4686660533010199,8636
1246633546,14.252199413489736,2.7247237164895557,3463
1246692778,2.171172580645161,1.1541014187504735,652
1247086417,7.842799928571429,2.1796035605012203,843
1247246587,4.129031250000001,1.6349168011941855,13783
1247373705,5.107784431137724,1.8095640938615616,12077
1247421129,8.164594399999999,2.215347624993224,3963
1247651851,13.701342281879194,2.687938801308494,4584
1248059090,6.231978954320308,1.97851271300825,10826
1248394380,6.5302453987730065,2.0189276307592636,14210
1248801490,6.0876785714285715,1.9583578639997656,5873
1250010164,9.249030000000001,2.3271830669599827,4125
1250318350,6.408256500000001,2.002595121474478,10090
1250327886,0.689922480620155,0.5246826584274168,14308
1250366156,30.35946,3.4455159759461966,2100
1250544793,5.0,1.791759469228055,8824
1250596629,0.0,0.0,2625
1250696181,12.40740770053476,2.5958073676845315,3200
1250798852,5.707249859022119,1.9031890098935322,5176
1250970441,4.58256,1.7196474525472347,8692
1251045198,14.989999999999998,2.771963526845863,12712
1251414070,4.319359928571429,1.6713529819369188,1823
1251803017,10.642735227272727,2.4546823998594904,14594
1252142684,0.0,0.0,5353
1252214823,10.010822669104204,2.3988786681161276,8348
1252224581,0.0,0.0,12602
1252261976,13.403987999999998,2.6675051126843656,40
1252439829,3.421845789473684,1.4865572083476681,6392
1252568645,2.818840579710145,1.3399468633841576,5341
1252715437,5.524250571428572,1.8755260916589465,12305
1252921410,3.4369199999999998,1.4899604420336403,1827
1253279834,5.036064344262295,1.7977522009320006,935
1254490008,3.7241379310344827,1.5526850958416507,14600
1254753148,10.417263157894737,2.4351265220821148,391
1255008300,6.697587692307692,2.040906993061817,11889
1255454719,6.120833333333334,1.9630247597735997,6512
1256495699,4.931380891011236,1.7802570511640046,3009
1256707067,10.442622950819672,2.437345238589061,9619
1257221840,4.697,1.7399397204982585,5414
1257362457,8.828985507246378,2.2853357250942787,9629
1257403928,10.57032,2.44844319855864,13451
1257805008,6.8200585500000015,2.056692041741467,2336
1258436675,0.0,0.0,6537
1258738188,7.718181818181818,2.165410709091022,9413
1258996912,6.0031536,1.9463605618899358,7956
1259519723,8.01948,2.1993866827453203,7313
1259574880,4.58256,1.7196474525472347,2528
1259835220,16.984567619047617,2.88951403566024,1712
1259838438,8.609696129032258,2.262772602194263,3183
1259844394,4.282086439790576,1.6643211787146397,5921
1259968648,6.338267376237624,1.9931027624779964,2793
1259972556,0.0848727121332276,0.08146266410412008,4558
1260594926,4.564102564102564,1.716335707410813,4452
1261748948,7.92774,2.1891632833511063,7722
1262561933,5.5625,1.8813716279177422,4868
1262721393,17.486084210526315,2.917018244199857,2901
1263326195,7.73307,2.167116968972585,9614
1263413418,3.4552747252747253,1.4940887257497915,4650
1264142222,4.10027892815534,1.629295230029903,8274
1264218224,2.032520325203252,1.1093940642713982,12833
1264314719,7.488372093023256,2.138697237888929,12057
1264489499,6.90625,2.067653585927794,2247
1264595353,3.4369199999999998,1.4899604420336403,5726
1264655393,9.0,2.302585092994046,3212
1264694276,4.368214451612903,1.6804953488738041,6021
1264950815,11.324446821428571,2.511584836278786,3450
1265344239,9.149040486486486,2.3173791676681526,3537
1265377747,7.0,2.0794415416798357,3865
1265623949,0.0,0.0,11364
1265827802,4.202838,1.6492042459402905,14631
1265933756,1.826086956521739,1.0388930539664876,3403
1266055555,4.42997722095672,1.69193493890145,13849
1266226916,2.92797714,1.3681245707196839,2593
1266238759,10.097560975609756,2.4067253522466427,8007
1266293192,17.28021327014218,2.90581923281474,2944
1267247969,0.8209443681519357,0.5993552501151235,4964
1267695804,8.989904470588236,2.301575030111061,87
1267988514,8.455704461538462,2.246618206107902,13696
1268183305,14.289217004779413,2.7271478090011594,12898
1268564838,0.01694915254237288,0.01680711831638119,7793
1269108947,5.772518178947368,1.9128729792034653,1904
1269554303,6.920212765957447,2.0694180698540596,10568
1269991166,5.159063729903537,1.8179247740947129,801
1270406168,7.747248712871287,2.1687392181104506,10535
1270436145,5.852924735714286,1.9246755298663425,9324
1271419298,1.14564,0.76343787617538,9365
1271576675,3.3057257419354835,1.4599457048411681,6557
1272383236,9.95801487804878,2.3940711408492668,805
1272934107,4.584141362394196,1.719930680754643,12656
1273229151,7.894039735099338,2.1853813597083134,12718
1273404650,4.3648275000000005,1.6798642227232505,3296
1273742578,3.9820229032258068,1.6058360140244852,7980
1274010145,7.644943846153846,2.1569746235853953,10304
1274019863,5.780012864321607,1.9139789993430716,6
1274179654,9.112907488986785,2.3138125771462423,12813
1274867471,10.1419330078125,2.410715738998651,12682
1274899900,8.50438596491228,2.251753372581918,12540
1275378068,10.692639999999999,2.458959584033501,6681
1275481476,10.31076,2.425754485041046,8925
1275692552,5.213526633962264,1.8267286307216544,687
1275811392,3.7766233766233768,1.563733890316537,9885
1276410992,2.0,1.0986122886681098,14196
1276958355,8.873220338983051,2.2898260757086604,9922
1277224603,6.496874999999999,2.014486267045922,11709
1277617728,6.261188811188811,1.9825435635290807,11664
1277941477,5.544228613138686,1.8785835334608227,9949
1278019437,6.5844462,2.026099597610232,858
1278374063,9.03921568627451,2.306498992315182,12855
1278380147,10.0,2.3978952727983707,945
1279663152,8.0910825,2.2072939880077955,3223
1279673249,8.036083478260869,2.201225836971767,7831
1279726205,1.2158730158730158,0.7956464639367394,2071
1279893929,24.07129753914989,3.2217236674782557,3848
1279912711,8.618556701030927,2.263694222343961,12236
1280025523,0.42788401799100445,0.3561936407246238,4070
1280533471,10.0,2.3978952727983707,11412
1280565216,4.395473834862385,1.6855604233728405,10955
1280885360,6.678837446808512,2.0384681615878883,7681
1280919589,6.329900930232558,1.9919620001500002,8346
1280937682,7.292307692307692,2.11532830101336,1653
1281463785,9.36936936936937,2.3388562074095485,2467
1281702550,4.141929230769231,1.6374283457713967,6795
1281958638,9.584680282258066,2.359407699336896,3987
1281969599,9.823529411764707,2.3817224135527697,8946
1282123925,6.5932371000000005,2.027257995872901,4643
1282386993,5.015331355102041,1.794311436039362,5068
1282455900,10.227272727272727,2.4183458832696614,6656
1282881133,9.804034615384616,2.3799196398667966,6315
1283227325,8.0,2.1972245773362196,14490
1283610678,5.634615384615385,1.8923006984499324,10109
1284675550,1.4166666666666667,0.8823891801984738,2713
1285153363,12.213636666735969,2.5812493771449088,11239
1285214684,5.2278786416184975,1.8290357678503792,9394
1285677746,2.30739336492891,1.196160376102936,11278
1285856254,8.24425746835443,2.2240025445074316,3202
1286084608,0.13513513513513514,0.1267517056391438,2726
1288076797,6.144796363636363,1.9663843104349357,14389
1288459441,3.441717987012987,1.4910412356164073,9705
1289040023,10.0,2.3978952727983707,5608
1289125176,11.89161,2.556576712176964,14292
1289904856,6.679855,2.038600666773014,11292
1289971433,5.758184651851852,1.9107543113653795,11733
1289986797,4.396551724137931,1.6857601799937338,3986
1290265776,7.586572438162544,2.1501996386913564,11521
1290422484,8.921875,2.2947419155330198,8432
1290425334,8.368170000000001,2.2373177730137694,9617
1291278830,4.019417475728155,1.6133138862787935,10280
1291686315,4.439588688946015,1.6937034493597438,1986
1291806672,9.0,2.302585092994046,11835
1292329480,2.332740213523132,1.2037948525503974,11201
1292354617,12.383822857142857,2.594046728177243,7908
1292584728,8.845587102928869,2.2870233449426616,8226
1293266911,11.4564,2.522234547053978,5530
1294226867,8.172776119402986,2.216239979754475,9817
1294386291,2.7112184415584415,1.3113602436062435,7934
1294641503,3.1382825066225166,1.4202808482888925,4729
1295382790,8.496396455696203,2.250912406193263,13792
1295627678,2.434485,1.2338669872143073,6207
1296160697,3.3,1.4586150226995167,10049
1296366388,6.745138888888889,2.0470654064244904,14068
1296954064,4.262920110497237,1.660686026795524,13106
1297012259,3.9495081521739133,1.5992882084465603,9876
1297168832,6.606450000000001,2.028996571573997,6700
1297307219,6.27937011023622,1.9850443351460358,9893
1297344583,7.6127778,2.1532468912622518,11908
1297418587,6.732789929133858,2.045469719750843,1041
1297489788,7.4466600000000005,2.1337710969585895,3603
1297700492,6.9300991071428575,2.070665533316814,9919
1298060364,8.220665560975611,2.221447221619962,9660
1298621980,4.872372372372372,1.770258704215125,11650
1299051575,24.11195698591549,3.2233441066485504,13254
1299103544,12.18523,2.57909726371833,7353
1299117928,3.0,1.3862943611198906,13611
1299148890,7.933712121212121,2.1898319995780002,12822
1299362325,7.01886655663312,2.0817970847877048,5776
1299735214,10.469587363636364,2.4396989552226946,11275
1299862572,3.295964125560538,1.4576760065107417,9643
1300268037,7.478425244956774,2.1375247303133516,460
1300607645,9.272727272727273,2.32949254591397,5851
1300702209,3.567483,1.5189622873145487,4103
1301127225,7.884267631103074,2.1842820306463135,3681
1301159446,5.990375307692308,1.9445342468919482,3446
1301267107,5.9870953125,1.9440649208827379,7702
1302018301,9.405228758169935,2.3423084450118927,6622
1302030143,6.604277647058824,2.0287109372498078,11779
1302894243,8.52297435897436,2.2537072326717262,2559
1303132183,8.553333333333335,2.256890133731916,6517
1303272895,8.024390243902438,2.1999309389339623,10705
1304105333,0.001580193103448276,0.0015789459120221566,1962
1304779762,2.586015735955056,1.277041763337021,10512
1304947586,2.962471263157895,1.3768678869772013,12284
1305353890,8.447708571428572,2.245772232888906,3501
1306126290,7.086919090909091,2.0902478292298405,11843
1306261161,16.0,2.833213344056216,13525
1306879413,8.458283869693979,2.2468909574839038,11614
1307714136,4.436924444444445,1.6932135415147969,3916
1307985598,3.782430476190476,1.5649488850996798,8182
1307994017,11.89161,2.556576712176964,11809
1308772684,0.0,0.0,8482
1308837008,0.0,0.0,7942
1308865964,2.1886359537572253,1.1595932246464389,6211
1309051302,3.921323529411765,1.5935775043705447,1074
1309116720,9.99,2.39698576841553,1022
1309191676,10.0,2.3978952727983707,5304
1309197973,2.188123566878981,1.1594325201764997,8166
1309482830,10.28315421686747,2.423310836135885,3582
1309493699,13.40858136792453,2.6678239574152736,8536
1310013532,2.7381818181818183,1.3185993483485392,6552
1310217545,9.45896922077922,2.34745990892233,9772
1310320922,12.747910061083745,2.620886817002539,12030
1310436485,6.194653083475298,1.9733381228426679,5112
1310838705,10.31496062992126,2.4261257996204337,9147
1310899565,3.9,1.589235205116581,7146
1310927450,7.020262611771429,2.081971165952234,4839
1311260519,7.955275229357798,2.1922427697536957,7373
1311314615,8.023836045627377,2.19986952588801,2089
1311534503,0.0,0.0,12529
1311840132,0.833681690140845,0.6063257983242665,2675
1312064825,4.588235294117647,1.7206635475443246,596
1312152461,8.1259335,2.21112019560599,10476
1312183381,6.976744186046512,2.0765303314723775,9665
1312377654,3.407677274556213,1.483347855594192,8680
1312512983,6.44691214187643,2.0077994688714065,10503
1312828680,7.427741174311927,2.1315287852558424,5181
1313266835,4.177113020576132,1.644247568969109,10583
1313291077,13.256232629032258,2.65719418856896,6889
1313373091,1.1229582222222225,0.7528105038756889,14110
1313404380,5.853250869565217,1.9247231191954721,13406
1313941742,5.751422913461539,1.9097532846631222,4682
1314072596,2.282228181818182,1.1885225154851913,4590
1314528780,15.695268000000002,2.815125325977167,3441
1314540259,6.8486865,2.06034619295319,8644
1314711233,9.096,2.3121393057988575,11723
1315107106,7.634872285714285,2.155808921184028,12914
1315197180,2.080856326530612,1.1252075864371893,9295
1315636485,10.0,2.3978952727983707,575
1315883640,8.72679012345679,2.2748839469563418,8605
1315896289,7.087526913253012,2.0903229875807416,14129
1315896748,0.4566644020356234,0.3761491657715605,14353
1316225103,9.741935483870968,2.3741552854952976,35
1316375086,4.149172865853659,1.638836093204602,8578
1317229113,5.921107990654206,1.9345758710690468,9438
1317485706,9.629596774193548,2.363642258820988,7035
1317705183,4.0633957402597405,1.6220373531288712,2463
1318602680,9.865064631325302,2.3855525622710316,8303
1318628451,7.8046725,2.175282546480731,5095
1318915671,8.581908396946565,2.259876778505671,1592
1319102264,9.811700182815356,2.3806288979904413,11772
1319491037,10.003874521963823,2.3982474400496425,9840
1319632035,6.606450000000001,2.028996571573997,14218
1319666767,9.793333333333333,2.3789286595813794,489
1320689990,15.0,2.772588722239781,3801
1321043980,0.26732587272423586,0.2369090685245948,909
1321256202,5.856528648648649,1.925201285768688,7991
1321705238,0.09207210103329506,0.08807690173032061,3556
1321709549,0.27222736771863115,0.2407691971508442,5538
1321812710,9.584628655126497,2.3594028217916043,7728
1322215649,9.486722380952381,2.350109921816858,11986
1322577452,12.489354098360655,2.601900789040811,12592
1322635543,9.0,2.302585092994046,9307
1322710443,8.849514563106796,2.2874221710362335,13381
1322767386,7.583103448275862,2.1497955553578296,9630
1322814367,0.10218978102189781,0.0972989109867995,1278
1323267555,2.397842058103975,1.2231405413289709,13412
1323698360,1.2556131260794474,0.8134218322633813,978
1324623485,9.00798154054054,2.3033829286925394,4399
1324747520,4.966460681818182,1.7861539009823761,1215
1325077289,6.088552915766739,1.9584812175638022,2131
1325355568,6.710177142857143,2.042541163038556,9433
1325374288,6.5932371000000005,2.027257995872901,3122
1325556828,4.58128,1.7194181407682037,11481
1326614812,5.3150183606557375,1.8429306632654863,1011
1326778530,5.053401976777251,1.8006204242167203,966
1326905168,9.09945943880597,2.312481901504619,13595
1327313533,3.8397203826086956,1.5768569468713771,5838
1327710388,7.014354838709677,2.081234288587081,7504
1327893868,3.2070126530612244,1.4367528122247843,1497
1327907881,11.63180899521531,2.536218156130924,7903
1327930214,12.506693275862068,2.603185360789065,3129
1327975506,14.859581562099873,2.7637738326367085,8789
1327986240,5.584994999999999,1.8847935758935133,13468
1328135659,5.972124088560886,1.9419199256291781,7202
1328236968,8.93939393939394,2.2965060469176635,8519
1328690949,8.984787777777777,2.3010627125385295,6383
1329152762,0.8216012084592145,0.5997158991725386,7739
1329482696,5.945555555555556,1.9381019666075017,8741
1330368835,8.89090909090909,2.2916160616234715,9330
1330693079,5.176347882352942,1.820727139237296,7853
1331252843,5.967680608365019,1.941282401583042,9024
1331649036,1.5329495734597156,0.9293844629886528,10298
1331849323,7.816081690140846,2.176577518490683,11928
1331906887,7.177830687830689,2.101426918356977,8477
1332860934,5.238481222007722,1.8307367588472128,10085
1333529945,5.7282,1.9063076487448751,1483
1333707218,10.748027175572519,2.463685326542118,7617
1334998688,8.441616975696927,2.24512725528739,13519
1335003960,5.907322300000001,1.9325820518240102,1240
1335230338,7.6299624,2.1552401481912913,14592
1335325543,5.632910558282209,1.8920437060988495,13175
1335790622,8.673913043478262,2.269432885677145,1344
1336188336,13.609031522727271,2.6816399349088313,3394
1336268416,3.6850772745762708,1.5443824095941192,9915
1336346843,7.702290076335878,2.1635862181873895,985
1337330681,6.204273504273504,1.9746743922056804,1327
1337645548,0.039230769230769236,0.0384807945105707,10278
1337707321,7.719115263157895,2.1655177721263783,8682
1337920984,9.072230270270271,2.3097821588983254,1541
1338611310,11.675889183673469,2.539701699574736,2537
1338838355,6.723950911083437,2.044326009171064,1481
1339184541,6.215947722772277,1.9762935381071782,9812
1339242034,15.505840396039604,2.8037142816726104,6282
1339625638,9.4,2.341805806147327,1885
1339637160,5.913333333333333,1.9334519141332716,7167
1339932043,22.526608695652172,3.1581320655203893,7157
1340005593,3.8449056603773584,1.5779277736108157,10609
1340031145,3.956217440414508,1.6006428369800998,7499
1340854556,4.151894509090909,1.6393645128724899,9311
1341130359,3.125521208053691,1.4171923652722787,739
1341306502,0.0,0.0,6328
1341445466,7.892665592079209,2.185226846211003,9782
1341856182,7.017045,2.081569900117283,2938
1342288590,5.619733924611974,1.8900551764843687,5869
1343699049,5.0,1.791759469228055,6559
1343721607,13.308073953488371,2.6608239900644572,1867
1343750006,9.5,2.3513752571634776,14583
1344165109,6.304151897777778,1.9884429395958338,9731
1344251940,4.315244000000001,1.6705789185482705,4592
1344254434,8.802045982142857,2.282591137574379,5753
1344387355,3.4615384615384617,1.4954936530848826,6632
1344391089,9.907908992416035,2.3894881217523545,8296
1345000267,5.570457133136095,1.8825834089399638,2147
1345996137,9.233865194318183,2.325702337960614,8037
1346050031,3.5410690909090907,1.5131624669106807,2722
1346252926,2.3056823314285713,1.195642906284932,5596
1346468243,11.220309435483873,2.5030992754755417,13861
1347573592,5.746810718181818,1.9090699070323776,10005
1347606964,25.714285714285715,3.2851984677992734,10255
1347617018,9.656108571428572,2.366133302506317,110
1347693451,7.10064091875,2.091943184319719,4987
1349029215,11.16699115044248,2.4987266414640827,1488
1349082205,6.683196372910173,2.0390356549640645,10556
1349316396,5.0,1.791759469228055,12697
1349542319,22.520457534246574,3.1578705758278933,11157
1349581783,0.7773985714285714,0.575150818579691,14125
1349792021,8.0,2.1972245773362196,5667
1349825227,4.570869795918368,1.7175511990043568,5868
1349944687,8.538050847457628,2.2552891509016244,628
1350783673,8.930689655172413,2.2956299273244194,9495
1350938179,12.131093812500001,2.574982991204405,5340
1350993746,0.0,0.0,844
1351087493,11.62693747764706,2.5358324269630983,13368
1351642008,3.68860125,1.5451342970373485,12298
1351756349,6.927343294090909,2.070317959854466,4830
1352016709,0.6985630531697342,0.5297826307847696,4027
1352069145,19.11593147470588,3.0015121117969508,12788
1352138055,7.867469879518072,2.1823895109322784,14302
1352350174,9.061224489795919,2.3086888759320634,6721
1352625466,9.590909090909092,2.359996000207385,12477
1352989780,3.8181741830357145,1.5723950560995308,14181
1353039512,6.809086434782609,2.055287983230193,7277
1353395097,7.373029329446064,2.125015746076074,4993
1353420764,8.165699374125875,2.2154681876138596,1774
1353518817,6.621538827272727,2.0309782951465554,1660
1353739748,6.979286027476635,2.0768489372179935,12553
1353940013,15.866541179999999,2.825331847676685,14167
1353956706,1.0498888649122806,0.7177855794428685,7140
1354718429,7.5271317829457365,2.14325305442479,10611
1354721999,9.803405142857143,2.379861375441701,12207
1355150597,6.238786695652175,1.9794536088804893,13326
1355364978,4.822939821428571,1.7618052581679844,6781
1355689169,4.785072121212121,1.7552808275017435,5145
1355819315,7.683061904761905,2.1613742204740203,4712
1355861031,2.0875912408759123,1.127391253218153,8773
1355910526,8.791463666501242,2.281510951649516,1507
1356020213,8.675438596491228,2.269590570859007,6729
1356026013,0.0,0.0,9252
1356186427,7.372549019607843,2.1249583805042986,7772
1356236465,3.0602712328767123,1.4012497775094803,764
1356363164,9.249385185483872,2.3272177218814183,13373
1356488615,14.9428208386277,2.7690086237422964,10928
1356765616,9.543708397674418,2.355529321618469,2932
1356798471,6.936532265454546,2.0714764374732333,2977
1358679266,9.326923076923077,2.3347543759274374,8860
1359438455,4.5644563636363635,1.7163992914806314,11250
1359527564,8.871165644171779,2.2896179461856208,7273
1359653178,8.850069,2.287478460235604,4719
1359764916,7.5292868462757525,2.1435057526480605,10703
1359886275,6.86054423076923,2.06185584459998,6479
1360116247,0.0,0.0,6739
1361462648,11.759481000000001,2.5462746031082437,8047
1362029275,5.974,1.9421889482534593,12214
1362070706,10.67246835443038,2.457232936737445,1410
1362206835,5.949369242779292,1.9386508990234521,3707
1362313487,8.601112615384615,2.261878989194099,7527
1362867800,5.600906666666667,1.8872070133348458,6304
1363083056,4.405178750997606,1.6873575219592376,14543
1363642107,9.649562057142857,2.3655187699148894,800
1363728243,0.704917,0.5335164291986472,10021
1363759124,11.4564,2.522234547053978,9180
1364207510,10.230831627906976,2.418662820140891,4533
1364378704,4.315845824411135,1.6706921382504305,7919
1364422847,7.305489260143198,2.116916652846382,12861
1364532720,7.298701298701299,2.116099032523851,3427
1365294511,10.14935064935065,2.4113812584838463,7171
1365648020,0.0,0.0,3945
1365719136,4.5,1.7047480922384253,6555
1365901486,2.3061156258992805,1.1957739733484227,80
1366226647,9.5775504,2.358733868431743,13542
1366975894,3.5657595782608698,1.5185848919383025,11599
1367272114,2.7346938775510203,1.3176658547307942,12195
1367361429,6.352295447570333,1.9950125702593247,8280
1367607666,8.48031496062992,2.249217539410175,1047
1367686895,8.206666666666667,2.2199278593130365,7316
1368969819,13.64387910625,2.684022439709709,9455
1369181307,1.597839069767442,0.9546799724373661,1394
1369509242,9.636310645161291,2.364273679908122,1503
1369607878,7.011517007299271,2.080880132324341,1650
1369674971,3.186792452830189,1.4319349163864266,2343
1369832447,4.384615384615385,1.6835458845878224,14142
1369945297,1.7159090909090908,0.9991267374533042,6119
1371029762,11.697358470165746,2.5413939773555567,7520
1371092553,9.891472868217054,2.387980177406174,6296
1371247118,18.7844378746594,2.984895662741041,2027
1371632530,10.0,2.3978952727983707,13190
1371755432,13.621621621621621,2.682501366202257,9590
1371771146,14.511111111111111,2.7415566129920528,1921
1372367773,7.8000153,2.174753460119013,4995
1372611214,5.950588941176471,1.9388263957241136,11257
1372838046,7.3,2.1162555148025524,10152
1372924899,16.102606666666667,2.8392308885385025,5024
1372969062,8.293759694117648,2.22934317430502,10130
1373014405,9.16512,2.3189622522245985,1056
1373093551,3.6767051162790696,1.5425938269974386,7285
1373326082,4.128896489707476,1.6348905268245562,8654
1373478577,9.348751291866028,2.336865864303921,3508
1373992458,8.650224215246636,2.2669811498215564,13440
1374251508,0.8416458852867831,0.6106596746648654,12113
1374281102,10.683499775552969,2.458177570835377,10683
1374624005,8.674478476821193,2.2694913332584337,2850
1374785019,7.440277777777778,2.1330152201252544,1554
1375367433,1.304,0.8346467428336449,12901
1375746047,11.3409291647929,2.512921312627404,6510
1376270328,0.17915904936014626,0.16480151437379129,6503
1376808493,7.921590454496528,2.1884742327715943,12593
1376893171,6.975409836065574,2.0763630374527486,6618
1377181936,2.532467368421053,1.261996598002684,3761
1377381797,9.739336492890995,2.3739133081118853,5252
1377584214,3.1943745945945947,1.4337442452758176,7922
1378137653,2.105610882956879,1.13321043772737,6284
1378696925,8.471706315789474,2.248309072148878,7309
1379129509,9.467399226415093,2.348265591581809,10154
1379388530,93.68271279069766,4.550531436439559,8805
1379622103,1.3222595000000001,0.842540634137283,10608
1379782912,6.0,1.9459101490553132,9297
1379895697,5.8493471900826455,1.92415334701487,1062
1379912965,5.68207560731288,1.8994286589428158,8877
1379977449,5.853376817102138,1.9247414968066252,8438
1380335317,4.8419452887537995,1.7650638387648658,7304
1380362779,8.87190082644628,2.289692421169123,4812
1381131643,5.881343671794872,1.9288139340094443,11595
1381149236,6.824931023622048,2.057314921514784,4827
1381514125,10.111782841596131,2.408006062568149,6918
1381879607,6.368981694915253,1.9972795277154523,9097
1381926136,5.836416535135135,1.9222636959797006,565
1382285618,9.865233333333332,2.3855680891642486,138
1382988741,10.449847856249999,2.4379764422482113,6946
1383549081,0.8227808180597015,0.6003632570143338,8408
1383751377,3.5294117647058822,1.5105920777974677,10825
1383870997,8.480752688172043,2.2492637106016193,5777
1384001850,8.064375,2.2043518953323775,5682
1384090275,0.0,0.0,1181
1384204560,11.446089707799102,2.521406493882508,8452
1384608662,5.798257122302159,1.9166662737863815,13192
1384777587,6.233294320441989,1.9786945783764767,862
1384844375,8.21394753559322,2.220718372509368,1377
1384873468,4.91186231884058,1.7769608949512739,14387
1385087098,8.188311157894736,2.21793214993635,7484
1385232815,0.8627450980392157,0.622051258876215,13877
1385813602,9.249030000000001,2.3271830669599827,9901
1385912373,6.348051948051949,1.994435237013783,10108
1386221497,4.485294117647059,1.7020707144677087,1761
1386427001,6.583023692307692,2.0259120241116086,5834
1386449456,9.537756333333334,2.3549646488525884,1132
1386952559,8.193965517241379,2.2185473468050407,6430
1387243104,6.391304347826087,2.000304221121112,4388
1387513474,2.7555555555555555,1.3232362251527536,8155
1387586652,7.109807641791045,2.093074149201276,11476
1388031099,8.417528961702128,2.2425727358861662,5108
1388104134,7.831460674157303,2.1783204226970665,8538
1388143468,7.418816821097648,2.130469298320705,11347
1388830947,6.71875,2.0436524338282505,11065
1389331225,8.671623188405798,2.2691961535384535,355
1389962881,5.418401114206128,1.8591690390529143,4402
1390372850,132.65923692307692,4.895293552976974,11855
1390800628,9.798319327731093,2.379390504217791,12670
1391891630,2.304009333333333,1.1951366805134986,2322
1392368115,9.108499095840868,2.31337656462681,10283
1393102816,9.249030000000001,2.3271830669599827,1776
1393120188,0.26506024096385544,0.23511974236092542,9596
1393207551,8.155831556503198,2.2143910048594058,4688
1393310167,6.791666666666667,2.053054786506641,6716
1393683546,8.412740656851643,2.2420641605921645,12390
1393958691,3.997397870722433,1.6089173511100485,3562
1394059672,5.851427142857143,1.9244569725968892,4757
1395387537,11.720778461538462,2.543236755845827,12408
1395563951,7.8279708519230775,2.177925186613221,3393
1395874352,3.874885163265306,1.5840965479190872,10311
1395921931,9.54632025,2.355777007610989,2240
1396151894,16.018441074626864,2.8342975252150637,2522
1396277686,52.54160151587629,3.980458950156534,192
1396405609,0.09746328437917223,0.0930014115389605,13362
1396676593,0.005522074295686861,0.005506883540749615,2723
1396873896,2.4751481481481483,1.245637110668632,3042
1397005072,2.52,1.2584609896100056,3093
1397306029,2.3207547169811322,1.20019208148603,5856
1397387455,3.793471224489796,1.5672548304898377,12862
1399016590,3.1914257142857143,1.4330409419960315,8818
1399225381,6.898215319148936,2.066636824983212,14158
1399482858,9.6663375,2.3670927542804563,12109
1400093045,2.0981330811083123,1.1307996981760857,6670
1400542677,5.456864210526316,1.8651437836146696,2452
1400805464,9.712205426600985,2.3713837854455604,2767
1401002417,4.56079295154185,1.7157407152774133,2933
1401684518,0.0,0.0,249
1401789771,2.885498448275862,1.3572512763042857,3339
1402176398,11.85154165090909,2.553463776978456,402
1403002870,3.0,1.3862943611198906,3650
1403428953,9.601727353581662,2.36101694572689,3698
1404178322,4.300970873786408,1.6678899875152693,1742
1404292846,8.23836236933798,2.223364637190382,9070
1405664957,4.368363681600001,1.6805231472999427,7293
1406056347,4.7735,1.7532784824097736,6458
1406157839,5.845569206896553,1.923601611878646,7895
1406197413,8.059635260606061,2.203828861033253,10814
1406391740,6.99,2.0781907597781832,9824
1406675022,1.092501055327869,0.7383600277196548,4609
1407376549,9.754716981132075,2.375344447276474,10590
1407858380,8.413293750000001,2.242122918919762,6357
1408689794,6.8738399999999995,2.063545872274451,11691
1408798312,7.191329889873419,2.103076264398743,1600
1409075527,3.5893970780487807,1.5237486598996306,8476
1409472877,2.9146102941176473,1.3647157827557577,10227
1409518309,8.02563935483871,2.2000693443511317,1204
1409561059,8.72490099009901,2.274689708486001,5754
1409963757,15.0,2.772588722239781,9954
1410077634,37.45274227941177,3.64943001406936,2206
1410086228,11.360930000000002,2.5145406919174,6174
1410894407,9.16512,2.3189622522245985,1148
1411512868,0.0,0.0,13932
1411851455,5.941131221719457,1.9374647614833767,4201
1412136115,5.082839475982533,1.805471606034683,14228
1412770936,9.840909090909092,2.38332685697008,5102
1413282344,7.762268010183299,2.17045477671018,13933
1413950202,3.046903319805195,1.3979519762595212,4920
1414043079,0.02989027620128642,0.029452268607122245,2445
1414072104,5.906943529411765,1.9325272142245304,826
1414165044,9.196019417475728,2.3219973909329785,13034
1414299170,7.749917647058824,2.169044288560526,14412
1414918975,4.464782608695652,1.6983243420075964,13156
1415069977,7.04819471641791,2.085447807450627,7536
1415545099,6.776751864406779,2.0511387528654543,116
1415618729,6.303571428571429,1.9883634653076525,3735
1415701217,6.366896005665723,1.9969964513618292,11297
1416468603,11.70328474009434,2.541860600975051,2786
1416570044,3.325565652173913,1.4645429184618235,4199
1416611327,0.0,0.0,8102
1417137419,7.9798884758364315,2.1949874630651003,8879
1417379745,8.813888888888888,2.2837986159089896,14604
1417471279,6.384690337078651,1.9994089837675246,11569
1418083241,6.722840104411765,2.044182185554564,6930
1418242661,6.204595593103448,1.9747190992299195,4846
1418333195,2.6141638225255974,1.2848605211165431,1334
1418392736,6.351351351351352,1.994884153651773,13290
1418395574,5.880551641935484,1.9286988292448453,14614
1419014145,6.19387381294964,1.9732298045232137,12784
1420382859,4.288612894736842,1.6655559987712905,9477
1421771338,2.8656549350649354,1.3521311204820536,263
1421908456,11.12636463576159,2.4953819777698834,2960
1422193352,4.480769230769231,1.7012454616872232,13104
1422345436,4.847953216374269,1.7660917224794772,7971
1423325056,7.654015656108597,2.1580234509192215,6441
1423372276,5.402478823529412,1.8566852315545486,12777
1424110161,5.0,1.791759469228055,5810
1424227150,5.7282,1.9063076487448751,14078
1424722284,10.803696938775511,2.468412782299685,1046
1424858954,6.2157459677419356,1.9762655781137526,3580
1425220336,3.8072168160377355,1.5701182921255166,3989
1425445007,8.107606153846154,2.2091099054841683,1869
1425876910,8.639166999999999,2.265834694100445,4543
1426914838,5.979347826086957,1.9429554777509623,14406
1427190197,8.219326687613293,2.2213020075280445,5737
1427805933,6.67741935483871,2.0382834691863283,2597
1427894124,5.720994716981132,1.9052361669409692,12721
1428343276,17.745056978417264,2.9309300898427524,8556
1428649072,6.065922272727272,1.9552835486963311,13274
1428679970,4.1914871848739494,1.6470202042759883,12466
1428913340,2.46242774566474,1.2419700036176704,14234
1429260097,9.067796213592233,2.3093418360662543,8246
1429463287,7.108800274285715,2.092949925530313,11076
1429945028,1.6006738875000002,0.9557705989441592,6828
1430306691,8.850218952879581,2.2874936836556823,7385
1430844690,4.70095326446281,1.7406334002369988,13332
1431028515,5.987652173913044,1.9441446162638358,7763
1431079960,4.012870163934426,1.6120086380725152,1342
1431147625,4.439355,1.693660487661856,2281
1431167753,7.96,2.192770226986839,11311
1431482714,4.480539159999999,1.701203482981568,5696
1431653718,6.663732394366197,2.036499122831146,8903
1432242708,3.441860465116279,1.4910733123530675,8566
1432660250,7.031256183206106,2.083340951988564,4704
1432725081,7.252012427184466,2.11045710116818,4380
1433261190,6.151515151515151,1.9673242435591298,9683
1433983027,10.563095238095238,2.447818581564971,10107
1433993151,5.682235294117647,1.899452556442051,14617
1434016972,4.441437157745145,1.6940432093865931,10605
1434148538,4.598041621621622,1.7224168261534427,10820
1434232628,6.377145922746781,1.9983868324774081,4483
1435907967,10.0,2.3978952727983707,6444
1436001341,4.150137058823529,1.6390233276853075,4128
1436371420,1189.9398880243232,7.0824980962296,8547
1436712219,6.60874151758174,2.0292977860012247,14279
1437272219,5.896956099585062,1.931080169282465,965
1437375216,6.8524833103448275,2.0608298270345604,3078
1437804424,5.137804237918216,1.8144670622249774,4525
1438745833,6.759276,2.0488890308734358,557
1438754577,7.921901829652996,2.188509133468335,4467
1439015712,8.50312266,2.251620445648771,4011
1439679428,9.237316017316017,2.3260394775711566,7844
1440235330,8.917245163636364,2.294275177450938,7357
1440273639,11.335632962474229,2.512492063012107,9726
1440925362,4.0354292263056095,1.6164987710585486,8180
1441191290,9.705242718446602,2.3707335951565476,9800
1441281369,10.1494968914956,2.4113943750491473,6177
1441691774,11.0,2.4849066497880004,13735
1441766413,12.539042100000001,2.6055775190435555,3206
1443963820,14.411764705882353,2.735131159704881,4067
1443990947,3.9639143999999997,1.6021946230357416,1518
1444640205,6.887131511214954,2.0652325087050043,13398
1445093927,4.872339529411765,1.7702531114069093,11214
1445185583,6.504600562500001,2.015516240817607,8355
1445768840,7.299430086934674,2.1161868482203183,5375
1445771544,2.1,1.1314021114911006,6629
1445887859,4.134266086956522,1.6359369094963447,14582
1446439545,9.821428571428571,2.381528295334165,12173
1446630644,10.787029702970298,2.4669997492183757,9730
1447805590,5.744827586206896,1.9087759276142429,7696
1448378489,5.099495121951219,1.8082060008606544,56
1448660859,5.189655172413793,1.8228793779418595,9123
1449333997,2.5434832500000004,1.2651102122921363,2362
1449907049,8.479166666666666,2.2490964080430595,9559
1450112570,6.9485448392555,2.0729888728251837,13464
1450251210,10.714285714285714,2.46080909820894,2210
1450291759,0.0,0.0,5792
1450548303,13.45942786923077,2.6713466495046077,3236
1450807648,10.57032,2.44844319855864,1947
1450815457,8.5923,2.260960693299513,5531
1451213911,6.2852543119266056,1.9858523480188668,7923
1451310805,2.3529411764705883,1.209837923778334,7306
1451502538,0.5234074121405751,0.42094954446957633,5009
1452078311,7.597417500000001,2.1514618674655077,13312
1452220698,10.0701756,2.4042546092866948,3783
1453001624,9.704244705882353,2.3706403642869622,1273
1453009151,8.967060203389831,2.299285676238957,4687
1453036180,0.9307631642458101,0.6579153466471829,2078
1453098241,6.873839999999999,2.063545872274451,573
1453258932,10.4451,2.4375616908062887,13764
1453418408,13.74768,2.69108578227916,11815
1454301132,8.960748545454546,2.298652223938618,10948
1454860340,9.185319767441861,2.3209474451056,11894
1455092633,6.484166530612245,2.0127896597158905,13194
1455861166,5.22887151849711,1.829195179714301,5260
1455937564,5.346534653465347,1.8479089400794106,10100
1456242584,9.634145331753555,2.3640700816949414,14598
1456794829,6.762280701754386,2.049276195878809,12428
1457537323,4.076663048780488,1.62465416558877,7541
1457818907,8.019054029634146,2.1993394538113913,1455
1458003478,2.64258,1.292692221783584,10742
1458189799,6.322235555555555,1.9909156851114036,6247
1458851619,8.079776842105263,2.206049615450532,9090
1459233683,9.707791578947369,2.3709716614181904,4057
1459515704,10.440455094339622,2.437155766134153,12930
1459593622,4.852801693548387,1.766920468571323,3841
1460113053,0.6800972438162544,0.5188516749639592,1631
1460300792,8.934861603974449,2.2960499457582344,12334
1460319950,10.474422857142857,2.4401204590079137,6355
1460651005,4.9706832287822875,1.7868613645384572,7876
1460808775,0.0,0.0,5079
1460993430,1.7184599999999999,1.000065543498897,14345
1461306137,6.181579846153847,1.971519393139406,7756
1461415795,5.976422,1.9425361778963097,12726
1461432390,4.5103721465968585,1.7066321611013011,5573
1461484880,0.0,0.0,14309
1461534783,6.472866,2.0112785935683317,7467
1461719559,12.51063829787234,2.6034773971826333,2025
1461998100,5.549418,1.8793761907374926,9417
1462063453,4.910888307308378,1.7767961259283611,9343
1462252216,7.944156630271085,2.191000428588461,5859
1462354395,8.028125,2.200344704672463,7620
1462619086,5.090877100149477,1.8067920943645377,8744
1463107107,7.037502857142856,2.084118445040235,7230
1463136395,8.265849745006605,2.226335571128748,5602
1463454602,8.633333333333333,2.265229306450277,1267
1463848310,9.697024285714287,2.3699655986508814,1499
1463871220,9.269269090909091,2.3291558520708175,11742
1463919213,3.6313823767455116,1.5328553930266131,3926
1464353566,6.037832432432433,1.9513002296407398,7759
1464579120,0.0,0.0,6044
1464918422,11.579766410869565,2.5320896828065442,11148
1465027588,7.267095,2.1122831776766304,1333
1466006277,10.570673920704847,2.448473786761211,14035
1466047800,3.3957153000000004,1.480630271022842,3331
1466238375,6.6465116279069765,2.0342495474884625,650
1466379493,6.678242926829268,2.038390735415064,5153
1466968198,6.0875,1.9583326690538705,4639
1466998970,8.983333333333333,2.3009170358933484,3742
1467020165,7.305743243243243,2.1169472325279335,13186
1467212461,12.244047252413793,2.5835481875141677,11274
1467312514,2.7948305086092713,1.333639748087189,12073
1467810760,8.476991150442478,2.2488668766944886,14036
1468555586,12.724597173913043,2.619189637158909,11117
1470062824,4.358687315473684,1.678719041259334,11067
1470819731,7.138808327002968,2.096643772123254,12515
1470975251,9.721539003181336,2.372254709067972,8882
1471849088,0.4837830129151292,0.3945949163421598,3937
1471866581,0.0,0.0,11728
1472987360,8.660408857142857,2.2680359720847485,100
1473144393,7.5561271875,2.146647656408877,11666
1473576976,6.415,2.0035049755898955,5
1473759284,3.49,1.501852701754163,8357
1473850784,8.582672773109245,2.259956548176221,5247
1474602081,9.444412244680851,2.3460671219729434,4150
1474747570,7.420171280487805,2.1306301701480272,10596
1474834696,7.0083386163522015,2.0804833258782103,5656
1475258725,3.96387,1.6021856784418196,4731
1475420454,10.23328314065336,2.4188810804891285,3789
1475540010,5.945805,1.9381378802163196,13245
1475727915,3.573846153846154,1.520354460108415,9427
1476344634,12.545454545454545,2.6060510331470885,6882
1476610174,6.6676248000000005,2.037006893365495,8397
1476645791,7.6546521739130435,2.1580969999422868,9586
1476782954,5.615095414012739,1.889354221349931,12274
1476810588,5.330240842105263,1.8453382831582383,10009
1476927074,3.7620817843866172,1.560684922294895,3478
1477378677,6.032100687022901,1.950485478685218,281
1477650976,9.158353235294117,2.3182963458731014,4815
1477881004,7.24821942857143,2.1099973502127987,5127
1477887649,1.993653923076923,1.0964946891617116,8172
1478315011,6.9935064935064934,2.0786295237708243,8761
1479123574,0.7331538461538462,0.549942781261712,3931
1479192380,12.778292307692308,2.6230943324846647,5461
1479614727,10.0,2.3978952727983707,3770
1479662699,9.439077391304348,2.3455562060689887,10560
1479797326,58.216024968152865,4.081192197289092,12156
1480499028,0.57282,0.4528701865048898,3583
1480532239,7.845238095238095,2.1798792458744454,3777
1480959529,8.394016153846154,2.2400729071952084,4353
1481753142,2.8508810769230775,1.3483019732661146,7657
1482104188,7.6729067497006,2.1602039998516664,3367
1482170227,0.0,0.0,3600
1483106028,11.923069285714286,2.559014030955153,11739
1483249681,7.793786357046979,2.1740453762910037,2732
1483560169,5.09935359375,1.8081827973265303,9727
1483768763,7.9871161919040485,2.1957920174792784,424
1484473835,6.408942608695652,2.0026877312438556,8094
1484721425,11.574500400000002,2.5316709855742943,1448
1484931657,7.490990531107738,2.1390056638485135,7662
1485139013,7.62962962962963,2.1552015875613715,12375
1485194081,0.0,0.0,7791
1485299097,8.330293333333334,2.2332664541649607,10689
1485512070,9.481481481481481,2.3496100316389086,3377
1485895057,9.847142857142858,2.3839017141698293,13372
1486382057,5.2898550724637685,1.8389380295031454,11413
1486406161,5.542956764295676,1.8783891679329672,7639
1487586990,9.341911764705882,2.3362047421938597,8178
1487807930,2.2646519368254805,1.1831531527043941,4311
1488559025,5.319042857142857,1.843567750034952,3160
1488687004,4.64935064935065,1.7315406092350003,1748
1488843471,6.678910565656565,2.038477683667297,13105
1488897006,7.744526400000001,2.1684279503430917,7869
1489270987,6.758823529411765,2.048830715667053,13767
1489957479,7.585106382978723,2.150028885999945,13063
1490051577,3.3388552921348316,1.4676105557495478,11196
1490301580,6.522834645669291,2.0179430144972703,5844
1490369882,4.109360869565218,1.631074321944075,7131
1490545871,5.887096774193548,1.929649628183533,12429
1490686129,15.05771643663739,2.776189508909191,1889
1490835903,0.0,0.0,10258
1491153025,10.511340206185567,2.443332654372877,5597
1491347192,10.62953995157385,2.4535484087037918,4455
1491697346,6.421052631578948,2.0043209112117277,14493
1491838666,1.0,0.6931471805599453,4438
1491933032,14.659182924675326,2.7510575132547865,2656
1491982568,6.458372963855423,2.009337289068246,10184
1492017173,3.8088583240223466,1.5704597012714825,10981
1492750354,16.617466174661747,2.8688908062320544,1810
1493270988,5.72559,1.9059196539816534,206
1493405492,0.0,0.0,1693
1493408515,5.783634193548386,1.9145129750941914,3084
1493429576,9.078740157480315,2.3104282704550716,12486
1493568000,2.4709882352941177,1.2444393474455322,1116
1493689486,3.0874998,1.4079334872937068,11507
1493797158,5.181818181818182,1.821612432377736,1017
1493828790,5.292783505154639,1.8394035014668644,529
1493947592,6.780390243902439,2.0516064968169676,9714
1494197909,9.364705882352942,2.338406369445863,4416
1494842666,6.160956270967742,1.9686435294522884,14286
1494884510,1.13293889135255,0.7575007899238961,3728
1495360075,9.946236559139784,2.392995703957212,11234
1495479381,14.718983478260869,2.7548691206774696,6061
1495941780,6.433665923076924,2.006019131811857,7694
1496005899,6.6314930769230775,2.03228351120144,7098
1496815741,1.0,0.6931471805599453,2788
1497393978,0.0,0.0,12253
1497455056,4.817203125,1.7608195835213012,10265
1497719266,4.469069117647059,1.6991084223624975,11181
1497725482,4.731099238514442,1.7459073515101415,13934
1497842328,1.3314277749360615,0.8464808588477726,7698
1497960791,3.9746693877551023,1.6043589136797507,1946
1498242719,5.451581794871795,1.8643253402563937,10808
1498471296,4.0,1.6094379124341003,10469
1498779546,6.544994651162791,2.020884383294815,1747
1498844972,9.420325810714287,2.343758303659261,1687
1499215907,12.710551356968217,2.61816570844526,6520
1499554431,8.944444444444445,2.2970140479445904,11251
1499649839,11.848049023255813,2.553191972830362,9985
1500114240,7.367394957983193,2.1243426004521777,12481
1500180542,4.426988818181819,1.6913844346740998,12807
1500501876,4.545726881118881,1.7130276998790606,10023
1500834717,3.008577933333333,1.3884365483309185,12299
1501052944,9.884745,2.387362267678063,7449
1501222638,13.747679999999999,2.6910857822791594,9955
1501241762,8.382581976439791,2.2388549891527165,3846
1501580396,10.979638774468086,2.483208439851082,8800
1501603629,9.704970414201185,2.370708158301366,4480
1501623838,2.735294117647059,1.3178265618424299,13453
1502131207,10.205189078498295,2.4163769815860463,6024
1502640507,3.3129514925373136,1.461622470799148,13845
1502721662,8.374534595375723,2.2379969274642892,6321
1504110257,10.592592592592593,2.4503663245358243,11717
1504369468,9.99,2.39698576841553,10435
1504533606,0.6231521739130436,0.48437004502013703,10558
1504676104,7.00473,2.0800326169604197,1001
1505410268,6.255482343750001,1.9817573684473246,7076
1505880040,5.931623931623932,1.9360941193176568,11849
1506361479,11.783981007317074,2.548192903362386,7488
1506538948,4.166666666666667,1.6422277352570913,13391
1507265221,2.7865667307692306,1.331459732754423,1194
1507707265,5.257142857142857,1.8337236683270872,8501
1508160324,4.282051282051282,1.6643145226599347,5930
1508258915,0.9226249137931035,0.6536913949517131,6065
1508993081,9.24503355704698,2.3267930571415243,11898
1510177965,0.0,0.0,14224
1510271961,11.56799434137931,2.531153450712871,12324
1510324533,1.9938542307692306,1.096561597694355,6642
1511317364,6.283108108108108,1.9855577090234675,10901
1512115574,4.995637583892617,1.791032135433717,1501
1512140387,5.770173879310344,1.912526770392048,12616
1512438129,5.25,1.8325814637483102,13841
1512438448,5.090909090909091,1.8067973465925955,13995
1512633581,2.900899617977528,1.3612071978113618,13316
1512652107,6.164383561643835,1.9691220229165318,7126
1513272782,7.536163125,2.1443116240558417,6237
1513311409,8.740559294117647,2.27629853839985,8836
1513371476,7.584926896551725,2.1500079790600357,6417
1514276173,5.781786387096774,1.9142405461706566,608
1514466563,9.391304347826088,2.340969336002361,12453
1514478080,3.3949132,1.4804477812265262,2976
1514821204,9.598326359832637,2.360696098070165,9894
1514957646,4.0,1.6094379124341003,12260
1515316157,8.716206896551725,2.2737953053298074,11392
1516169105,1.0411764705882354,0.7135263428965973,11800
1516347551,6.630069444444445,2.0320969467548746,3729
1516521518,7.44666,2.133771096958589,8354
1516729353,8.673387755102041,2.2693785847302776,13236
1517514058,2.1801285,1.1569216047807032,12487
1517620835,4.699871152258065,1.7404435697180045,1597
1517761912,2.4727272727272727,1.244940242814159,6189
1517911961,4.709026753246753,1.7420485631240152,14599
1518230636,10.178752098765433,2.4140148424242214,10561
1518338168,8.557395981958763,2.2573153031348836,55
1518385203,5.695436734375,1.9014262099319172,6532
1518586749,0.0,0.0,8711
1519662928,5.031527027027027,1.7970002169926247,6416
1520005157,1.3007861843906892,0.8332508838284959,12793
1520795076,1.32129,0.8421230656310843,14362
1521167531,6.8623836,2.062089817465462,5126
1521301122,4.340166694736842,1.6752568687277412,6325
1521435873,7.906614785992218,2.186794235057347,7974
1521502673,12.486486486486486,2.601688183107294,8544
1521572608,1321.2767871,7.187110368466541,10410
1521762233,5.499853118181818,1.8717795794434735,7410
1522324846,10.742857142857142,2.4632451530068207,9792
1522365343,7.12257890625,2.0946477030414794,13197
1523004671,3.595183670103092,1.5250087267396164,6137
1523173036,8.01948,2.1993866827453203,8176
1523292576,10.64019296137339,2.454464019603464,2929
1523389307,7.299363428571428,2.1161788165084734,2170
1523502972,8.801874761825728,2.2825736696077037,9124
1523738034,5.3224525,1.8441071866828322,11611
1523938180,8.723818181818181,2.274578358399409,13185
1523942412,7.929163526752072,2.1893227204845322,462
1523998671,1.6285714285714286,0.9664405155596266,10951
1524544967,10.408031320754718,2.4343176091761234,6230
1525058131,4.173913043478261,1.6436292771823797,1154
1525104190,3.567483,1.5189622873145487,7243
1525789595,11.664698181818181,2.538818452282839,5970
1525835046,5.5305424285714295,1.8764900070010007,11566
1526639844,0.0,0.0,5152
1526742106,10.0,2.3978952727983707,7013
1526994479,9.076206896551724,2.310176891879366,2502
1527032717,7.204313076923077,2.1046600009792087,4991
1527095939,4.929292929292929,1.7799049696935065,3938
1527225095,6.5652358671586715,2.023563525493026,3086
1527678428,9.605750769230768,2.3613963794034523,670
1528026258,6.464297420689656,2.0101313101104363,9688
1528097798,8.527287581699346,2.254160058235188,12340
1528242297,7.440988514851486,2.1330994243622836,3710
1528694142,4.848843891891892,1.7662440163956836,631
1528749326,7.427775824175824,2.1315328966531855,10628
1528764046,4.714602954545454,1.7430248205630634,2552
1529008218,8.528571428571428,2.254294803866265,9215
1529143240,4.7817510395575225,1.754706584825133,10944
1529258310,8.363567048275861,2.23682631279255,3802
1529438413,11.325342857142857,2.511657537565601,11051
1529444799,11.709713733333333,2.542366561999907,13886
1530190124,0.0,0.0,10205
1530205371,5.384442739726028,1.8538642092036501,2330
1530254279,4.285714285714286,1.6650077635889111,9602
1530293675,1.32129,0.8421230656310843,12533
1530565494,4.916705,1.777779706105567,2169
1530568203,2.0,1.0986122886681098,3440
1531441616,5.70757848,1.903238003584639,13001
1531612140,3.1701247454545456,1.4279459503403753,1319
1531624752,4.66515018,1.734333404278626,7115
1531733034,9.0,2.302585092994046,11451
1531824195,4.661587982832619,1.7337044152027572,8368
1532331016,6.429650314814815,2.0054787936671876,461
1532553626,6.225681717391304,1.9776415848955875,12083
1532733274,5.0,1.791759469228055,4502
1532828120,4.2159552,1.6517222356304113,2951
1533096991,13.0865929340625,2.6452234892937856,6037
1533657432,5.923268026829268,1.934887916363087,7561
1533720049,0.0,0.0,6254
1534269872,3.388888888888889,1.479076094570857,2935
1534456389,5.465210355987055,1.8664355493568268,13047
1534996378,1.9804669000000001,1.0920799660969693,5509
1535024235,5.894548060344828,1.930730963099183,3245
1535060022,4.4102517567567565,1.6882956272205218,4600
1535349860,2.770052318181818,1.3270888788654363,2277
1535684165,14.834266391752577,2.762176350641607,5342
1536021890,11.226763975384616,2.5036273174167785,9802
1536177849,1.5,0.9162907318741551,6347
1536188320,4.613404153846154,1.72515733654739,10926
1536293862,6.465003764705882,2.0102259353052774,14130
1536441058,4.639842,1.7298560509331657,6837
1537294519,5.018691588785047,1.7948698916424475,7506
1537392391,5.406857763157895,1.8573689421853732,7332
1537603615,9.450843537414967,2.3466826964367615,13693
1538196325,7.305956470588235,2.116972904475859,380
1538319208,1.987334693877551,1.0943815831334363,11344
1538611159,8.69430904109589,2.271539016541189,10064
1539590669,7.974768966101696,2.1944171921044835,8562
1541215286,7.876712328767123,2.1834312552038835,2257
1541452553,9.0,2.302585092994046,5903
1541683043,8.004106776180699,2.197680781723694,6423
1541751181,4.88,1.7715567619105355,7587
1541882965,5.396504662921348,1.8557516947548085,7921
1542041516,9.274476545454545,2.3296628146032745,5513
1542058926,11.789270386266095,2.5486065683237196,13202
1542103307,15.85548,2.8246758264769087,3774
1542666323,11.8783971,2.5555512641740545,6546
1543397967,8.352655737704918,2.235660339088147,11235
1543553670,9.086110344827587,2.3111592639900462,7689
1543814001,4.920666206896552,1.7784489775130738,6910
1543815630,11.694928123076924,2.5412025533113045,7616
1543964756,10.965411428571429,2.482020106775957,930
1544151355,9.902543448275862,2.388996105893169,11114
1544213170,4.00974,1.6113840175425338,9490
1544576953,10.756579267741937,2.4644130215637245,10935
1544709413,9.656108571428572,2.366133302506317,11565
1544717459,0.0,0.0,514
1544781933,7.626269399999999,2.154812128899573,51
1544790304,6.930480642857144,2.070713644510777,3786
1545038179,12.31940784772118,2.589222208247263,12060
1545039271,5.100300619266056,1.8083380518118497,12534
1545089640,1.938928044094488,1.0780449040116769,5821
1545604403,8.73542600896861,2.275771398418173,1463
1545992000,24.643685478668058,3.24429736114058,13588
1546772283,9.419426048565121,2.343671953096567,10875
1547016597,4.926252,1.779391972715678,2923
1547140013,1.8338658146964857,1.0416417917694263,14113
1547207149,7.333486417113402,2.120281906084972,220
1547441032,0.0,0.0,2177
1548053142,7.864663783783783,2.1820730125558283,12183
1548265670,4.862788489208633,1.7686253418083375,4664
1548738232,1.25609693877551,0.8136363020280436,10818
1548929064,1.7454936315789475,1.0099608881489417,8350
1549385965,5.545939090909091,1.878844871255542,7515
1549600261,2.8752073130193905,1.3545991615082655,684
1549615023,11.404494382022472,2.5180588571049007,7405
1549828533,7.0,2.0794415416798357,191
1550285203,7.057346978571429,2.0865843433476523,13863
1550476181,7.136969035916824,2.096417756363397,11370
1551199253,14.408352857142859,2.7349097556984585,12347
1551489712,0.0,0.0,10363
1551902623,4.835124122293874,1.7638955375420713,4537
1552003690,4.914201183431953,1.7773564390173813,5822
1552138181,0.7594112500000001,0.5649792360412983,7415
1552141785,1.6652250712250714,0.9802885085451881,8964
1552233634,10.676536626506024,2.457581411725577,6099
1552403741,6.723630136986301,2.0442844785137813,8886
1552525915,8.725379393939393,2.2747389009738246,4844
1552743226,17.710208452941178,2.9290692814821484,14070
1552908824,14.850949841153847,2.7632294254144236,242
1552981162,9.85368813559322,2.3845049425578138,3273
1553005535,10.08235294117647,2.4053540180860464,14128
1553310973,10.985270578512397,2.483678444061408,4236
1553317150,4.8994478288135594,1.7748587581953272,7107
1553568121,4.193659565217391,1.6474385672375147,1965
1553569048,9.656108571428572,2.366133302506317,2376
1553618166,8.059766081871345,2.2038433009435803,9733
1554748337,6.778634459833794,2.0513808034834162,2198
1554803755,3.8469387755102042,1.5783473253640694,12359
1555221822,11.325469714285713,2.5116678298951127,8896
1555292254,3.238011115879828,1.4440940827496587,11011
1555644298,8.85897435897436,2.2883821428160522,7389
1555767115,14.428571428571429,2.7362210780689065,3581
1555823849,5.055530642201834,1.8009720101927087,14259
1556163789,0.0,0.0,5143
1556273873,8.419354838709678,2.2427665977831355,10392
1557057053,4.813828717948717,1.7602393414255832,8992
1557153398,7.785412621359224,2.1730926893874214,8153
1557256284,5.493218364963504,1.87075830378843,10126
1557648444,9.096774193548388,2.312215986055007,9651
1557700971,20.56078039402174,3.0708759417689206,3820
1557748244,9.12931875,2.3154340652587844,10301
1557846610,6.83791686131387,2.0589730925910317,10325
1558661126,9.8983296,2.3886095297850463,8329
1558802679,4.428576129032258,1.691676876545061,12888
1559084979,5.038095238095239,1.7980886042797026,7407
1559702551,15.72496890612245,2.816902746886851,5050
1560012315,5.300412844036697,1.8406151620499136,11649
1560294574,6.975521955223881,2.0763770954601144,6106
1560402934,1.3874721267326733,0.8702351186376556,10515
1560805338,8.148087329032258,2.213544822358111,14628
1561065058,5.585770274344287,1.8849113024384838,13482
1561279477,8.841691020408163,2.286627547966852,6968
1561296439,8.938221353513514,2.2963880663788006,14426
1561550194,8.551724137931034,2.2567216762008644,10670
1561966221,7.582620702702703,2.149739310067035,6330
1562140809,10.764705882352942,2.4651040224918206,11029
1562463541,6.972689075630252,2.0760218355983104,8893
1562604445,1.75070925,1.0118587875165568,13196
1562863959,6.709091986956522,2.0424004098169504,12051
1562912171,8.688895070149254,2.2709803915526314,4303
1563217199,6.244736842105263,1.9802752524221758,8892
1563376989,7.8197812844036685,2.176997072024573,7133
1563410401,7.945002020833333,2.1910949428783018,7430
1563562821,5.405405405405405,1.8571422284909067,2145
1563581557,6.468471337579618,2.010690337986141,10563
1564437555,3.6037735849056602,1.52687631174108,12367
1566321920,9.505154639175258,2.351866054719342,5173
1567081048,2.500952380952381,1.2530350403240087,7665
1567123687,7.988053333333333,2.195896288143187,11993
1567264502,1.698891333333333,0.992841071399971,1669
1567928548,9.931627338129497,2.39166017840039,5639
1568151499,8.298904390243903,2.229896585718706,2703
1568352790,4.8574395514285715,1.7677125714880184,4809
1568592541,2.759562841530055,1.3243026850919228,9482
1569114781,11.456400000000002,2.522234547053978,8618
1569590138,8.301363202247192,2.230160970304077,1259
1569767387,10.582213029989658,2.4494705618298918,7426
1569786413,4.098159509202454,1.628879594048686,1129
1569809154,17.1846,2.90057508204636,11308
1570020913,2.1515151515151514,1.1478833376748925,3454
1570605380,2.7931654676258995,1.3332008862281923,1032
1570700357,11.276739808092485,2.507706399530483,14176
1570973507,0.8151491764705883,0.5961676552322138,4490
1571449033,6.04359,1.9521179833749303,11970
1571639954,7.952739174219538,2.191959538447526,9480
1571826749,6.377655194805195,1.998455863846189,5071
1571981061,6.383507879256967,1.9992488480750197,806
1572282565,6.12962962962963,1.9642592877235099,3746
1572522510,9.785036101083032,2.3781596271774768,8563
1573348476,3.0,1.3862943611198906,11496
1573398018,95.47845843234138,4.56931975474531,4336
1573554800,4.3569935751295334,1.678402917556968,1164
1573698022,9.8683846875,2.3858580872847392,6726
1573747828,11.921875,2.5589216116640197,14200
1573749963,10.07719298245614,2.404888308289341,541
1573825659,11.030115348837208,2.4874131183726393,5105
1573893469,3.0,1.3862943611198906,6181
1573940119,8.242578315789475,2.223820885234944,12296
1574181645,14.0,2.70805020110221,3091
1574345970,2.8125,1.33828514193353,3300
1574515840,3.0866200819672134,1.4077182425826222,6086
1575044689,3.2937149999999997,1.4571523255724759,8133
1575072741,7.877060383561645,2.18347046431174,6007
1575097490,10.819245283018867,2.469729159094973,2303
1575400034,5.7767599999999995,1.913499111626933,5818
1575406950,7.695744680851064,2.162833788860173,8913
1575429261,2.101263616744186,1.1318096467419043,4173
1575525098,5.994084371750433,1.9450647020157237,3075
1575837149,4.787128712871287,1.7556362640708636,10714
1576669804,5.354959819004526,1.8492355818841393,2065
1576832739,6.935083333333334,2.071293855918606,1661
1577576253,0.0,0.0,11777
1578475287,9.289826839826839,2.3311557216991994,3557
1578511096,4.036144578313253,1.6166408247281583,4915
1578823140,6.245941153846153,1.9804414712483756,12554
1578929024,7.717995789473684,2.165389370846789,1262
1578953660,8.908831908831909,2.2934264714483623,12306
1579410432,2.483268854088785,1.2479711787834749,11427
1579457295,6.626989392265193,2.0316931923676025,3092
1580496942,10.789036893203884,2.467170022765089,13703
1581113627,3.8084241176470592,1.570369404167656,11098
1581303341,10.726452691457286,2.4618472035837473,8119
1581329543,8.72707001908397,2.2749127222868055,5113
1581461772,5.340689370103092,1.8469874959928274,5659
1582097486,17.05356896153846,2.893343391634624,11469
1582352890,4.7735,1.7532784824097736,8558
1582467561,6.32258064516129,1.9909628129962564,1106
1583493439,7.35454517571885,2.1228057231890305,5684
1583680833,5.44179,1.86280645180579,1473
1583967099,4.574803149606299,1.7182570072351284,12282
1584241760,11.89161,2.556576712176964,3242
1584305951,9.001685373539928,2.302753616147214,2629
1584435131,10.381111111111112,2.431955061112224,1764
1584773791,9.106149,2.3131440504776335,6800
1584898238,4.4085320648044695,1.6879777186653395,3744
1584916373,3.9310344827586206,1.5955488002734333,11802
1584984604,6.434678,2.006155270299086,13020
1585367763,10.333333333333334,2.4277482359480516,8635
1585728980,11.445693084112149,2.5213746260415983,8960
1585759899,9.846516828396323,2.3838439988045304,8167
1585858355,7.632319987138263,2.1555132971411286,8242
1585861792,12.553250163974592,2.60662638306279,9696
1586014061,3.8578941559322035,1.5806050427617724,4509
1586147993,44.857142857142854,3.8255309740747023,5849
1586321857,9.214285714285714,2.3237873006446486,10259
1586620296,4.578409751294118,1.7189037449681164,11799
1586798985,9.0,2.302585092994046,3832
1587713021,4.726152692307693,1.7450438728079256,2231
1587752974,0.0,0.0,5551
1588253112,10.282083153942429,2.4232159057872034,9372
1589489230,8.826086956521738,2.285040783343136,5347
1590212676,0.9355026455026455,0.6603670578662749,6538
1590567841,5.668947368421053,1.8974620316443764,4066
1590911528,4.8344370860927155,1.7637777891212552,11216
1590936978,8.61864406779661,2.2637033054498383,8058
1591700784,4.205846762223711,1.6497823712993045,12473
1591758949,7.312285700325734,2.11773462523771,9222
1591815253,152.64583333333334,5.03465017030013,5083
1591883201,2.060400310810811,1.1185457279344393,6227
1593165674,7.705035971223022,2.1639017054600953,8262
1593320372,6.8738399999999995,2.063545872274451,4071
1593458605,12.600012469879518,2.6100707096444915,7404
1594475763,9.792797461714287,2.3788790099591988,7981
1595144114,6.360665304518664,1.996150323291124,13639
1597446997,9.228279816513762,2.325156414946171,3125
1598101694,6.53231095,2.019201893798301,2824
1599069720,3.3032250000000003,1.4593647415900628,10744
1599169717,59.090314117647054,4.095848665785112,11524
1599236066,1.4318181818181819,0.888639200543645,11847
1599828679,6.2142290909090905,1.9760553384103203,13099
1600585461,0.33685882352941177,0.2903227005695711,14513
1600812879,3.4185757142857143,1.4858174075732993,13594
1601315551,9.81225,2.380679750603411,3978
1601512585,2.590538336052202,1.2783021455902501,4170
1601656854,8.761638733705773,2.278460289374487,10096
1601833766,11.040645623175386,2.488288061630328,1233
1602374025,3.503998052173913,1.5049654583714682,8506
1602446890,6.654493500000001,2.0352928610159498,11655
1603939488,8.537500581141439,2.2552314575428345,5121
1604074814,5.062956204379562,1.802197503639385,7123
1604326649,2.6315789473684212,1.289667525430819,2365
1604406789,4.277987414634146,1.6635448535830537,8982
1604500760,0.6307053941908713,0.48901267837860624,7101
1604532502,3.4369199999999998,1.4899604420336403,6628
1605053066,18.632279534109816,2.9771751265647115,4865
1605181018,4.598471666666667,1.7224936438259062,3471
1605258773,11.89161,2.556576712176964,8989
1605473540,8.267901893617022,2.22655702101745,2370
1605820222,10.261795431472082,2.421416062173762,10885
1606902089,1.5650446871896724,0.9419759003772783,11120
1607549644,6.021119318181818,1.9489226523618395,7718
1608149254,5.7609325714285715,1.911160834893385,12010
1608333983,9.184108508287293,2.320828515979107,6799
1608440369,9.91571172413793,2.390203193935446,10314
1608682933,54.64055299539171,4.018912305815912,1521
1610243057,11.346937678125,2.513408071041079,10511
1611350873,7.0797435897435905,2.089360138086847,7784
1611484304,9.619469026548673,2.3626890170637513,8817
1611639222,5.0,1.791759469228055,4768
1611701175,6.703672845154639,2.0416972080119242,3162
1611738346,3.121558431372549,1.4162313518810217,5156
1611846959,3.927834818181818,1.5948997066316628,9760
1611934202,6.844713559322034,2.0598398730036793,4801
1612059083,14.811875,2.7607612400148787,2000
1612668918,5.741521395348838,1.9082856257647485,10967
1612942250,9.83980907027027,2.3832253824126797,1281
1613160099,4.0355876703020135,1.6165302364007366,10810
1613422471,5.407045180327868,1.8573981943454392,10909
1613706735,4.348388301886792,1.6767952635386438,6252
1614469854,6.943513775510205,2.072355718362905,10395
1614490884,5.824820240963856,1.9205660024038496,5179
1614610234,6.556115142857143,2.022357188122567,14550
1614629826,6.70828125,2.0422952379507953,8737
1614970252,0.0,0.0,14340
1615608437,6.0,1.9459101490553132,6784
1615736586,1.992951709686637,1.0962600943223042,5442
1615781518,8.512104340206186,2.252565128651929,10797
1615910790,7.165653962264151,2.099936816572647,10033
1615933898,6.929432000000001,2.070581406347518,5743
1616117866,2.685909090909091,1.30451719559815,50
1616135264,5.393523590143219,1.8552855389695158,7926
1616174572,5.2353626381909555,1.8302367391393033,10719
1616680620,5.615978260869565,1.8894876718740277,2562
1616994859,6.968520991735536,2.075498903653736,11218
1617647506,9.036989647727273,2.3062772334200794,10038
1618062103,11.811539826,2.550346313680698,4937
1618131718,4.40859872611465,1.6879900438024706,6858
1618396696,10.076363636363636,2.404813435788536,8115
1618836588,4.229502,1.6543160536578532,14194
1618931247,3.11741859375,1.415226412078828,12594
1618994159,6.565702344827586,2.0236251842827886,11417
1619329326,8.382731707317074,2.2388709474127073,135
1619751349,3.7890358235294115,1.5663291017103211,12979
1620544953,12.855453456221198,2.628678906485338,1525
1620989676,6.8241520467836265,2.057215365926056,9953
1621039551,1.35,0.8544153281560676,2942
1621495190,8.520435967302452,2.253440642639432,1516
1621577849,0.0,0.0,9231
1621732551,6.873668188736682,2.0635240515189044,5138
1622024493,8.681185862068965,2.2701844001972713,3793
1622035646,6.448170468750001,2.007968427568643,8846
1622059306,5.313574838709678,1.8427020515856962,4710
1622182158,9.729825,2.373027247096746,1003
1622284083,4.638340413793104,1.729589769335533,2638
1622510883,2.488936170212766,1.249596867457973,1458
1622546602,4.44066988359375,1.6939021936531968,2814
1622905332,5.9422500000000005,1.937625929467616,2018
1624024514,5.296000072202165,1.8399145225830444,4316
1624356472,5.751543336164384,1.9097711211444732,6319
1624781171,0.0,0.0,5709
1624804810,4.825722905982905,1.762283095782896,1532
1625033983,4.448902,1.695414120487863,1442
1625078598,7.383628318584071,2.1262807943660307,6890
1625359703,8.802463251692307,2.2826337063063518,613
1626407001,9.992607929515419,2.3972230404931665,41
1626417930,9.36637906173913,2.3385677868916295,4928
1626498290,12.661341557692307,2.614570059985908,11550
1626652727,64.36833164356436,4.180037915554489,7463
1626804132,10.08,2.405141681319138,1755
1626833107,5.318681318681318,1.8435105342805003,95
1627356919,3.7401856249999996,1.5560762963326027,14515
1627759129,9.99,2.39698576841553,3891
1627819595,12.387093750000002,2.5942910898419123,1585
1627903460,4.609756097560975,1.7245072422188874,9847
1627937387,4.0,1.6094379124341003,10333
1627984856,1.568985939914163,0.9435112451326853,2216
1628215488,1.8018867924528301,1.0302930446906324,2826
1628314212,9.477317554240631,2.3492126875650867,3013
1628602585,6.435073437869822,2.006208457182749,96
1628930086,10.31094060923077,2.4257704528264825,15
1629498920,2.49415375,1.251091214750586,5323
1629510825,6.567532042105263,2.023866996077916,10592
1629867147,5.012520072289157,1.793843973852778,8813
1630297508,0.0,0.0,10694
1630403811,7.808510638297872,2.1757183721152558,14252
1630465376,8.968020645161289,2.2993820331867414,12494
1630727699,7.5689627528089884,2.148146692940341,12577
1630744854,6.069141682070241,1.9557390697196435,5666
1630746853,4.792573815789474,1.756576720581908,6608
1631997486,6.0,1.9459101490553132,9001
1632325021,7.146611428571428,2.0976020651587084,8933
1632806486,4.427194599118943,1.6914223520243485,4378
1633615135,6.7936507936507935,2.053309401402988,14281
1633912671,4.962616822429907,1.7855094488828838,853
1635048735,8.648526077097506,2.2668051655606285,10638
1635148994,11.145185185185186,2.496932810191753,11529
1635380321,2.3201219512195124,1.2000015145488168,12395
1635390139,8.865714585561498,2.2890655732993865,2091
1635501020,7.612476315789473,2.1532118863550926,7862
1635643461,9.349900645161291,2.3369769201639783,12814
1635935551,6.606450000000001,2.028996571573997,11572
1636055424,3.4144564705882354,1.4848847167577608,6675
1636070014,9.787812126605504,2.378416990091126,13076
1636731963,12.309714916224817,2.588494213411656,1359
1637082915,8.927576601671309,2.295316400102421,11765
1638108220,4.510329444444445,1.7066244116577542,1360
1638510169,7.409813740540541,2.1293993263603537,5352
1638830681,7.794705882352941,2.1741499361696204,2055
1639136759,3.988562091503268,1.6071477102225518,7209
1639163571,10.391691755769232,2.4328842963478965,4433
1639502882,7.449531680440771,2.1341110174001576,9636
1639508654,5.7282,1.9063076487448751,12193
1639601161,7.993717939896373,2.1965263269379585,9622
1639739174,5.7282,1.9063076487448751,12693
1639754731,9.75041236607143,2.3749441134725116,5028
1639952451,5.788732394366197,1.915264237009285,5571
1640414319,4.03510233615222,1.6164338509197302,7021
1640721471,9.249030000000001,2.3271830669599827,12371
1641122691,5.878637575757576,1.9284206055559387,1263
1641160100,6.325925217391304,1.9914194564682275,3386
1641271029,2.8641,1.3517287959325766,9074
1641405758,2.269461077844311,1.18462516332815,10650
1641417168,21.579043676112565,3.1170222051280945,1093
1642278496,4.78836851930502,1.755850476283714,5354
1642877149,6.511133059701494,2.0163863278580365,9280
1643089410,11.263636363636364,2.5066384904153396,1558
1643544361,13.93170814479638,2.703487015240932,14540
1643895124,9.707165109034268,2.370913153719818,10217
1644039960,6.584649320388349,2.0261263784275965,1676
1644051462,9.628048780487806,2.3634966176958225,6976
1644265011,12.766428571428573,2.622232916095702,14425
1645020526,9.99,2.39698576841553,627
1645326197,11.60847642857143,2.5343693202007125,5485
1646083602,10.177301728045327,2.4138850904802176,7221
1646540132,8.0,2.1972245773362196,6184
1647459803,5.793475827067669,1.915962714431658,7197
1647704920,3.986550140749698,1.606744316108479,14082
1648033127,2.6843049473684215,1.304081891125941,14326
1648163240,0.048557353976073185,0.047415270842404086,13875
1648742471,9.397212056074768,2.341537698678459,9204
1649268330,7.36789137164751,2.1244019258386317,9904
1649534217,0.0,0.0,11559
1649990688,10.282051282051283,2.4232130807826606,10542
1650040896,8.457385496183207,2.2467959702546314,3685
1650739123,10.006449375,2.3984814078058623,8298
1650801965,8.881678832116789,2.2906824196036486,7113
1651863543,8.428129285634329,2.2436976979236825,12780
1652022360,25.745076666666666,3.286350406558528,10554
1652258384,6.717616363636364,2.043505555173136,13475
1652293411,6.356454193548387,1.9955780494727648,14537
1652322540,9.560773480662984,2.357146521870642,12881
1652428806,7.0500923076923065,2.085683558158804,1800
1652498431,9.0,2.302585092994046,3655
1652569794,5.015357333333333,1.7943157547000745,6351
1652783062,8.221711220095694,2.2215606190560533,13658
1653007278,8.33777120315582,2.2340675945518313,11387
1653486203,5.394922909090909,1.855504380085731,5836
1653506144,5.358573797678275,1.849804106557146,44
1653693091,8.291524811914893,2.2291026741165187,10357
1654424226,6.786666666666667,2.0524128692919166,298
1654563680,3.7818181818181817,1.5648208469452936,4036
1654624589,9.809548872180452,2.3804298983270518,1944
1654625752,9.083288571428572,2.3108794566017212,2456
1654751909,16.357235696202533,2.8540094624633947,299
1655029636,1.5238095238095237,0.9257694758286988,7386
1655751422,0.797845611975345,0.5865890658306206,7741
1656641224,3.428240909090909,1.4880024192135348,9938
1656749898,5.105263157894737,1.8091512119399242,14563
1656785722,0.016666666666666666,0.016529301951210506,1244
1656816568,5.147368531468532,1.8160241091891767,421
1657131033,9.902121212121212,2.3889573769183117,9183
1657181871,5.75,1.9095425048844386,2565
1657304839,5.199443076923076,1.8244594617136922,13561
1657840839,2.298301664516129,1.1934076888798286,4204
1657966028,7.389377999999999,2.126966381854872,1533
1658005647,7.514445497630333,2.1417641913401093,4641
1658444450,7.174237675000001,2.1009874616706683,10356
1658502278,6.003704224719102,1.9464391840514905,7031
1658649316,5.2747175,1.836528464084102,14023
1659700786,5.518846153846154,1.8746973900084811,707
1659726537,9.31578947368421,2.333675680064077,12202
1659770890,7.405572282527882,2.1288948528862637,2730
1659907718,7.477904727272727,2.1374633352254917,5374
1659995549,6.583470414746543,2.0259709332353424,646
1659998487,7.635866840101523,2.155924093369896,1928
1660360713,5.6041275797373356,1.8876948444262982,2729
1661016572,4.758656873032529,1.750704265751519,2972
1661635565,5.891862857142857,1.9303414196201734,1320
1661654530,6.989999999999999,2.0781907597781832,9859
1661891875,11.265735789473686,2.5068096668995437,13339
1662082464,10.36873786407767,2.4308672958029267,10693
1662478481,3.7978260869565217,1.5681629167735958,11947
1663153832,7.333333333333333,2.120263536200091,6341
1663836466,6.594864304433498,2.0274722694540936,3794
1663850740,16.75972229700997,2.876933101012155,10190
1663936344,9.0047304,2.3030580211458958,4498
1664016819,8.906910369230769,2.2932325307339347,11159
1664691461,3.543838863157895,1.51377221933715,5180
1664814336,2.351063829787234,1.209277856555629,1443
1664955847,12.834394904458598,2.627157875705518,6233
1665550447,6.089285714285714,1.958584589952041,8388
1665553616,0.0,0.0,9718
1665560745,8.470588235294118,2.248191020928247,12854
1665932729,5.799802499999999,1.9168935676426253,3400
1666207266,2.9037735849056605,1.3619436711993755,8999
1666292626,10.31076,2.425754485041046,3142
1666347371,0.0,0.0,12949
1666458631,8.213109295774649,2.2206273932686984,4106
1666731735,6.592828453608248,2.0272041772731577,9058
1666897585,6.0880829015544045,1.9584149092776102,9933
1667200802,5.316765808695652,1.8432073380451743,13577
1667934496,8.680943058461539,2.270159319937922,4705
1668305517,2.0476190476190474,1.1143606456362487,9462
1668369172,6.649606299212598,2.0346541823589033,8666
1668659509,9.692954136125655,2.3695850326159387,6641
1668815986,6.8077453846153855,2.0551162390267557,3249
1669295430,7.3076923076923075,2.1171818696626827,12485
1669338538,0.5934794250000001,0.4659199429625891,2436
1669708338,7.73307,2.167116968972585,6755
1670065602,4.373469900000001,1.6814738637201554,5274
1670598793,7.686718479310346,2.1617952476282625,9246
1671061529,5.641304347826087,1.893308382122555,10985
1671553580,3.747558811363637,1.5576305514872142,11219
1671673328,6.3703393584905665,1.9974637510693278,6253
1672159123,2.5564089130434784,1.2687513034599627,3613
1672247741,5.258127485204082,1.8338810165962531,13885
1672260913,0.3055893813930833,0.26665457207046117,5200
1672941809,8.257488026086957,2.225432740376434,1915
1673816696,4.226633009708738,1.6537672867644273,12172
1673984691,66.10435439353101,4.206248935963477,13998
1674470257,17.1846,2.90057508204636,11353
1674521443,9.027184944,2.30529989897127,4966
1675612717,6.924301140306122,2.0699341316863884,9431
1675692683,7.108055555555556,2.0928580805094903,1173
1675730672,6.570582352941177,2.024269993544786,3538
1675814184,9.994823529411766,2.397424573801683,11567
1675925855,5.3805555555555555,1.8532551712389425,2889
1676206197,3.0454545454545454,1.3975939163738238,11024
1676281002,16.45330023364486,2.8595287559037734,524
1676584087,0.0,0.0,4182
1676778155,8.387290736842106,2.239356725160523,3045
1677014567,6.047414965986395,1.9526608780924573,6280
1677150865,6.102648776978418,1.960467781655071,8612
1677262059,7.545454545454546,2.1453995094716336,14263
1677475589,2.6545917272727273,1.2959843844379886,7329
1677618344,8.203389830508474,2.219571876028216,12418
1677794712,3.524585,1.5095258602388397,3383
1678234151,13.253275109170305,2.656986712529758,9424
1678320231,5.074466403162055,1.8040941504984604,3923
1678322487,8.518918918918919,2.2532812834178815,4948
1678331197,3.5311940492957747,1.5109854918029917,8895
1678559289,6.175988223350254,1.970740483638963,8361
1678583251,8.5923,2.260960693299513,4319
1678891709,9.1521992481203,2.317690356708881,10377
1678960645,8.732857142857144,2.2755074957302637,11867
1679361423,7.763054651851852,2.1705445487142967,640
1679916457,136.3913043478261,4.9228330906518085,14352
1679936237,5.036517245454546,1.7978272306493976,8646
1680381440,5.777777777777778,1.9136492868370918,2477
1680824804,5.925133689839572,1.9351573572790515,10276
1680856690,9.721391866666666,2.37224098552285,9910
1681487798,4.20068,1.6487893862686005,13641
1682592809,4.3841807909604515,1.683465171080373,9641
1682776028,2.672693120930233,1.3009252133688805,3638
1683321851,8.150497898383373,2.2138082929308465,13230
1683383788,7.525684637209302,2.143083329295022,11630
1683926470,7.7407407407407405,2.167994939021281,5279
1683955924,8.181123023622048,2.217149530878131,3752
1684130851,1.0,0.6931471805599453,8772
1684196512,0.6176470588235294,0.48097266061630956,8829
1684891878,7.365333703703704,2.124096226494697,11992
1684902173,9.3018816,2.332326558163352,1930
1685159262,2.3817371937639202,1.2183895401134093,14319
1685512955,4.376654404439747,1.6820663228290382,11306
1686171772,8.80216675280899,2.282603458463544,12836
1686227717,1.3827729636048527,0.868264920226931,8657
1686915349,3.539130434782609,1.5127354595193887,8457
1686928389,0.25396825396825395,0.22631312607548879,14145
1687099474,2.109383485714286,1.134424470435038,2765
1687212227,6.961672399999999,2.0746390782907844,9268
1687283448,5.089413333333334,1.806551744295517,11744
1687682561,4.352040574789916,1.6774779040359633,14390
1687765658,7.184514375,2.1022438779694754,7699
1688430389,5.975203234042553,1.9423614647800809,11770
1688784924,2.258433833787466,1.1812466608567949,9184
1688861455,1.1342108116237801,0.7580969350781247,14041
1689705846,5.916971428571428,1.9339780190000322,10675
1691042579,8.21042,2.220335451833311,7753
1691159133,9.011167108013938,2.3037011807377397,1157
1691268420,4.1965515675675675,1.64799524551631,6167
1691445872,3.4545454545454546,1.4939250253122562,12170
1691633136,6.7342130844,2.0456537444476655,8097
1691785503,8.703703703703704,2.272507637756768,2858
1692216593,159.33684972972975,5.077276912983409,5184
1693060358,0.0,0.0,1446
1693378204,6.942236417910448,2.072194900323221,11704
1694845409,10.442226885245903,2.437310624809496,8549
1695127629,6.8738399999999995,2.063545872274451,2760
1695223634,7.111275753044656,2.0932551619267374,1708
1695467984,2.6108539090909093,1.283944284288014,8543
1696755692,0.0,0.0,12773
1697712449,6.8738399999999995,2.063545872274451,1029
1698249457,5.122089867226891,1.8119035198056936,6843
1699215319,6.58743,2.026492930642895,13659
1699293645,10.024,2.4000747142713026,4781
1699372378,9.433248510638299,2.3449976788741793,10663
1699431884,8.5677320993228,2.258396197163561,8073
1699484475,4.096058579268293,1.628467413350633,2138
1699574681,11.561363636363636,2.530625724920956,13195
1699884139,3.8392199999999996,1.5767535507165582,5098
1700098437,5.822279411764706,1.920193640613702,12964
1700557862,5.425722765957447,1.8603091172104709,13243
1700592781,8.915866666666668,2.2941361678004393,14211
1700994946,8.268653576437588,2.226638123768411,3607
1702782180,9.2,2.322387720290225,11543
1703614806,14.492899687500001,2.740381834294943,2885
1703628817,9.851851851851851,2.384335743012738,9179
1703911701,220.54040404040404,5.400604983867949,3781
1704028195,1.981935,1.0925724186536039,11887
1704079557,4.759627558064516,1.7508728125590045,5627
1704555324,7.6723588734693875,2.1601408268518063,13155
1704591484,0.33223684210526316,0.2868593657003175,57
1704679802,10.948333565217393,2.480591818043956,10233
1705958022,10.11751951807229,2.4085221990181997,10347
1706001840,5.59828206185567,1.8868093214918742,657
1706379702,6.2364888,1.9791361163847965,8526
1706675905,6.8738399999999995,2.063545872274451,9051
1706773977,7.206023287671234,2.104868431899374,8963
1706890926,10.211754074074076,2.4169626988909245,2564
1706900290,7.213868033522728,2.105823949362298,6888
1706927232,6.977839621621623,2.076667650701765,4165
1706996537,0.33557847183098594,0.28936451023252624,5927
1707155581,4.406314199786629,1.6875675667325851,3713
1707682209,5.384615384615385,1.8538912503350613,4762
1707693014,9.590600214362272,2.359966835472956,9605
1707727328,6.666666666666667,2.03688192726104,10273
1708435986,2.9928014457831327,1.3844931012707558,4807
1708811083,13.35263172413793,2.6639333208010565,11333
1709095086,7.631578947368421,2.155427448657758,6588
1710185318,7.417137096774193,2.130269758177364,10449
1710485650,8.21042,2.220335451833311,12849
1710588654,9.176930721649484,2.32012346484158,331
1710592874,4.58256,1.7196474525472347,2163
1711006045,8.109093529411766,2.2092732035123266,11131
1711360370,3.310810810810811,1.4611260095806748,8497
1711759671,6.6733530000000005,2.037753677611048,11112
1711791566,7.7846238,2.1730028977283906,10708
1711881706,10.451992996721312,2.4381637757024395,7201
1712291900,7.082138181818182,2.0896564639882436,28
1712737623,10.743263717277486,2.4632797755332745,8904
1712953322,6.837975677130044,2.05898059657411,2720
1712954843,9.70011556451613,2.3702545418316046,3415
1713268594,9.532156607773851,2.354433111232383,11791
1713290283,7.906666666666666,2.186800060000335,6990
1713472091,10.051407766990293,2.402557819576734,270
1713513586,5.2894736842105265,1.838877392205125,4157
1713653760,3.771296200835073,1.5626180082025607,8327
1714298283,2.539825627118644,1.2640774680563849,3392
1714330103,1.7209302325581395,1.0009738191041937,2970
1715094881,4.735849056603773,1.7467357878540999,8030
1715582766,6.2169941348973605,1.976438541411042,6401
1716271507,8.179268292682927,2.216947494776233,6682
1716627534,8.459004,2.2469670921086267,4617
1716741457,6.954157894736843,2.0736947975737414,11580
1717430625,8.565972006666668,2.2582122189174934,12058
1717450594,6.22107375,1.9770036606837502,6422
1717539606,10.692639999999999,2.458959584033501,2125
1717820424,4.092526690391459,1.627774110222705,10523
1718964262,5.053090714285714,1.8005690034626591,9187
1719050817,12.65625,2.6141972922958634,3906
1719358213,7.0,2.0794415416798357,9518
1719533118,2.5872340425531917,1.2773814438576965,14429
1719555152,4.894030875,1.7739401226797944,9663
1719971207,7.6123689394736855,2.153199418746334,5233
1720672270,6.422535211267606,2.004520671500047,10977
1721619524,4.525,1.7092832474038167,9654
1721683850,4.086512261580381,1.6265923818612407,9131
1722031441,11.095322457303372,2.4928188040872103,3343
1722178012,7.528301886792453,2.143390266280109,10269
1722198910,10.0,2.3978952727983707,4979
1722451339,4.526315789473684,1.7095213709910828,637
1722542448,7.051282051282051,2.085831339778607,12065
1722621909,9.219674285714285,2.3243147139853306,3634
1722885359,4.36422087,1.6797511409326336,4230
1722949755,5.457142857142857,1.8651869377828723,3712
1723146981,3.199891034482759,1.435058580781995,3981
1723209748,0.7707525000000001,0.5714045974817433,2733
1723300478,5.3184000000000005,1.843466011550248,13972
1723461533,5.283783783783784,1.8379723123831866,12741
1723595074,11.021853277310925,2.486726100026684,13816
1723628840,9.222401999999999,2.324581586514694,14285
1723653697,9.909675,2.3896500102170384,10766
1723780317,6.126159157894737,1.9637724017496536,8859
1723840235,13.014352596401029,2.6400819899287464,6377
1723893941,3.7146545333333334,1.5506756436944547,976
1724126143,9.16952380952381,2.3193953859085625,2204
1724192528,3.7588118811881186,1.5599980322944558,2621
1724273104,7.0,2.0794415416798357,9389
1724599174,9.818440523619806,2.3812521339752744,8713
1725268775,6.852359250000001,2.060814028042071,361
1727274671,6.577987912087912,2.0252477174629004,3505
1727798026,8.850253807106599,2.2874972220709724,3089
1729223562,18.166577142857143,2.9531679883168334,10473
1729303354,9.019606009090909,2.3045437744336406,2137
1729993803,14.25105642857143,2.7246487746587715,3233
1730031064,5.8656237037037045,1.926526887781164,5287
1730043679,5.407069808707865,1.8574020382909662,10862
1730273201,5.755553150000001,1.9103648555503123,10930
1730833318,0.8904267589388697,0.6368026019632879,12302
1731249539,3.957665454545454,1.600934955448027,8052
1731678878,9.660281517747858,2.3665248271833508,9483
1732262169,11.099978666666667,2.4932036895157417,6630
1732405730,2.6482655352272726,1.2942518588249372,12106
1732751459,1.4709933,0.9046202155499439,5586
1733413984,0.0,0.0,8795
1734503320,1.4870341547277937,0.9110908980312665,12297
1734526256,6.222397647058824,1.9771869818571906,8012
1734634630,4.585903871794872,1.7202462586020646,12404
1734937638,6.637321261682244,2.0330469214981366,1350
1735323592,0.8533331250000001,0.6169857071843032,12754
1735550567,5.052631578947368,1.8004931491968095,11682
1735658559,6.098722973977695,1.95991490504997,1362
1735896295,10.482606,2.4408333686143484,5154
1736438938,1.6555716765957444,0.976659952267409,13287
1736785938,8.66619718309859,2.2686349728732735,7451
1736842583,5.862016939297475,1.9260014129988587,3349
1736946702,13.542168674698795,2.6770526133009334,6028
1736988209,9.736842105263158,2.373681014677776,9880
1737048029,8.20388349514563,2.219625514025386,7428
1737687983,19.079268292682926,2.9996878545521657,419
1737714248,9.73074074074074,2.373112588811625,12152
1737789859,5.468181818181818,1.8668950517374907,1981
1737909294,10.31076,2.425754485041046,11454
1738231445,10.117573647058823,2.408527067807022,9033
1738551934,4.818181818181818,1.7609878105613013,5839
1738632226,4.215127,1.65156344098459,12352
1738778232,14.727179487179487,2.7553903931209924,4397
1739314722,6.822085889570552,2.056951256785764,9875
1739632666,0.0,0.0,5556
1739782023,7.3873240637450195,2.1267215260712455,13624
1740242107,11.264911566181063,2.5067424674260863,14231
1740392651,0.0,0.0,8428
1741578344,6.749313913043478,2.04760431209725,11017
1741706810,7.092739071428571,2.0909672487271007,9882
1742150209,9.05515587529976,2.308085525371961,2999
1742216974,3.3462947462686565,1.469323699660801,3552
1742447903,8.50410606060606,2.251723922133575,4253
1742485609,5.636363636363637,1.8925641683500207,6560
1742802568,0.0,0.0,1620
1742895906,7.0325660249999995,2.083504031706432,14050
1742897935,2.2532545021276595,1.179655880559935,351
1743113587,0.07536346215578285,0.07265870876619773,8917
1743474906,8.609314455445544,2.2627328838554766,9279
1744634229,5.0731394142857145,1.8038756730632257,162
1744865968,13.71624857142857,2.688952228335845,1186
1744990566,8.944852941176471,2.2970551249845848,12946
1745077360,7.990229617021277,2.1961383895390307,7932
1745249508,5.520458219178082,1.8749446524841507,11542
1745285799,7.973333333333334,2.1942572161084173,13089
1746972614,3.958571428571428,1.6011176808183816,5523
1747575472,6.814786391752577,2.0560176303908086,11277
1748073267,1.32129,0.8421230656310843,14064
1748597790,6.01461,1.9479951168557135,14156
1748914220,0.9114743985194325,0.6478748806664861,9192
1749422157,7.83112582781457,2.178282506807145,1833
1749705689,11.345531612903226,2.513294184883585,11406
1749792742,5.094242960741549,1.8073445486137956,6495
1750248938,1.8403682142857145,1.0439336966864066,5295
1750252984,10.127906976744185,2.4094560951994466,7180
1750408227,3.4200102631578946,1.4861420180683351,3213
1750498702,0.5165562913907285,0.4164421667393153,14341
1751369711,2.222932159090909,1.1702915536173242,8322
1751455888,7.187528089887641,2.1026120317814563,2796
1751927618,6.344226994285714,1.9939145616484897,8686
1752250803,6.538107413793104,2.0199711443843187,6696
1752346559,8.083943661971832,2.2065084223275404,5518
1752414930,0.0,0.0,6834
1752588947,61.61134453781513,4.136946484336017,11261
1753172327,7.784992280701755,2.173044842947924,8494
1753515881,4.585094549499444,1.7201013615630854,855
1753701385,3.5027419399999995,1.504686531216216,10525
1753992023,9.604796260135135,2.361306376152244,8697
1754344519,9.110056012558871,2.3135305733294826,5078
1755054585,9.339878644067797,2.336008132460906,225
1755218332,3.1846476923076925,1.4314225169587917,177
1755694824,9.21266406,2.3236285246837696,8204
1756116380,5.0,1.791759469228055,6205
1756178006,5.139898378378379,1.8148081912693788,4379
1756184928,7.878859060402685,2.1836730645603915,7566
1756708335,7.519564363636364,2.142365208505393,7204
1757168479,12.97579489361702,2.637326897109945,7792
1757340574,11.40315767631579,2.5179510915086376,11375
1757508877,5.8100314285714285,1.9183967352126554,13329
1757613192,7.917033198237886,2.187963290173499,1403
1757794348,10.557107100000001,2.447300581061207,9194
1757846736,11.219807196380092,2.5030581759086763,3290
1757966974,11.827301060139861,2.5515757948569555,13077
1757983159,10.748285371428572,2.4637073041060913,5738
1757988525,13.145989010989013,2.649431121785348,8177
1758171594,2.1930822857142855,1.1609866840596181,1999
1758622297,10.126712328767123,2.4093487334008183,13054
1758863167,5.769230769230769,1.9123874570166697,3575
1759048286,13.111262307692309,2.646973223783322,13059
1759350206,0.7191715478769231,0.5418425165796935,1529
1760196858,6.0567944186046505,1.9539909000377012,13790
1760294443,27.131694657534247,3.336896864467283,13458
1760336028,9.937844865853657,2.3922287817789885,2805
1761030253,2.0621519999999998,1.119117936761105,5588
1761147445,43.936512765957445,3.8052506661930985,13940
1762414766,0.23333333333333334,0.2097205309820691,9262
1762470863,1.9687221000000001,1.088131590861917,5012
1762473485,9.02853973125,2.30543500126989,6270
1762724522,6.692387701863354,2.0402312297146983,1183
1764213668,3.425088950086058,1.4872903799722195,7832
1764255549,7.760483870967742,2.1702511398346687,11778
1765501987,0.0,0.0,12353
1767375594,9.473723529775281,2.3488695996501527,329
1767447189,11.705452173913045,2.542031206372029,3035
1767900412,7.299045454545454,2.116140502712464,568
1768253693,128.0067802782705,4.859864963277099,12004
1768753743,9.234134457831324,2.3257286486424325,1152
1769593441,7.872832369942197,2.1829940655235185,10330
1769795882,12.36086956521739,2.5923302532072894,12917
1769938075,7.14369096359743,2.097243512575094,3266
1770536752,11.584549356223174,2.5324698199384637,7350
1770568555,6.34375,1.9938496113444324,6903
1770863129,10.75,2.463853240590168,6742
1771321483,5.193181818181818,1.8234489801850375,6573
1771903899,0.1452219718309859,0.13559848007854372,3149
1772302593,4.274105320945947,1.662809057573556,5654
1772465404,3.5,1.5040773967762742,5170
1772506969,4.805431945392491,1.7587940215793008,9110
1772525718,8.31554426966292,2.2316844317253577,2799
1773020926,13.531666666666666,2.6763301762116685,4461
1773318455,3.3214285714285716,1.463586035421537,5681
1773810193,4.0,1.6094379124341003,5775
1773988778,7.527777777777778,2.1433288091310874,12304
1773988999,2.6212741304347826,1.286825933644229,12405
1774151003,19.533219293918922,3.0220440279883567,11587
1774201940,7.606028732673267,2.1524629730900426,5082
1774449552,9.23203125,2.32552311841574,13189
1774534214,3.016852,1.3904985112829256,7250
1774658435,12.661290322580646,2.6145663096069627,4049
1775316974,6.525677083333334,2.018320784438781,5539
1775950384,6.06515294117647,1.9551746636270895,10308
1776236885,4.58256,1.7196474525472347,6653
1776384095,7.920265780730897,2.1883257421940896,13719
1776405099,12.976973684210526,2.63741123870859,8603
1776523789,6.918125262096774,2.0691544684750434,2980
1776553512,2.0838400000000004,1.1261755736807857,1571
1776645892,4.518913333333334,1.708180981006168,13560
1776899086,6.801414482758621,2.0543050611981335,9623
1777012049,10.258569733333333,2.4211295927371252,1479
1777334216,9.334025263157894,2.335441874526016,13651
1777848792,10.51685739884393,2.4438118228131134,9392
1778327046,10.0,2.3978952727983707,3435
1778680389,5.9344152,1.9364967243279665,261
1778864233,4.698411235955056,1.7401874054537285,9226
1780500051,2.1454712727272724,1.145963727170243,8135
1781462224,12.372701754385965,2.593215446569577,13308
1781770503,7.828539999999999,2.1779896555314453,4693
1783024551,4.918103448275862,1.778016034101661,8726
1784286958,0.1563216338028169,0.14524396148464835,1665
1784961834,4.556517857142857,1.7149716273777786,10428
1784999980,4.018289552238806,1.6130891489974692,12800
1785303447,4.0,1.6094379124341003,1977
1785568954,6.71879672,2.043658486603455,3510
1785802696,8.027714285714286,2.200299210881863,5524
1786016182,12.321774724902724,2.589399893842211,12980
1786063040,4.408978181818182,1.6880601991999162,4660
1786195373,8.819295558958652,2.2843493844530123,5258
1786243050,6.1053065,1.960841899253384,11850
1786274951,5.962616822429907,1.9405553839176535,11500
1786829100,6.040022378181819,1.9516113488839073,10204
1786952008,5.088773023255814,1.8064465874093665,6646
1786981425,11.7399459,2.544742403667183,5067
1787688446,2.49,1.2499017362143359,13428
1788525104,9.472532188841202,2.3487558474882992,6753
1788683153,0.0,0.0,4055
1788717830,0.0,0.0,4924
1788822539,5.247408857142857,1.8321667949279345,7889
1788918095,4.645710027239709,1.730895969539605,6649
1788941790,5.891398941176471,1.9302741037738447,2460
1789851019,7.847661818181819,2.1801532227771294,13371
1790717161,5.390894843205575,1.85487429664537,5155
1790763548,0.15217391304347827,0.14165051706302684,11208
1790897755,4.344086021505376,1.6759905329433726,12613
1791067018,7.315729714285713,2.118148867577924,401
1791482361,8.01948,2.1993866827453203,10289
1791876760,6.487603305785124,2.0132487604462384,10804
1792503492,6.9865771812080535,2.077762280160116,12647
1793114693,7.9127517452830185,2.18748303165656,7660
1793336495,7.86201065882353,2.181773675532558,4193
1793554365,6.0992,1.9599821016425079,13645
1793558049,8.796611217765044,2.2820365317703506,697
1793801578,5.320754716981132,1.8438386182729447,7144
1793815086,4.8514541221374055,1.7666901982426224,13033
1793859029,5.216827963636364,1.8272598029783749,3410
1793991116,4.113889090909091,1.6319601892871434,3863
1794539188,8.881934098591548,2.290708251568246,14483
1794889532,3.609898933757962,1.528205933505324,9989
1794983308,7.697809632352941,2.163071227565845,8056
1795023740,6.4214694,2.004377069918486,11354
1795236007,9.274212286567165,2.3296370943357134,3734
1795678749,13.916156470588234,2.702444952378759,11211
1795894966,8.648743,2.266827647799088,5397
1796278127,11.465280930232558,2.522947254245226,860
1796365178,8.803094625,2.282698113890352,10466
1796736340,9.774193548387096,2.377153788491554,611
1796799576,10.2,2.4159137783010487,14182
1796872742,7.6376,2.1561247664507937,2990
1796873476,8.031754714285714,2.200746669070013,3307
1797523045,8.736842105263158,2.275916845911884,728
1797984368,7.300607525040388,2.1163287079118698,1851
1798609428,7.286585365853658,2.114637986326945,2986
1799046729,7.731243001119821,2.166907742433101,8129
1799062487,10.190743494423792,2.4150869628711957,440
1799210397,15.76271186440678,2.819156887716993,8060
1799222401,3.1726943942133814,1.4285619648546726,13279
1799276302,1.2255103267973855,0.7999862496775133,8222
1799400199,6.938780607510164,2.0717596875847293,4925
1799575045,4.623737770588236,1.726996526569989,9860
1800073515,6.843691578947369,2.0597095882019927,12919
1800146363,6.809457579972183,2.055335509451497,1526
1800169686,10.646839157212318,2.4550348262211164,11976
1800499691,5.7,1.9021075263969205,13010
1800682406,8.802648243243244,2.2826525780736446,6929
1802055003,9.423439416949153,2.34405706026336,5220
1802139114,3.7540487965860594,1.5589966332071712,13416
1802495905,8.515242160714285,2.2528949508408918,11808
1802734757,9.470623999999999,2.3485736219603726,1409
1802861531,9.793030303030303,2.378900583495184,14127
1802942102,7.919859130434782,2.18828015391506,6332
1803204808,19.046265,2.998042852110228,6595
1803438641,7.055555555555555,2.0863619845244097,8577
1803883466,8.112106046511629,2.209603864193009,2208
1804125928,9.5011744,2.3514870985280467,8206
1804592480,10.349377078651685,2.4291628594831107,11588
1805195027,9.001457142857143,2.3027307966644646,2623
1805455446,4.088888888888889,1.6270595137839199,1839
1805760397,3.576842105263158,1.5210092636465133,6451
1805800564,4.8887730000000005,1.7730476567769806,9679
1806013390,9.294279657534247,2.331588367903924,2212
1806149550,10.6741214057508,2.4573745463977987,4542
1806339699,6.205188045,1.9748013283475474,1609
1806602687,0.0,0.0,1996
1806632250,2.4754359999999997,1.2457199387722504,597
1807481433,2.101419,1.1318597486947035,13953
1807594458,8.91352806414662,2.293900295494437,6000
1808017715,8.920926430517712,2.294646307109347,4713
1808055785,0.0,0.0,7200
1808409293,6.036806726194533,1.9511544772376896,3967
1808413065,4.815992427745665,1.7606114382609184,5719
1808652678,10.30373831775701,2.4251334955881756,10238
1808865957,4.054890440976562,1.6203561788402463,3041
1809197099,0.7946160311284047,0.5847910888233127,4596
1809843359,13.681073023255813,2.686559114742352,517
1810348708,1.6142857142857143,0.960990910792062,6806
1811014574,3.4369199999999998,1.4899604420336403,11389
1811959851,8.171296296296296,2.216078639014386,9191
1812044303,4.917910447761194,1.7779834216839367,2982
1812766863,27.30697674418605,3.3431083023292536,3723
1812863488,8.7431426,2.276563714485127,2975
1813432229,9.666835604347826,2.367139451913807,8290
1813629433,1.0591133004926108,0.722275453482969,8557
1813685795,3.584216571428571,1.522619223372466,4350
1814097602,2.580284012396694,1.2754421303376096,12645
1814471581,4.8,1.7578579175523736,4065
1815549634,4.821428571428571,1.7615456906315583,2575
1815571165,10.369642872180451,2.43094689761044,12216
1815615830,12.513762981656805,2.6037086462501753,2886
1815685563,5.842764000000001,1.9231917435778936,4772
1816218285,73.08546931407942,4.305219417446321,8624
1816596977,3.2761832363636363,1.4530608445280233,2015
1816874828,7.585455742971887,2.150069578901045,9105
1816990571,6.862253886010363,2.0620733192803993,2164
1817183834,8.164192421052633,2.215303761866727,725
1817355796,5.678571428571429,1.8989041066793828,4345
1817371600,639.36,6.462030518209894,11400
1817774102,9.778065573770492,2.3775131035316255,911
1818013725,9.10222,2.312755201674496,5558
1818134934,7.0,2.0794415416798357,1064
1818140442,0.0,0.0,3559
1818189201,9.880313000000001,2.3869550093963476,10685
1818344674,3.357345132743363,1.4718629573888093,7081
1818551538,9.0,2.302585092994046,11551
1818758500,4.671882000000001,1.735520985064197,1493
1818764608,10.252308979591836,2.4205733502214275,4263
1818866227,6.590182407660739,2.026855623748633,5794
1818897912,8.68777,2.2708642652588193,5303
1818966323,1.8422168343558285,1.0445843231599228,6640
1819567017,10.740375,2.4630337559681776,11377
1819684160,15.637986000000001,2.8116883944140527,5208
1820361122,1.127504553734062,0.7549497218786418,179
1820622116,22.671770129179333,3.164283204387501,14282
1820850999,10.052055387931034,2.4026164186239862,14066
1820926219,8.30589,2.2306475330216267,3775
1820975933,7.773985714285714,2.1717911745555205,11324
1821193973,7.087591240875913,2.0903309414791043,6379
1821657199,6.28110599078341,1.9852827724805528,8387
1822001337,11.694059361702129,2.5411341172324216,979
1822176886,7.849755555555555,2.1803898377971955,6317
1822424825,4.495273142857142,1.703888294146529,14526
1822456270,8.01948,2.1993866827453203,13890
1822645268,4.068706764705882,1.623085709070782,10532
1822997871,9.546178683214286,2.3557635841862763,7147
1823079020,9.8676598625,2.3857913939175446,13963
1823271194,0.9420289855072463,0.663733295353652,12031
1823796329,6.855655238095237,2.061233684918006,12397
1823909550,7.809445999999999,2.175824554883463,4431
1824070591,8.238857872340425,2.2234182711240673,3167
1824568950,8.28,2.2278615467981093,6318
1824751025,3.0203236363636363,1.3913624059485692,14355
1824860556,8.321325648414986,2.2323048555371807,4751
1825413276,25.655172413793103,3.2829832186009478,2806
1825497787,10.022319539170509,2.3999222660742454,11280
1826281852,8.287167628187918,2.228633622398169,10234
1826485013,5.011081832061069,1.7936047376827202,13132
1826650445,10.962893538461538,2.4818096539149916,13824
1826724690,7.1173650802139035,2.094005604002274,3123
1827768416,6.098782361498471,1.9599232709592438,939
1827869507,9.930232558139535,2.391532579010542,2144
1827901601,6.186837968269231,1.9722512931186544,1883
1828760323,1.4770962732919255,0.9070870166441026,4923
1828827649,10.16748768292683,2.4130066713043594,5765
1829130833,9.264808362369338,2.3287213812629544,9447
1829323201,9.023982107321595,2.304980432608295,7610
1829533096,6.727992997032642,2.04484919072873,13380
1829546684,113.02816171532847,4.73644545047757,4888
1829669567,0.0,0.0,1190
1830124697,7.008129886842107,2.0804572615170103,14216
1830616102,3.2846172705882353,1.4550312296448014,14159
1830685306,3.9136363636363636,1.5920142712868468,1167
1830804863,7.775189873417722,2.1719284071141534,10682
1831062600,5.904452307692308,1.932166465495603,8783
1831078553,12.194055572254335,2.5797663927255923,1179
1831371160,10.417331162790697,2.435132478386396,176
1831607365,5.188311518324608,1.8226622737715166,3232
1831657398,6.936772500000001,2.0715067064750605,10933
1831833599,2.4413339347826084,1.235859167960407,1797
1831855306,9.527445255474452,2.3539856808955144,11535
1831959743,12.848961982978723,2.6282102827473266,14235
1832254966,7.957553513513514,2.1924971443363708,14383
1832476931,0.03064825523809524,0.03018797828634728,11087
1832515884,7.614857142857144,2.1534882874694663,13807
1833010144,12.572274545454546,2.6080290755307165,445
1833092244,9.012368,2.303821128786975,7944
1833314446,5.255841434911243,1.83351565683983,4640
1833494654,5.761891515994437,1.9113026609736878,11940
1833902568,3.0974503278688528,1.4103649090166344,3875
1834561424,0.35250461538461536,0.30195814421668105,5496
1834784969,9.205882352941176,2.3229642553306977,2831
1834887740,1.4335187692307694,0.8893382631158582,4829
1835105806,7.91875915,2.1881568281710044,254
1835604102,8.395660298507462,2.240247912301834,2792
1835838418,5.2625261870503595,1.8345836479671682,5017
1836009254,11.38342153846154,2.5163586053608595,8237
1836211335,7.006622516556291,2.0802690137998683,10573
1836344346,3.5105217391304344,1.5064128317749148,11445
1836564496,11.409517702702704,2.5184637348595906,7450
1836601602,5.419203913043479,1.8592941089295296,9299
1837259332,9.983687847887325,2.396411249260621,10317
1837595344,7.044303797468355,2.0849642381624873,14015
1837764112,4.55111,1.7139979077610095,1563
1838092415,21.63149210526316,3.119342392304503,1862
1838696126,3.298170266666667,1.4581894127606096,8183
1839171072,4.165963636363636,1.6420916556174454,682
1839414347,3.39307272,1.4800289184646458,7008
1839646441,2.2154534285714287,1.1679683830705194,8208
1839697543,5.140186915887851,1.8148551840227043,1619
1840207915,2.4721705263157894,1.244779910314305,10105
1841449445,3.170891235955056,1.4281297386233318,8551
1841665574,8.01948,2.1993866827453203,2495
1841916800,7.328145517241379,2.119640804411859,12283
1841922289,2.238821752265861,1.1752096069570346,108
1842377831,7.4466600000000005,2.1337710969585895,13269
1842397027,3.2064916222961735,1.436628956397613,7369
1842784532,5.529311413043478,1.8763014879644897,4702
1843466952,9.252086330935251,2.3274812293535376,2096
1843766827,8.037847500000002,2.2014210376446983,4354
1843830914,0.0,0.0,3716
1843875410,9.22387076923077,2.324725257613077,9018
1844068252,10.06242049846154,2.4035538237284766,7398
1844734281,7.4299729147465445,2.131793559048525,12048
1845108301,1.9863856441897654,1.09406384154459,3465
1845146792,7.4304477611940305,2.131849885810085,6103
1845274092,2.29128,1.191276546864698,4325
1845497080,11.026785,2.487136245724028,1436
1845777805,6.22022676923077,1.976886360892215,9806
1845886279,7.437567619047619,2.1326940702758828,14307
1845891096,13.747679999999999,2.6910857822791594,1811
1845983007,6.25294697368421,1.981407865405179,13574
1846028396,2.4127403333333337,1.2275155853816162,4624
1846560480,8.01948,2.1993866827453203,8203
1846903247,5.629001659271523,1.8914542135641745,208
1848258764,9.161676646706587,2.318623452817471,5629
1848775278,12.221932500000001,2.581877003770538,2066
1848840316,4.452172826086956,1.6960142129076092,1861
1849272509,5.564102564102564,1.881615798349916,4659
1849295100,4.123440452261307,1.6338261767174302,112
1850762740,10.083602484472049,2.405466762452162,11632
1851240013,9.309162456140351,2.3330330586611794,5345
1851506493,10.596128509090908,2.450671293189353,7354
1851623032,12.948642000000001,2.6353821558585317,743
1851719529,7.65945945945946,2.1586523025499798,14574
1851992460,6.4826458536585365,2.01258645319203,4750
1852230906,8.924677037037036,2.2950242856948924,8873
1852233469,13.165151186440678,2.650784806465244,9963
1852740760,9.84945945945946,2.3841152593407826,2305
1852768771,12.802292441140025,2.6248346972901286,230
1852856746,7.122892173913043,2.094686269810216,10251
1853171568,9.43719696969697,2.3453760569121087,4510
1853355519,2.853465390410959,1.3489728448567848,13429
1853451221,6.621189353612166,2.03093244067005,12320
1853546331,5.323713818978102,1.8443066651572522,10897
1853759093,3.673061474792244,1.5418144189478817,3488
1854041392,2.9918367346938775,1.3842514594900903,12474
1854330579,3.1976923076923076,1.4345349237366036,9942
1854588440,3.925008529411765,1.5943260064828093,8114
1854664051,6.762317522123894,2.0492809393663993,12499
1854911364,3.1347236220472445,1.419420487559201,5956
1854965364,2.7219318181818184,1.314242839455232,737
1855453712,6.28010275862069,1.9851449773041259,13919
1855530524,10.498167645051195,2.442187687461061,4346
1855862831,5.863593818181818,1.9262311847618998,6525
1855903786,6.293969737226278,1.9870479433823067,10104
1856062191,7.135076917912088,2.0961851958091025,7734
1856083283,13.7491961414791,2.691188582417938,2400
1856100187,2.9375,1.3705460041517514,10007
1856101418,2.6226415094339623,1.2872034584756598,10545
1856359041,7.294912947368421,2.1156424289964315,8606
1856539879,7.885117741935485,2.1843777132842,1427
1856548159,3.4722222222222223,1.497885426528353,5207
1856610573,0.0,0.0,3776
1857022481,8.10236220472441,2.2085339627737315,12122
1857445421,9.056690316455697,2.308238116152965,10754
1857949850,8.046122790697673,2.2023362449959896,1880
1858208016,0.7191831645569621,0.5418492736952388,118
1858302727,6.986680351928022,2.0777751980911963,13123
1858513077,8.080745341614907,2.206156275325261,4656
1859150868,0.0,0.0,11440
1859548121,10.204860504201681,2.4163476577511815,13215
1859603401,6.974925882352942,2.0763023548788735,8742
1859663533,2.3108470722192935,1.1972040697059991,6342
1860265776,9.489914845360826,2.350414304678482,11769
1860975752,6.411764705882353,2.003068562895262,7033
1861461508,9.636854117647058,2.3643247745611222,4337
1861708152,11.309457475247523,2.510367867352506,12069
1861945417,6.846998871028037,2.0601311492722583,925
1861974544,9.990625,2.3970426366802102,13918
1862425729,4.000762970149253,1.6095904948226663,10570
1862554131,10.770894098360655,2.4656298825638294,9415
1862676847,9.121847005347593,2.314696157616162,5705
1862820260,2.3259963636363636,1.2017692874557557,11152
1862856387,12.459478021978022,2.599683543522423,12646
1863196680,7.419551538461539,2.1305565653704175,3658
1864026761,39.55627300318091,3.7026904665791895,8608
1865314922,5.0,1.791759469228055,13066
1865363919,5.864864864864865,1.9264163543743122,5745
1865795992,4.88078541374474,1.7716903267564668,8512
1865888512,3.796001194029851,1.5677824861289253,5897
1866719493,4.866879416058394,1.7693228768193323,11089
1866832431,8.076762,2.205717521083958,2992
1866953400,14.166666666666666,2.719100037288795,13093
1867360135,8.706286196086957,2.272773737060459,4527
1868266541,1.14564,0.76343787617538,14163
1868407220,6.638295163934425,2.0331744321957563,3853
1868471682,13.485226946564886,2.673129298793771,3376
1868645648,23.566000000000003,3.201363373116903,7996
1869353381,8.782692352941178,2.2806147378726926,1982
1870301961,6.550710769230769,2.0216417004498584,1221
1870494023,4.304074387351779,1.6684752775498795,13821
1870789232,3.619550783898305,1.5302974674437755,13965
1870825218,5.2169226446281,1.8272750326535905,803
1870854692,13.690397999999998,2.6871940830794916,13929
1871606531,10.826677350993377,2.470357772182673,13120
1872206666,7.498734545454545,2.1399172754076417,3120
1872285274,8.943999357089552,2.2969692895553058,9020
1872520477,8.402173913043478,2.240940929882839,11564
1872533282,10.932678857142857,2.4792807588610337,2631
1872744005,7.0672813896457765,2.0878165469190413,9014
1873542318,5.064945000000001,1.8025254739295036,14227
1874097804,6.751351351351351,2.0478671960812407,13502
1874619244,2.8750630622009568,1.3545619367892643,12276
1875555003,8.2184238,2.2212040685072707,5862
1875725558,9.073547025641025,2.3099128816153778,8870
1875745669,13.643097643097644,2.683969073794939,3139
1876526119,7.954165800000001,2.1921188765113104,472
1876896979,11.701754385964913,2.541740124551166,5147
1876913548,2.7092837837837838,1.3108388077897064,12511
1877966323,4.291666666666667,1.6661332561106457,14382
1878256189,9.152777777777779,2.3177473407337232,12144
1879188104,1.9542857142857142,1.083256900584915,3941
1879675211,6.8738399999999995,2.063545872274451,1943
1879681451,0.304167168,0.2655646516070337,4765
1880150143,2.3063542105263157,1.195846135379567,9237
1880280337,13.747679999999999,2.6910857822791594,8881
1880857135,6.461921201538462,2.0098129147778465,2991
1880914093,5.7282,1.9063076487448751,13760
1881165270,8.2142388,2.2207499832605837,8962
1881471533,3.96387,1.6021856784418196,13937
1882559311,7.586536288235295,2.1501954286292384,2149
1882937253,4.568357851239669,1.717100190226936,10043
1882987315,8.809576551724138,2.2833591076837765,3111
1883893127,9.0,2.302585092994046,12507
1884516441,2.999317791549296,1.3861237944615492,12823
1884601808,19.79372352266764,3.0346511874525564,7190
1884832633,0.00946719506825187,0.009422662025061463,7810
1885242337,7.1569875000000005,2.0988749218911322,446
1885478032,8.222857142857142,2.22168487490638,3260
1886095834,7.5,2.1400661634962708,1098
1886191423,1.9102202974223397,1.0682287818995897,14555
1886812409,4.878453038674033,1.771293638635764,13781
1888917075,1.6334950886426594,0.9683118949851952,2519
1889134819,3.322945746268657,1.463937055587926,11988
1889349559,0.0,0.0,5516
1889771704,0.0,0.0,3740
1889840761,7.322597461928934,2.118974401053798,5367
1890138583,0.0,0.0,6714
1890389620,7.64338606060606,2.156794411203933,1607
1890441019,11.783783783783784,2.5481774758477087,9993
1890539924,5.7282,1.9063076487448751,10243
1890700796,9.273310344827587,2.32954930353423,8979
1890922096,8.494128761904761,2.250673582487627,5365
1891005505,7.585183333333334,2.1500378491981067,13257
1891103398,7.530128057142856,2.1436043739516104,13087
1891425852,4.285921071428571,1.665046884445302,10763
1892046926,3.489472293577981,1.5017351655771196,10118
1892352542,6.004955730337079,1.9466178600455288,245
1892931186,3.4473162962962967,1.492300834768591,9912
1895035063,2.0,1.0986122886681098,12859
1895513291,3.022452830188679,1.3918918733243288,7070
1895599701,3.7222326436781605,1.5522817054882683,1590
1895985976,46.24515,3.855350003168696,13149
1896018934,9.220757825370676,2.324420733236931,13225
1896137237,9.213709677419354,2.323730903836693,7642
1896523956,5.960648695652174,1.9402726734014624,4658
1896934583,4.655039265306122,1.73254705301102,12423
1896970580,5.384507999999999,1.853874430916507,13828
1897436924,5.00698103626943,1.7929222989243747,2607
1897979884,6.8893773764258555,2.0655172187434627,10962
1898061543,4.291603809523809,1.66612137752491,3530
1898140463,7.897603404255319,2.185781960054861,9540
1898142257,7.4777804878048775,2.1374486806165773,10310
1898724789,4.6612175,1.7336389750901788,7182
1899382362,6.328719226305609,1.991800770250202,8138
1899574974,4.7600535211267605,1.7509467665269156,6348
1899602531,14.766444444444444,2.757883912297751,3919
1900141170,15.700034117647059,2.8154107623935003,10339
1900643444,8.234969428571429,2.222997303258223,501
1900719137,7.65769894736842,2.158448976801523,5056
1900844685,11.373931054054054,2.515591925253453,2550
1901484614,5.207298267857143,1.8257257397419668,10318
1901709501,8.118021062937062,2.2102527918277417,8423
1902594722,7.993776538461538,2.1965328424162798,8621
1902907853,10.061707826086957,2.403489398828713,2001
1902961844,8.944690265486726,2.2970387670734893,11523
1902981428,6.523855890944499,2.018078758005026,5676
1902996531,6.095936296296296,1.9595222675566508,12366
1903049580,3.1291957674418605,1.4180826585777402,6907
1903273490,0.16326530612244897,0.1512309697239235,4342
1903730131,6.619253333333333,2.0306783771459105,3409
1903769310,4.586358701052632,1.7203276797564717,6362
1903860765,7.7715636,2.171515080116103,3211
1903870978,2.57769,1.2747173407516852,7880
1904069351,11.4449436,2.5213144038687476,8645
1904189646,7.947368421052632,2.1913594578838214,3749
1904740135,4.8099592105263165,1.7595735502757188,825
1904980911,7.4932623050847464,2.1392731791772674,5982
1905201777,9.474198047419804,2.34891490415856,2067
1905591249,6.736700152941176,2.0459752598649454,436
1905915134,6.715274071836735,2.0432020097255212,13323
1906149469,0.0,0.0,936
1906321220,7.091324556734694,2.0907924453242006,4492
1906862289,12.03228494623656,2.5674297361801472,11975
1907256012,7.374567784821429,2.125199468596887,12206
1907310460,8.690738450704227,2.2711706305020467,7382
1907376947,3.9747967320261437,1.604384511891658,7768
1907452985,13.36246480349345,2.6646181925882995,12368
1907513995,10.038741044334976,2.4014109985071452,10349
1908166781,6.219188571428571,1.9767425603601996,9233
1908504916,9.235255354200989,2.3258381679179045,13826
1908907390,3.8326794863551408,1.5754010729222891,3370
1908968769,8.617799729032258,2.2636155201217587,1469
1908991757,2.8037129268292684,1.3359776757022217,11754
1909603113,3.4369199999999998,1.4899604420336403,6874
1910178332,4.376469835294118,1.6820319943601147,244
1910194024,8.8040121875,2.2827917087801484,7374
1910324916,0.0,0.0,7288
1910419691,5.118421052631579,1.8113040653010253,5643
1910494819,7.432924606809339,2.1321436402951393,9902
1910529251,4.407322558823529,1.6877540644044289,10613
1910721795,6.937486666666667,2.071596684427373,8876
1910742211,4.889221556886228,1.7731238254123587,3282
1910888219,1.587487922705314,0.9506874910270927,9974
1911488593,9.364736842105264,2.3384093564776647,38
1911507149,5.074324324324325,1.8040707607075053,8429
1911551024,11.411140909090909,2.518594529647586,13249
1911779055,3.96387,1.6021856784418196,12666
1911906494,7.54054054054054,2.1448243009426875,11047
1913173458,7.939024390243903,2.1904264546223984,6239
1913460499,6.021953846153846,1.949041504975259,2622
1913550570,9.533742331288343,2.354583660090713,13552
1913818012,4.903311,1.775513379946128,1276
1913890208,6.1349503361344535,1.9650052903067405,4295
1914034347,8.650361346938775,2.266995359928467,10158
1914056443,6.213977933333333,1.976020523609651,5437
1914640475,4.52577505407354,1.7094235188455964,2769
1915150564,5.7282,1.9063076487448751,11064
1915410653,14.35082995951417,2.7311695415952535,10179
1915466464,7.6779839634146345,2.160789239415778,5879
1916135621,7.606764968944098,2.152548518328549,11969
1916175907,0.09519166180758017,0.09092938156609674,699
1916297966,7.412110091743119,2.129672345218332,11300
1916536367,5.25085,1.8327174545011484,705
1916604050,8.62625925925926,2.2644947037469034,1626
1916842784,3.6160396039603957,1.5295371088831167,5915
1916938467,1.9570987218045113,1.0842086261109878,4677
1917113245,6.610526315789474,2.029532330558224,9585
1917830143,10.403225806451612,2.433896280851481,9420
1917897261,6.039159428571428,1.9514887636906317,8573
1918320984,4.754032258064516,1.7499008713118542,7558
1918428262,0.0,0.0,11484
1918915473,3.7279253571428574,1.5534864925728415,9580
1919603511,7.7163336000000005,2.1651986907877414,9544
1919782562,6.138688637288136,1.965529095237791,1636
1919847170,4.611728322580645,1.7248587509794284,1216
1919915656,6.547066179775281,2.0211589022818113,2547
1919962903,10.347997399219766,2.4290412877625607,9084
1920866168,3.220463812861736,1.439945030269525,2664
1922032696,7.096096043478261,2.0913819755525926,11459
1922898071,2.9878855952112677,1.3832611644291446,2800
1922906346,4.308974328358209,1.6693986580950626,6611
1923031434,0.0,0.0,3833
1923522048,8.008695652173913,2.1981902944561784,3432
1924240475,9.579295774647887,2.358898862272265,2272
1924812625,8.686258333333335,2.2707082144217163,9108
1924897355,6.448275862068965,2.0079825776976907,3006
1924955808,12.332040000000001,2.5901701607410224,14472
1925624035,30.77365461538462,3.4586374751998723,5640
1925630616,10.0,2.3978952727983707,8617
1925781615,1.0,0.6931471805599453,2778
1925888208,5.53467972972973,1.877123337417654,6597
1926405499,7.045317220543807,2.0850902104368694,3366
1926481088,9.659156626506025,2.366419299895505,7962
1927279384,7.260000000000001,2.1114245875328868,13133
1927332269,8.507013466666667,2.252029785876013,7600
1927332536,8.07874457142857,2.2059359199954565,7712
1927387986,5.347807370689656,1.8481094573218406,3124
1927640747,9.208027865168539,2.323174456337006,13526
1927673455,5.533873411764707,1.87699993921782,13490
1927800342,5.235308372093023,1.8302280361436285,11645
1928925926,5.7282,1.9063076487448751,2109
1929138743,3.1271116071428575,1.4175777935700038,9436
1929194738,9.255839339712919,2.327847235051026,5161
1929644603,0.7272727272727273,0.5465437063680699,1136
1930982024,6.26696536781759,1.9833387859450902,13080
1931271969,908.2507764592275,6.812620937822442,10863
1931712650,4.682241262135923,1.7373457433077406,2795
1931851725,6.6829,2.038997080051736,6484
1932710298,973.382114356659,6.881803541241867,9361
1932790624,5.94,1.937301774518713,1251
1933187424,33.81086732142857,3.549929617382776,2890
1933270820,9.504926108374384,2.351844300324047,10865
1933584756,11.544170806451612,2.5292560801010944,4737
1933893928,6.208791208791209,1.9753012824272391,11106
1933897647,4.946197102040816,1.782751872704741,12748
1934183155,8.332651451612904,2.233519160082413,8649
1934396890,10.192408760330578,2.415235759241868,1544
1935268636,3.087096774193548,1.4078348828419471,10422
1935477216,7.487575714285714,2.1386034135267002,1101
1935971232,6.032510625,1.9505437722232504,2187
1936216836,5.456137566137566,1.8650312390023347,9517
1936362421,11.4,2.517696472610991,1292
1937118092,6.729024390243902,2.0449826437988725,2179
1937677510,12.052132799999999,2.568951553365184,3286
1937812461,7.437567619047619,2.1326940702758828,5029
1938002696,5.604773869346733,1.8877927011046003,2119
1938074457,6.318791946308725,1.9904452796962246,4961
1938211485,5.675652173913043,1.8984669034706028,7700
1938316148,8.25534705882353,2.2252014449251267,10463
1938731371,8.345225017741935,2.2348655195627303,5703
1938853061,8.20037052631579,2.2192437578435373,1418
1939091738,8.15,2.21375387928743,5669
1939362966,5.8797405000000005,1.928580933210654,9689
1939581737,6.747683214285714,2.0473938585815934,4940
1940279853,2.16,1.1505720275988207,9429
1940462910,12.882352941176471,2.630618460969394,3335
1940476816,11.225134721003135,2.5034940554231704,9577
1940542972,14.091341748953974,2.714121185258601,9853
1940802459,8.916537735849056,2.294203841812024,8723
1940986648,0.0,0.0,3097
1941420491,11.153604286111113,2.497625774857567,6709
1941460243,2.3891325545454545,1.2205740050336507,9745
1941521041,8.0,2.1972245773362196,7691
1941522458,8.365958691891892,2.237081700319411,8342
1941641047,9.114285714285714,2.3139488516443607,2650
1941654300,10.287379591836734,2.423685251296327,8670
1942662887,11.230965,2.5039708509199037,5427
1943032676,9.638452060465116,2.3644749902908218,9557
1943308898,13.747679999999999,2.6910857822791594,1158
1945070387,111.18251928020565,4.72012718130891,12252
1945131096,3.5836426618705035,1.5224940230297876,10122
1945214807,8.192941176470589,2.218435926130654,3586
1945395922,2.9711462482168334,1.3790547805358702,11289
1945911182,11.910132757009347,2.5580124880751867,7394
1946789760,9.409458483754513,2.3427148624222185,4518
1947329762,9.133858267716535,2.3158821211375353,11541
1947674757,8.105457368421053,2.208873944583637,4635
1947875397,11.108789018000001,2.493931554051191,6540
1948385621,12.396117647058825,2.594964937146218,151
1948782826,13.185080905882353,2.652190771866851,1912
1948848483,8.149171270718233,2.2136633036793794,1949
1949243066,5.3981565940462435,1.8560099166961164,2569
1949375361,5.691398021668473,1.9008228241573617,3136
1949666562,10.1225495,2.4089745341264575,1445
1950065834,4.835987261146497,1.764043447852553,4189
1950748525,7.795807428571428,2.1742751793845803,1726
1950858717,9.492088197761195,2.350621468160793,7198
1950932526,11.478068965517242,2.5239726206421653,10755
1951909485,6.3450830769230775,1.9940311202389451,8150
1952217372,4.121827411167513,1.6335112916156205,13804
1952788869,8.346805714285715,2.235034650094368,5718
1952855933,0.0,0.0,6447
1953040616,3.2857142857142856,1.455287232606842,990
1953085395,3.0,1.3862943611198906,6485
1953471686,8.269170769230769,2.226693922419177,3285
1953484968,2.9896901126760564,1.3837135618896366,9256
1953539853,11.18421052631579,2.5001408943598484,4466
1953632231,8.62810125,2.2646860360682726,1779
1954040153,5.696944146341464,1.9016513247918148,8491
1954283474,5.320707070707071,1.8438310801772937,14624
1954747516,6.177838352104209,1.9709982725643727,2290
1954850702,33.80377405620438,3.549725830791095,4529
1955171356,5.959061135371179,1.9400445709040468,1343
1955968157,12.1094148,2.573330659098158,6097
1956776022,9.310638297872341,2.3331762066723667,932
1956783052,11.374583478260869,2.515644649565946,4081
1957018340,7.111866174757281,2.093327949518132,6838
1957534369,11.713127509090908,2.5426351217368413,3038
1957926870,8.696829197080293,2.2717989451712297,2709
1958671425,6.5115952863157895,2.0164478648310546,13258
1958807784,9.27416041764706,2.3296320458658566,989
1958839289,8.1229728515625,2.2107957215354412,456
1958974562,4.8022470625,1.7582452670918192,2275
1959040234,11.047242857142859,2.488835825220135,1466
1959240640,7.044642857142857,2.0850063863132435,4076
1959519895,1.0012110256410256,0.6937525101315396,11699
1959558352,5.0837775,1.8056258023936507,14246
1960811823,3.830068481012659,1.5748606458274612,3327
1961059292,4.759786077348067,1.7509003346688232,11407
1961315107,8.762024793388429,2.278499837247474,8674
1961317408,8.85632,2.288112873796573,9634
1961493532,7.707525,2.16418759434204,468
1961615423,5.183060318181819,1.8218133460167687,11002
1962147216,6.452992653061225,2.0086156501297463,14342
1962420177,6.334715294117647,1.9926185961337475,4560
1962737981,8.175481875000001,2.2165349129974516,143
1962812293,0.0,0.0,4051
1963224294,3.3818411538461537,1.4774689908234395,12438
1963364001,4.401844529032258,1.6867404746956676,1635
1963657017,7.651669263157894,2.1577522807256084,835
1964464555,1.4917790322580646,0.9129969261502419,10252
1964680011,3.7559558347826085,1.559397692574865,4031
1964733517,3.8313180161812292,1.5751193116361213,13263
1965139204,9.24647704347826,2.326933943429686,4242
1965251434,9.413812154696133,2.3431330168111852,10453
1965483693,6.201279005027933,1.9742586498331793,11715
1965532961,5.079004,1.80484086676933,4477
1965658029,9.166634949438203,2.319111275213,1756
1966207392,5.355474657534247,1.8493165922588757,12973
1966551543,1.9363636363636363,1.0771719574302403,5759
1966911390,9.6300589,2.3636857332604246,5507
1967023658,5.38008800880088,1.853181891744452,11654
1967189777,11.17539396226415,2.4994170267419853,12683
1967692393,9.623376,2.363056856069355,3016
1967979863,6.228938571428571,1.9780922164621462,14311
1968077180,9.191076923076922,2.321512525956321,13847
1968116737,3.970904745762712,1.6036018649419603,2233
1968272257,5.334957506349206,1.8460831059919953,13183
1968550069,5.637254901960785,1.8926984596280039,5621
1969760031,7.195818639798488,2.103624102239989,4475
1970430205,5.875,1.927891643552635,11085
1970668829,0.0,0.0,589
1971281141,7.7223198062015515,2.165885235361711,10620
1971623424,5.7282,1.9063076487448751,2478
1971823085,139.19526000000002,4.94303616518445,3876
1971996022,5.0,1.791759469228055,8045
1972844313,0.0,0.0,6395
1972876108,11.680871934604905,2.5400947112036523,5936
1973355758,2.9698995681818183,1.3787407966919079,561
1974049930,4.16554704,1.6420110098383502,3257
1974073133,7.713924050632912,2.164922211870363,13582
1974262283,11.077689243027889,2.4913598863800015,10297
1974376371,7.690476190476191,2.162227735299123,2694
1975001899,4.993674832535885,1.790704718596772,4014
1975138110,4.904842062937063,1.7757727029642971,6409
1975289485,9.922058823529412,2.390784489499144,750
1975529191,9.777439613526571,2.3774550246103794,5426
1975600776,8.362380352644838,2.236699569337898,8159
1975632186,10.190819350180506,2.4150937412858435,7547
1976183183,15.049543636363635,2.77568041530035,4752
1976984729,6.9627704229899905,2.07477698239254,11510
1977010047,13.1996871,2.6532199291531686,8268
1977491595,8.966666666666667,2.299246191728531,3721
1977874492,9.339878644067795,2.336008132460906,13706
1978422280,9.167883211678832,2.3192340479516806,9621
1978592325,0.014337294915254237,0.014235487840728376,12376
1978777668,3.597373781512605,1.52548522339737,7468
1979470880,8.889531568228106,2.2914767803296976,9635
1979622199,0.0,0.0,4020
1979705465,0.16338028169014085,0.15132980348561698,11938
1979715071,1.9819350000000002,1.0925724186536039,1557
1980224408,3.6429852857142864,1.5353575398995056,9581
1980725802,15.654310344827586,2.8126690624921435,13935
1981017546,0.0,0.0,12543
1981691984,1.7184599999999999,1.000065543498897,6545
1982031898,9.621868131868132,2.3629149072995466,11883
1982324812,176.51134770491802,5.179034537603921,11005
1983602168,6.708333333333333,2.042301994730379,10727
1983737517,5.220718232044199,1.827885371474523,12638
1983778901,5.1001078947368415,1.808306458684618,1837
1983806768,4.290397125,1.6658933139409988,14288
1983829826,5.5225225225225225,1.8752611910733823,9994
1983920165,5.484112862068966,1.869355009963301,6521
1984130093,11.142409777777777,2.4967042649262607,12361
1984210738,8.994782608695653,2.302063217710391,4482
1984555315,0.0,0.0,12039
1984756740,11.4564,2.522234547053978,14144
1984797648,4.970556408,1.786840123731615,3176
1984851454,8.820128479657388,2.2844342057489526,12566
1985223455,0.0,0.0,3104
1985587801,3.670164071856287,1.5411942042234554,4838
1985726915,6.9813809000000004,2.077111441603921,8535
1986028868,4.5202026315789485,1.708414568234634,11575
1986076257,5.278143176733781,1.8370742642657565,3476
1986156151,1.7093676190476192,0.9967152567561133,9913
1986491409,1.4698070930232559,0.9041400475993382,13239
1986953737,0.24638809426229513,0.22024984398851266,233
1986984330,7.964925714285714,2.19331982083043,13854
1987133930,9.079506,2.3105042535057865,7628
1988056544,9.884946902654868,2.387380816645662,9843
1988192472,9.0,2.302585092994046,11978
1988343894,3.502365,1.5046028142758774,6549
1988349094,3.4369199999999998,1.4899604420336403,8831
1988597314,9.156678442105264,2.3181314637090717,2510
1989038678,9.787878787878787,2.37842316938555,9450
1989087059,7.240669200000001,2.1090815542159684,1709
1989321372,8.448122286792453,2.245816021951906,3947
1989372524,4.0,1.6094379124341003,12167
1989973468,9.687289719626168,2.3690551587127002,2458
1990129206,6.984732824427481,2.0775313214237165,13463
1990135881,17.25,2.9041650800285006,1832
1990224047,4.2715418142857144,1.6623228841452489,11961
1990509347,8.118485925925926,2.210303773409823,7761
1990845961,1.7730142857142857,1.019934918338469,11641
1991411196,0.0,0.0,680
1991680109,15.878570400000001,2.826044793638118,3703
1991810820,6.817391304347826,2.0563509061083702,3546
1991839651,9.001457142857143,2.3027307966644646,1754
1991980671,6.417164073033708,2.003796783722331,6324
1992018589,5.772752666666666,1.91290760202083,8620
1992224975,9.727307262745098,2.372792571070553,12868
1992411789,10.108695652173912,2.4077281937146093,8610
1992722995,3.61592625,1.529512552041769,1133
1993498155,7.607049599999999,2.152581588401982,10753
1993593713,0.03249272550921436,0.03197600031657433,9561
1993808463,8.0,2.1972245773362196,3007
1994130301,9.667193306772907,2.3671729854227945,392
1994427511,6.77302368,2.050659236686257,1393
1994900861,4.8533333333333335,1.767011299538861,8050
1995279827,5.415752727272727,1.8587563298079255,1538
1995611651,0.0,0.0,3434
1995940398,6.4478952000000005,2.0079314689842556,3898
1996231513,11.158697790697675,2.498044781222739,2154
1996647145,5.7282,1.9063076487448751,12223
1996776092,4.666666666666667,1.7346010553881064,11266
1998103000,7.963137049180327,2.1931202828061696,3868
1998109365,8.968253968253968,2.299405440076666,6813
1999029404,0.9655172413793104,0.6757554378480762,7948
1999738903,6.076923076923077,1.9568392195875035,2736
2000308010,6.348755000000001,1.9945309111219174,8239
2000366472,8.728229937393284,2.2750319616008516,4984
2000668464,6.437544540302268,2.006540759465886,8241
2000973101,1.0,0.6931471805599453,12472
2001073796,10.119791666666666,2.4087265536349434,13499
2001094990,12.94451296875,2.6350860953171704,8483
2001217405,7.772949873417722,2.171673109396619,4515
2001741751,0.8348218082844263,0.6069473695893765,4547
2002538409,12.303306727480045,2.588012630451674,9142
2002902511,6.309832615384615,1.9892203754673228,10721
2002971458,7.0926490066225165,2.090956119577077,12257
2003165557,8.104361418367347,2.208753575450055,11137
2003526623,3.6,1.5260563034950492,11410
2003928366,5.936860096711799,1.9368492365065255,593
2003944815,0.7337776859504133,0.550302661344444,8042
2004050833,1.102977505399568,0.7433542002294838,11367
2004577882,2.64258,1.292692221783584,12612
2005109238,6.493692210065646,2.0140616280129118,1110
2005400078,7.232876712328767,2.1081354933868166,13916
2005689141,6.720162843750001,2.043835457564215,11320
2005930712,3.4586708823529415,1.4948507131775888,2103
2006495494,9.284405425454546,2.330628711560705,5655
2006777911,12.503178514285716,2.602925103234087,23
2006858034,9.417691119999999,2.3435054301985003,6639
2007557269,10.227498810810811,2.41836602006221,11509
2007772910,6.84625,2.0600357106496046,5432
2008029655,11.965573333333332,2.562297639635197,2950
2008036450,5.3463199999999995,1.8478751173545425,6064
2008786313,11.4564,2.522234547053978,4287
2008838888,3.700734693877551,1.547718814345939,13114
2009200540,8.026836750000001,2.2002020015175052,13630
2009327960,1.5942466683955407,0.9532961732759795,12052
2009482848,3.1648351648351647,1.426676698565576,8141
2009518365,8.54785521442786,2.256316544393015,9312
2009855029,3.3801652892561984,1.4770864609494265,13252
2010081355,14.490844224719101,2.740249154216658,11911
2010896860,16.586874782608696,2.8671528728453697,10272
2012052263,5.555555555555555,1.8803128665695001,14055
2012056351,6.542136607228915,2.0205055115372734,1230
2012195465,940.578947368421,6.847558197336324,4864
2012356178,2.115548595505618,1.1364052508601483,3470
2012669514,40.64521739130435,3.7291865334794383,11667
2012972302,8.87871,2.2903819364335702,581
2013183496,9.269269090909091,2.3291558520708175,7215
2013246686,123.11020185929203,4.821169895594801,6121
2013464084,2.217879642857143,1.1687226466454974,693
2013948344,10.506711409395972,2.4429304659575157,12089
2014319036,1.9015261855670103,1.0652368694456484,1993
2014809927,9.078947368421053,2.3104488294542604,1701
2014888281,2.2144773184357542,1.1676647685584574,7559
2014995930,10.813496583143507,2.469242656088144,11625
2015454397,4.58256,1.7196474525472347,11528
2015798890,7.419577464788732,2.130559644665931,4391
2017574110,9.875094084507042,2.3864752283862476,7078
2018400434,7.166787643979058,2.100075642321308,10161
2018838068,0.0,0.0,709
2018950157,4.372526000000001,1.6812981889830325,6978
2019201329,13.115384615384615,2.647265310033088,1935
2019247208,75.33401314285713,4.335118620648095,7929
2019359984,9.03269696969697,2.3058494561281275,14262
2019557229,5.7282,1.9063076487448751,14578
2019971087,8.146118721461187,2.2133296058493173,9176
2020666401,7.955883571428571,2.192310698588203,12351
2021085665,4.888148148148148,1.7729415421406376,9397
2021216956,8.102037829787234,2.2084983257918376,9496
2021366567,15.2513325,2.78817490541393,3107
2021917096,3.9638699999999996,1.6021856784418196,185
2021985632,10.053978620689655,2.402790419330103,1489
2022020363,8.237838673469389,2.2233079484947442,2374
2022214935,3.424952805095542,1.4872596128878839,1452
2022363745,0.0,0.0,9458
2022518748,3.1567885964412814,1.424742804140034,5529
2023079684,3.673948965517241,1.5420043172545825,7328
2023500489,8.03739336492891,2.2013707882372815,4894
2023549143,3.159751590909091,1.4254553587664602,11977
2023571193,6.480612857142857,2.0123147214031887,7321
2023959317,9.863502144,2.385408743551265,4936
2023988559,8.217569735682819,2.221111416672029,3342
2024112166,3.523830548926014,1.509359101523647,16
2024179995,3.740740740740741,1.556193397915288,1016
2024228983,8.16677657142857,2.2155857055429307,8392
2024284822,2.4590675,1.2409990440751244,3946
2024410266,6.341851851851852,1.9935911066977905,1408
2024425096,6.427486753246753,2.0051875448790204,8161
2024714882,7.647058823529412,2.1572192427225203,5841
2025129100,0.44871794871794873,0.3706789920227488,510
2025525659,2.1452223107569726,1.1458845746993347,1978
2025633944,0.0,0.0,6580
2025705756,9.637432432432432,2.364379142051581,9316
2025940506,12.998607692307692,2.6389578741202744,11647
2026375452,5.465072361290322,1.866414204936174,1010
2026398764,3.5082534240000003,1.5059098111014344,11452
2026405686,9.01415857605178,2.303999949217942,14547
2026536517,8.702457692307693,2.2723792237574925,14434
2026575712,8.644032039800994,2.2663392825656867,2652
2026787359,3.156624728571429,1.424703381615623,9423
2026909158,10.422933815827337,2.4356230727953716,5293
2026984607,5.8624546875,1.92606520389946,9695
2027760638,0.028636824481132073,0.028234454302270937,5040
2027806067,1.260998479889043,0.815806520977625,10676
2028516365,7.011537115384614,2.080882642218546,6027
2028984721,14.0,2.70805020110221,10242
2029036051,10.717571656050955,2.461089566098006,3887
2029201576,8.268532173913044,2.226625025499215,4647
2029402827,11.76594064,2.546780736971888,6830
2029519768,7.603652184827587,2.1521867857659225,408
2030094673,7.963933818181818,2.1932091728438015,8486
2030201215,5.753773698481562,1.9101014151067301,12071
2030639722,6.61661992909091,2.030332692428889,3017
2030709861,10.55771144278607,2.447352871567843,5093
2030839821,5.874203665714286,1.927775806402213,4585
2031109003,7.042307692307692,2.0847160684131056,7821
2031331771,0.0,0.0,4774
2031359690,4.248854117647059,1.6580097894753085,2581
2031702238,5.873678095238096,1.927699348008755,9281
2031844772,4.568573286290323,1.7171388786318513,14349
2032466351,3.734739130434782,1.554926631231148,13880
2032774925,11.34729142857143,2.5134367214958004,5446
2033555373,8.023786917293233,2.1998640815883097,2692
2033806741,7.173054211764706,2.1008426715432806,12517
2033929434,8.306063522617903,2.23066617938432,8857
2033957408,0.0,0.0,6745
2034332973,0.0,0.0,13345
2034630958,6.090875545023697,1.9588088230500393,133
2034677753,6.072932271293376,1.9562751423390359,6506
2035123754,5.336384323640961,1.8463083098128579,704
2035141054,10.88358,2.475157615340018,8531
2035522286,18.88952061818182,2.9901929909254474,3076
2036536728,7.661341853035144,2.1588696589585123,2422
2037085701,5.932592100000001,1.936233783670179,13437
2037130932,12.164001176470588,2.5774859204513865,4434
2037165072,6.375,1.9980959022258835,5048
2037384923,0.0,0.0,780
2037389958,7.267095,2.1122831776766304,3030
2037574946,7.240174672489083,2.1090215418143106,12464
2037890135,0.0,0.0,7011
2037901866,5.0,1.791759469228055,12136
2038313707,7.398924999999999,2.1281037214691403,5886
2038334705,0.6962699822380106,0.5284317123410398,562
2038679709,5.701501703488372,1.9023316361314684,8410
2039170820,4.065507692307692,1.6224543680787358,8215
2039794041,4.0,1.6094379124341003,8500
2040027306,4.34700785046729,1.6765371241658702,10157
2040658421,6.6829,2.038997080051736,13906
2040663097,6.0862125,1.9581509947037605,1358
2040988264,7.454615384615384,2.1347124916192723,276
2042072597,8.829113178082192,2.2853487142279545,1564
2042221395,1.3991001769911504,0.875093740797792,9549
2042239163,6.135495148514852,1.9650816456498514,2822
2042309828,7.000741661538461,2.079534245075051,5136
2042641190,11.0,2.4849066497880004,6871
2042642794,9.496771875,2.3510677694177753,7575
2043581285,2.8200103714285714,1.3402531376484554,2158
2044100775,10.201754385964913,2.4160704076380437,79
2044363476,8.64034584269663,2.265956983777339,322
2044491625,6.111273375,1.9616813241224926,13612
2044998096,7.956246623376623,2.1923512355811963,5746
2045312092,5.231229795918368,1.829573712342553,14184
2045659046,5.640640371428571,1.8932084003183685,8291
2045820662,0.0,0.0,7320
2045941678,6.433473873873873,2.0059932964184077,2690
2046180661,11.152472524752476,2.497532649062873,7118
2046811507,9.025193042763158,2.3051012291432116,10679
2047332010,6.3828031484375005,1.9991533969066568,9043
2047624724,8.160813492063493,2.214934983919975,8113
2047733517,10.272727272727273,2.4223862928066664,12681
2047999151,14.337291882352941,2.730287240742225,14226
2048383715,11.601285272,2.5337988144694887,10398
2048470931,6.694272601880878,2.040476234152275,5498
2048722350,6.599691483375959,2.028107652175678,656
2048759858,6.5,2.0149030205422647,2749
2049001003,7.433394740169903,2.1321993884819266,8117
2049544842,0.0,0.0,2074
2049740119,12.058509789473685,2.5694400123970618,1482
2049799525,10.31134716,2.425806395324732,13361
2049817379,6.666988333333333,2.036923882902629,6868
2050262335,8.409485106382979,2.2417182343938413,600
2050486829,3.9164180990712074,1.592580236718605,13032
2050502267,2.800762605633803,1.335201732290766,5368
2050797267,10.3446088794926,2.4287426424936367,5415
2051417445,8.636363636363637,2.2655438213136967,4275
2051741149,6.614202898550724,2.030015305694393,2459
2051905688,8.356824925816024,2.236106015614941,2801
2052163739,13.269784457142856,2.658144326759593,961
2052605041,6.8738399999999995,2.063545872274451,7933
2052806486,2.921519,1.3664790787436356,10004
2053025322,4.909146341463415,1.776501377916306,5325
2053446006,5.892372710280374,1.9304153958860686,2905
2053502819,0.3589880108991826,0.30674031312801936,13607
2054370896,4.617989591111111,1.7259738759055243,6299
2055078815,3.7777777777777777,1.563975538357343,410
2055386537,4.894100167741935,1.7739518790373856,6210
2055577099,7.773985714285714,2.1717911745555205,3442
2055603302,8.658575949367089,2.267846220107652,499
2055832661,7.136215443279314,2.0963251386414,491
2055841513,7.77474852631579,2.1718781109715715,4450
2056227353,6.606450000000001,2.028996571573997,1121
2056868184,7.77993709090909,2.1724692425768337,9342
2057275340,9.16512,2.3189622522245985,890
2057309271,4.178768852459016,1.6445673547521638,1375
2057440496,8.904781879194632,2.2930176586253195,1433
2058091689,7.204968944099379,2.1047399395378625,14221
2058737951,0.255079006772009,0.22719852420544673,10200
2059035631,2.7083333333333335,1.3105825393841943,11415
2059776540,4.504420701846966,1.7055515333653222,5782
2060520846,6.340336794444445,1.9933847263754445,1514
2061447517,1.9906155789473685,1.0954792454589828,5697
2061999410,6.38938092857143,2.000043959945186,3328
2062117584,7.960198019801981,2.1927923271669565,12208
2062264898,3.923076923076923,1.5939337258981352,4832
2063438125,5.619753086419753,1.8900580711294201,1934
2063730635,3.154784776119403,1.4242606281979155,889
2063768269,1.0155190677966102,0.7008767641091518,3062
2063894490,3.9175089473684213,1.5928020907747795,895
2065136192,5.8542204,1.92486457934043,13942
2065162569,6.461430365853659,2.0097471338863673,11119
2065270543,7.7727272727272725,2.17164773554657,808
2065564723,4.302348611111111,1.668149856575033,477
2066483435,5.85811793814433,1.9254330510559285,992
2067677598,7.487188405797101,2.138557780080964,7596
2069154020,7.700852902137233,2.1634210555838655,8437
2069340867,6.6655418181818185,2.036735197129112,3959
2069391598,2.5692346938775508,1.2723512013478304,11998
2069481545,7.596017511111111,2.1512990159013987,8370
2069561152,5.396567368421053,1.855761497795009,14559
2069686041,5.925168539325843,1.9351623895860286,11760
2069720593,7.170857777777777,2.100573894520796,12575
2069995227,3.959929565217391,1.6013915400749974,3527
2070286193,3.55647225,1.5165486947346871,1734
2070338963,4.7948146000000005,1.7569634831824272,10686
2070514141,0.0,0.0,1099
2071232907,6.681587301587301,2.0388262056984137,171
2071336355,4.166310266871166,1.6421587522722392,2435
2071447684,3.05504,1.3999605518837053,8401
2071672047,9.666666666666666,2.367123614131617,6127
2071761632,105.82050045226131,4.6711498599059045,2107
2072007365,5.0,1.791759469228055,9500
2072049650,8.104873518158303,2.208809821612277,13674
2072719608,7.879400121951219,2.1837340008878936,5652
2073104375,17.116711363636366,2.8968347920701056,1790
2073447803,9.23417515274949,2.3257326250253327,8920
2073746005,10.808585409836066,2.468826844020464,10326
2073951002,3.8815789473684212,1.5854687223211041,14045
2074021716,9.173012186666668,2.3197383497531594,1711
2074161754,12.0023690625,2.565131576435574,5813
2074209004,5.135013409090909,1.814012263831376,12230
2075083179,1.894273127753304,1.0627340010032078,7598
2075726649,2.5,1.252762968495368,2136
2075786928,9.782407407407407,2.377915862200176,14480
2075789644,8.150213693693694,2.213777233516761,1036
2075889460,5.369324819277108,1.8514934701322796,1690
2075894963,9.51718065491184,2.3530101728090016,4194
2076597360,4.646206666666667,1.7309839332468726,10562
2077173722,2.7889760655737703,1.3320958151977662,4565
2077354708,7.371944347826087,2.124886157144804,12211
2078518249,10.537932281707317,2.4456400666640086,5027
2079084678,5.9245283018867925,1.9350699345024485,9241
2079751515,15.6,2.8094026953624978,14314
2080043440,6.130467464516129,1.9643767953227824,12978
2080560974,10.94284,2.4801319356276137,10000
2080732320,4.80710544,1.7590822436213152,13289
2081909828,8.256218839534883,2.2252956326039848,12378
2081984192,11.458823529411765,2.52242908911109,1648
2082281083,9.251550367088608,2.3274289494722016,2545
2082460874,6.948223680000001,2.0729484672226044,9716
2082900256,6.778792173913043,2.0514010785691315,1013
2083651722,5.669086733544304,1.8974829290453263,63
2083934159,13.400621703051643,2.667271379473023,9160
2084854925,8.428773168,2.243765989348269,10579
2084967489,5.842764,1.9231917435778934,2259
2085004884,10.88451521632653,2.475236310441035,4376
2085162133,8.155842696629213,2.214392221583323,1406
2086393883,8.444766521739131,2.245460780874417,10098
2086550448,5.195348837209302,1.8237988229726716,6935
2086753073,9.0,2.302585092994046,9541
2087113342,6.364985852941177,1.9967371290629425,9470
2087172938,6.512953367875648,2.0166286465097345,6892
2087560870,9.467152363636364,2.3482420073385373,4423
2087639942,7.997111111111111,2.1969035381543343,10471
2087640404,9.463917525773196,2.347932912972505,10661
2087652345,11.167731835714287,2.4987875162291218,1328
2087826201,4.722222222222222,1.7443572303334711,5913
2088150540,6.7363631999999996,2.045931706376726,4338
2088305249,5.465888172413793,1.8665403844450243,272
2088549057,7.122448979591836,2.094631707173811,6822
2088967931,4.084507042253521,1.6261980812915655,3543
2089061107,6.228915662650603,1.9780890474195485,1210
2089783564,4.811688,1.7598710622299398,1922
2089897164,4.465058461538462,1.6983748190165657,8853
2090218039,5.623684210526316,1.8906517424148845,5795
2090421645,4.662164557377049,1.7338062497391236,8928
2090541162,8.571084444444445,2.258746516123802,3701
2090726178,5.112773553719009,1.8103806069642614,13140
2090741062,4.2675089999999996,1.6615575752851601,5210
2090892100,16.65625,2.8710898283467143,14074
2091342160,2.466229833057851,1.243067499844478,10216
2092047706,7.121805704697986,2.0945525068772524,3352
2092160289,9.233203883495145,2.325637716023711,9755
2092232468,0.43030019138755976,0.35788434628809085,12684
2092466854,11.105070399999999,2.493624406151714,301
2093167667,8.99047975609756,2.301632615140754,6046
2093355231,9.0,2.302585092994046,1908
2093926421,6.723898000000001,2.0443191588861165,8337
2093937351,14.53419,2.7430434011573657,13101
2093955748,6.826056570927835,2.057458752349858,6802
2094096370,4.00974,1.6113840175425338,10964
2094325596,14.608074379591837,2.7477883687881737,10896
2094474440,3.1067673818181816,1.4126361939299246,4206
2095359801,4.511111111111111,1.7067662563946624,4484
2095444942,8.306680096551725,2.2307324322642463,13213
2095760910,4.00974,1.6113840175425338,8111
2096268217,3.5043105882352945,1.5050348467714405,422
2096708232,3.65,1.536867219599265,6789
2096974353,7.318840579710145,2.118522891722307,8565
2097712883,6.59543925,2.0275479684767914,1667
2097866393,5.091630677419355,1.8069158090027053,11702
2098056317,15.819444818181818,2.822535646757591,8808
2099677480,3.866535,1.582382184885673,1019
2099906461,6.87878255,2.064173393202665,878
2099987951,13.291325477178422,2.6596527432160606,8096
2100389019,9.967068000000001,2.3948969641782893,11513
2100761966,6.578125,2.0252658075778114,2403
2100834840,3.5309734513274336,1.510936806327167,5780
2100919316,9.078188665682658,2.3103735506311707,14152
2100960181,6.73394495412844,2.045619075772712,3161
2101472346,6.044763593181819,1.9522845881065294,12387
2101711726,7.5,2.1400661634962708,2165
2101874960,3.62944262295082,1.532436477039512,1925
2101989961,6.518518518518518,2.017369113037458,9444
2102174434,8.588385,2.2605524701255892,3980
2102370822,11.093413010526316,2.492660925079144,3884
2102581741,12.0898035,2.5718335683500064,10279
2103003543,5.15538,1.8173264961547242,8511
2103370698,8.0653056,2.2044545557180015,11396
2103778918,7.294736842105263,2.115621198257338,3483
2103922813,2.1964444444444444,1.1620390809529904,9236
2104877904,23.724931466666668,3.2078121056815436,11337
2104903572,9.071125349999999,2.3096724532174835,8284
2105308392,6.8552306192893395,2.061179630829668,13313
2105421557,5.854726506024097,1.924938415212404,5435
2105501753,6.957635135135135,2.0741318621392644,11899
2105603956,4.206646875,1.6499360545198163,13617
2105967329,5.818284050943396,1.9196078347638936,325
2106199336,9.505423728813561,2.351891669401014,1459
2106380841,6.5792253333333335,2.025410995662941,9426
2106393599,4.1734028571428565,1.6435306648773689,457
2106628901,5.136621718681319,1.8142743820548846,3106
2106664139,8.439207096774194,2.2448719826439323,4208
2106744096,5.139201954404146,1.814694758858843,10639
2107622359,10.676274509803921,2.4575589633187804,7852
2107713922,5.56198347107438,1.8812929156503946,4745
2108232102,1.1194797165354329,0.7511706418357383,1983
2108455116,7.716222352941177,2.1651859276497225,13768
2108691001,8.2165625,2.221002137247216,2045
2108768089,5.960122383900929,1.940197058085545,7367
2108951305,8.666666666666666,2.268683541318364,1220
2109014385,15.337547755102042,2.7934660019821536,160
2109372918,2.7262830482115086,1.3154112349977205,13907
2109669950,7.166318644067797,2.1000182129624196,256
2109747831,6.175496688741722,1.9706719841614895,5832
2109779374,6.469496470588235,2.010827589990348,5263
2110862018,9.476190476190476,2.3491051086289385,5867
2111052751,0.0,0.0,3175
2111054136,0.0,0.0,3797
2111287532,10.0,2.3978952727983707,5645
2111295276,0.0,0.0,9094
2111665627,13.633333333333333,2.683302031413016,13405
2111843314,4.811688,1.7598710622299398,5035
2111871475,8.01948,2.1993866827453203,2965
2111913735,10.75464269626556,2.464248285636028,7335
2111930702,6.606450000000001,2.028996571573997,147
2111956005,8.774938260869565,2.2798217898279094,11450
2111961883,3.2146462564102563,1.438565662999601,14046
2112048313,11.697247706422019,2.541385253948471,8842
2112070137,0.0,0.0,3879
2112128733,10.921104955752213,2.478310354971263,782
2112352433,4.616548223350254,1.7257172800770944,12856
2112595394,7.179539638554217,2.101635870125586,4313
2112841317,8.183346696428572,2.217391702076242,11679
2113174785,1.32129,0.8421230656310843,14270
2113202784,9.812225609756098,2.3806774948036087,12161
2113353698,6.617415162454874,2.0304370946256687,6494
2113364520,1.0,0.6931471805599453,11215
2113442951,1.2630800836820084,0.8167267543071802,2297
2114836465,8.883827160493828,2.290899801176,10080
2115022347,10.672541052631578,2.4572391648952436,5313
2115302184,10.2056625,2.416419230895504,13142
2115721142,4.650638214503817,1.7317684970982987,10048
2116278424,3.7706569343065697,1.5624840174942842,10150
2116499178,4.58256,1.7196474525472347,6368
2116893249,2.777460975,1.329052084204709,6759
2117093082,1.105263157894737,0.744440474947496,8202
2117584517,7.266393442622951,2.1121983126610098,8156
2117856535,7.099211803278688,2.0917667487064406,12459
2118117460,7.738016307692308,2.167683196823258,11917
2118149291,7.126789783608641,2.0951659850170157,11519
2118430090,0.0,0.0,5237
2118469220,8.689571320754718,2.2710501855798877,8143
2119104914,10.091382127659573,2.406168421879916,13860
2119131253,11.643803709677417,2.5371672698479744,11022
2119298639,6.59647452631579,2.027684261551204,12607
2120318391,4.292416062222222,1.666274864141498,14359
2120332394,5.626717959183674,1.8911096528498301,6070
2120986043,8.60919540229885,2.262720494430118,5270
2121405720,8.491228070175438,2.2503680110119313,2377
2121409594,0.7508223684210527,0.5600856023673672,4127
2121847069,4.680232048192772,1.7369920854536416,9315
2122765625,12.008547008547009,2.565606603623875,9766
2122823368,4.79339328372093,1.756718179283764,6352
2122872788,4.579286742857143,1.7190609443623266,13656
2123334010,5.6032505949008495,1.887562042165898,165
2123446625,15.576140952185089,2.8079643694304632,6659
2123581128,4.509121538461538,1.7064051800481905,8191
2123774968,4.454268292682927,1.6963984751245753,6970
2123945292,1.8392587755102041,1.0435430235694523,9775
2124176963,0.11894273127753303,0.11238424953713394,10768
2124265011,9.088317318435754,2.3113780532071493,6283
2124329885,1.2465220741721854,0.8093832755079287,5972
2124565232,9.373928571428573,2.339295790560273,8647
2124627951,6.561018825214901,2.0230059463514887,7433
2125081040,11.44,2.5209170873110334,4782
2125119967,9.163425925925926,2.3187955827457123,7621
2125224041,6.740579345088162,2.04647653558704,10131
2125226788,12.582733812949641,2.6087994135747543,11316
2125310846,5.295081967213115,1.8397686884144155,4978
2125610407,13.212900000000001,2.654150002919839,7166
2125771098,6.524912498684211,2.0182191824855003,5695
2126076731,10.023809523809524,2.4000574358028657,10434
2126131358,9.213928571428571,2.3237523349983924,5612
2126916927,11.310242400000002,2.5104316313103707,5206
2126940572,3.9556126037037043,1.6005207935816834,1068
2126957930,13.57833954751131,2.679536834464826,8915
2127036149,3.9192947368421054,1.5931651740588688,14514
2127163970,0.0,0.0,13044
2127630192,8.548022827089339,2.256334099245546,1729
2128105740,6.625507067307693,2.0314988209129234,9301
2128138350,8.679558011049723,2.270016240230511,9228
2128160782,6.298453608247423,1.987662491227597,4586
2128301151,0.0,0.0,8794
2128621540,6.346987037037037,1.994290302247995,5533
2128972715,8.335785441176471,2.2338549128410405,1287
2129024405,10.319148936170214,2.426495887631586,9809
2129070063,7.319366666666667,2.1185861301408346,899
2129598577,7.020804332635984,2.0820387077019986,2780
2129910454,0.0,0.0,10368
2129953792,10.374694103225806,2.431391072451312,458
2130183847,9.433248510638299,2.3449976788741793,760
2130197543,0.0,0.0,6988
2130381615,9.998312727272728,2.3977418726034103,1236
2130577218,9.2300396,2.325328450923785,838
2130882458,6.377396,1.9984207308192954,5502
2131410800,4.293103448275862,1.6664047370407777,7380
2131870479,1.14564,0.76343787617538,7752
2132302020,7.775280898876405,2.171938780107546,10170
2132361779,3.4988464864864866,1.5038210275801636,7656
2132377277,11.889897959183674,2.5564439006423125,14491
2132398205,13.481376923076922,2.672863473809388,9234
2132491314,5.306122105263158,1.8415209242819224,6992
2132647118,7.970952380952381,2.19399184445386,3289
2133175152,6.846900972972974,2.060118673334978,4973
2133615350,2.3787392812499997,1.2175026462024523,11303
2134282712,10.57032,2.44844319855864,2006
2134604907,7.853211009174312,2.180780219109842,14191
2136419575,4.68996375,1.7387038772919352,5164
2136529684,8.290491612903226,2.2289914699297273,10418
2136619574,4.3989289024390255,1.6862005824958075,6756
2137069059,18.17721518987342,2.9537228654764482,2480
2137427627,4.0,1.6094379124341003,1641
2137703921,4.63310294117647,1.7286604344085603,8099
2137738077,4.7625,1.751371408322767,8699
2137933744,11.157537391304347,2.4979493388661798,8295
2138354276,9.221851851851852,2.3245277671723725,5819
2138607894,6.290024563106797,1.9865069154396908,1927
2139341260,5.088236971153846,1.806358544104391,7614
2139563274,0.0,0.0,4245
2139653545,9.045782500000001,2.3071528946853572,654
2140430200,32.536176,3.512624736776409,10904
2140572776,9.732374398125,2.373264818101441,1384
2140606608,3.4789915966386555,1.499397931054315,1871
2140668199,10.241888888888889,2.419646880959513,8076
2140781460,6.345048192771085,1.9940263709073902,6923
2140923682,6.469496470588235,2.010827589990348,11764
2141376577,10.82380747826087,2.470115081788179,9203
2141598351,9.419036697247707,2.3436345845706628,5845
2142321095,10.140783738872404,2.4106125856036513,6706
2142704324,5.0,1.791759469228055,2093
2143218092,4.3171315625,1.6709339779625536,12087
2143701007,1.1341836,0.7580841847925812,8331
2143782116,9.397333333333334,2.3415493630121866,553
2143787900,2.2482217866143936,1.178107704024337,3135
2143978246,5.63273,1.8920164841518314,347
2144148372,0.0,0.0,3144
2144665748,3.0155521197761193,1.3901748522100392,69
2145111949,7.95389473761468,2.192088603843338,9132
2145354988,3.6640189373296996,1.539877509359352,559
2145596872,7.952610311746988,2.191945144707526,6232
2145691156,6.771538461538461,2.050468144978104,4343
2145926043,7.411764705882353,2.1296312862036912,6925
2146302013,5.2244316609375,1.828482138734932,13707
2146381232,2.455162978723404,1.2398696279517667,5261
2146471161,3.2054794520547945,1.4363883064388059,1437
2146531302,5.610763607142857,1.8886991702083988,13668
2146941691,11.4564,2.522234547053978,6853
2147438046,5.371689937409726,1.8518647306958924,8965
2147564602,1.2852103553299492,0.8264580793343382,7000
2148063904,10.91565792,2.4778533268189573,10355
2148134535,0.0,0.0,12625
2148328363,4.5244494014423084,1.7091835865902967,10231
2149083289,2.773654736842105,1.3280439580878525,11949
2149089228,8.637931034482758,2.2657064626086796,14621
2149203711,10.406059322033897,2.434144733670664,7326
2149752471,6.898583844492441,2.0666834832131173,3497
2149815072,0.4837057002915452,0.39454280991071333,2130
2150124961,9.494949494949495,2.3508941409646376,8935
2150204216,0.6804430175609756,0.519057459581341,365
2150539428,6.705363529411764,2.041916648634013,3731
2150793249,9.0200056,2.304583654538798,12
2150794219,9.249030000000001,2.3271830669599827,449
2150951189,0.9490217857142857,0.6673275983563768,12021
2151009690,7.111236710204082,2.0932503485119645,8932
2152029346,5.127462359999999,1.8127806936024058,10588
2152512692,3.8412698412698414,1.577177050215879,7055
2152752466,7.04917,2.085568980524663,11581
2153094292,3.8959540237690997,1.5884091545958965,3262
2153563151,9.477011494252874,2.349183475464134,7896
2155145724,7.855817142857143,2.1810745473676407,12115
2155191032,2.6933988461538467,1.3065471306220071,3081
2155437395,3.7168141592920354,1.5511336054535039,10660
2155470443,9.001536334562212,2.302738714649856,10783
2155771973,8.035286860465117,2.2011376734533026,13709
2156133959,10.966320666666666,2.482096092759091,14439
2156371003,0.2082981818181818,0.1892129083062887,3227
2156676658,6.76343495049505,2.0494248845149587,8123
2156834357,3.7,1.547562508716013,5333
2157358280,0.0,0.0,5139
2157730468,0.0,0.0,10359
2157771002,10.632575757575758,2.453809417294506,13789
2158835155,6.03217583449235,1.9504961649753139,6241
2158972610,9.72333923076923,2.3724226025456114,9053
2159088148,6.859763253191489,2.0617564855283868,2032
2159174648,4.98242388372093,1.7888258175637355,11420
2160390923,6.080723404255319,1.9573760782283194,13125
2160607584,5.038461538461538,1.798149267326826,7569
2160713085,9.176148205851065,2.320046570745941,10680
2161040273,6.796157270029673,2.053630954611371,10477
2161257019,8.910401002506266,2.2935848119537345,4828
2161418814,14.431818181818182,2.736431493640435,3904
2161451778,9.12565445026178,2.3150722479666097,3997
2161475086,0.8235294117647058,0.6007738604289301,3902
2161504853,9.849365260273972,2.3841065769179597,13052
2161687493,3.864081632653061,1.5818779275520334,6950
2162956360,39.15068493150685,3.6926394995625014,2758
2165003047,4.961165048543689,1.7852659399175066,9537
2165157453,0.3375214163335237,0.2908182118718109,5344
2165399690,2.862032085561497,1.3511934919887707,11030
2165465590,8.068679999999999,2.20482671880596,11194
2165890788,5.282247371206226,1.8377277781199393,10836
2165927197,10.009772727272727,2.3987833081303167,12462
2166070598,9.379298028169016,2.339813248106885,3336
2166925082,7.710404460431655,2.1645182261159746,4471
2167282688,8.608643835390946,2.2626630928771925,3203
2167620074,2.6279757251908396,1.2886748412687745,7631
2168730729,4.12962962962963,1.6350334596230642,6069
2168756551,12.775201348547718,2.622869971886614,2875
2168781806,3.3096266666666665,1.4608512801009503,14136
2169009770,10.393532642543171,2.43304588236046,13487
2169130187,9.59774940861244,2.360641658632729,8851
2169305066,8.772151898734178,2.279536697557755,13670
2169482520,9.340422471910113,2.336060726264003,5187
2169531423,3.5575480849445325,1.5167847782433894,12350
2170000966,8.446153846153846,2.2456076582515054,2512
2170024184,8.155172413793103,2.2143190106955193,12889
2170741882,8.063559624832514,2.204261937465151,11493
2170824626,6.549612385474862,2.0214962222708035,4545
2171082344,0.9308325000000001,0.6579512570636149,2531
2171323157,8.18342105263158,2.217399798895892,7755
2171996930,7.696990357698289,2.162977029914164,1218
2172446222,5.885590889370932,1.9294309512098875,11642
2172917220,0.0,0.0,2465
2173401195,10.321480961456484,2.4267018912017218,13725
2173650974,6.595910693301997,2.0276100358116773,8343
2174063795,9.643894925373136,2.3649864813430357,2327
2174068093,3.4369199999999998,1.4899604420336403,4281
2174351622,10.355140174552137,2.4296705202239184,13791
2174512532,0.0,0.0,12516
2175133980,7.705376344086022,2.163940805379945,12028
2175576045,8.295811518324607,2.229563924336513,4571
2175742584,7.617807777777777,2.1538307342080363,5837
2176083549,7.674094445217391,2.160340933665794,11674
2176311258,5.2458252631578945,1.8319132826703084,10954
2176447080,12.662430258461539,2.6146497488939495,13064
2176672336,4.999945945945946,1.7917504601784646,11236
2176717693,2.7929682249817387,1.333148885392932,2171
2176760701,5.35863870967742,1.8498143150834419,6913
2177321863,6.016949152542373,1.948328529919595,8715
2177325000,0.0,0.0,10056
2178366065,8.706864,2.2728332641240603,6783
2178377222,8.542489565217391,2.255754412130482,11638
2178751419,3.433273228346457,1.4891381889518578,3164
2179402961,4.8030089090909085,1.7583765604633514,1420
2179462614,17.48081289896907,2.9167330532855447,13403
2179972871,2.677380952380952,1.3022008010812223,7331
2180270965,2.744554956521739,1.3203027731977255,8707
2180456505,5.989281224489796,1.9443777218439646,3680
2180920276,8.965878260869566,2.2991670843390453,5996
2181181979,5.750930952380952,1.9096804142457575,5781
2181649304,4.782368230088496,1.754813327157544,9583
2181726870,3.4891843333333337,1.5016710222967358,292
2181768933,11.30030929787234,2.509624408230695,4448
2181914380,5.696132596685083,1.901530135363434,10851
2182698641,8.833767428571429,2.285822118981741,9921
2182811094,9.827338129496402,2.3820742440522844,1539
2183083077,12.006774499999999,2.565470337112683,6053
2183756554,10.461714285714285,2.4390122887305936,14039
2183966662,7.011111111111111,2.080829466954684,5522
2184563979,3.672241379310345,1.5416389092834424,8880
2184825432,2.8414657750759877,1.3458540060254165,8592
2184962731,6.942583892617449,2.072238649600866,11273
2185002650,9.533485401459854,2.354559268668001,14468
2185705013,8.702928870292887,2.272427785324021,6285
2186214724,5.2041306382978725,1.8252153022005688,14299
2186386941,1.9527925531914894,1.0827513507823172,3431
2186906217,0.08928571428571429,0.08552217343816193,1162
2187369776,4.378848015075377,1.6824742276540263,3326
2188536717,7.044281314168378,2.0849614432243593,12290
2189137811,5.105691056910569,1.8092212963917171,2680
2189404566,10.99,2.4840729690394228,4756
2189438201,10.088274369886365,2.405888186900272,5166
2189755903,10.201862064071856,2.4160800202027994,681
2191152970,11.515913766233767,2.527000935900651,9998
2191308189,10.77538626609442,2.4660114432790454,6206
2191487993,5.877145108928572,1.9282036107299703,13228
2191898776,8.563498409687309,2.257953602558618,6577
2192081600,8.72463768115942,2.2746626323744223,312
2193194067,9.032485968454258,2.3058284245488623,14180
2193213896,7.716666666666666,2.165236901842822,8540
2193375677,9.714285714285714,2.371577964480997,7607
2193951027,2.120971512052593,1.138144335420195,1024
2194302306,0.0,0.0,11589
2194705792,9.53104761904762,2.354327810185561,1508
2194726425,8.808988764044944,2.2832991861074623,10745
2194974925,6.5844461999999995,2.0260995976102314,4669
2196308729,6.792008571428572,2.053098666368963,338
2196312343,9.246536040609138,2.326939701209729,1929
2196618202,4.591070784370478,1.7211708223776154,6959
2196732538,6.921659705882353,2.0696007426954806,13969
2196939016,11.528571428571428,2.528011750322824,3771
2197157892,2.755417438016529,1.3231994476169642,13683
2197718962,5.538967118644068,1.8777792200673475,881
2197988008,1.778560830860534,1.0219331069156852,3950
2198563363,6.7293606976744185,2.0450261551266933,12133
2199819887,5.7282,1.9063076487448751,2538
2199859727,9.851465968586387,2.3843001831717316,5774
2200205131,5.435336976320583,1.8618042058496147,13592
2200293215,9.99,2.39698576841553,9114
2200605670,0.0,0.0,2221
2200760178,2.0930232558139537,1.1291490125281913,12725
2200818585,6.399236389830509,2.0013768043221667,9582
2201549505,4.86828735,1.7695628280661155,14005
2202114874,4.135576036866359,1.6361920156413365,3116
2203048458,13.213047999999999,2.6541604159410688,10296
2203191064,9.178922891566264,2.3203191991950485,815
2203398335,13.29164854368932,2.6596753487371427,5624
2204621920,0.0,0.0,10557
2204641217,13.15723601566265,2.6502258725782375,4555
2204823219,6.967691864406779,2.075394847898835,12642
2205400007,5.093370872549019,1.8072014380417103,6948
2205478729,5.207454545454545,1.8257509158529632,12710
2206540907,0.0,0.0,4154
2206701061,9.422222222222222,2.3439402786759596,2481
2207280085,5.3277822580645156,1.8449498205914996,12323
2207717883,8.286976241900648,2.2286130145802674,2971
2208518740,3.0,1.3862943611198906,9448
2208631769,8.163461538461538,2.2152240045128293,1312
2209029865,10.268292682926829,2.421992824377431,3531
2209096570,16.25,2.847812143477369,4046
2209430507,6.450009914851485,2.008215363243131,6962
2209480818,6.561392727272727,2.0230553964086577,54
2209503317,5.65,1.8946168546677629,10120
2209651343,6.833262359026369,2.0583790718911312,3031
2209970495,7.53540676056338,2.144223013056129,13814
2210286237,6.424242424242424,2.0047506490782467,8619
2210331946,7.701891891891893,2.163540460857941,14287
2210435111,7.342465753424658,2.121358826561506,1819
2210965484,10.035252603750001,2.401094930588523,4570
2211371729,6.66,2.0360119837525,10389
2212346095,6.030798953498871,1.9503003485113528,6614
2212651955,8.146773333333332,2.2134011759291563,11386
2212746596,9.005567928730512,2.30314173091546,9789
2212883178,6.448485401459854,2.008010709905383,12224
2213263801,9.456140350877194,2.3471893992307997,6697
2213372512,12.28712773026316,2.5867957267384867,11245
2213379904,7.214477256637169,2.105898116675434,14556
2214027379,5.230095652173913,1.829391686160457,11021
2214829226,4.437601469387755,1.693338057277516,3274
2215628476,0.0,0.0,9049
2216487996,5.192014229765014,1.8232604343734504,12369
2216549620,7.035078222222222,2.0838167343284266,10619
2216753076,5.542155897435897,1.8782667590731457,13640
2217094758,8.5,2.2512917986064953,5357
2217268600,122.71959564356438,4.818017679492455,9796
2217410506,4.58256,1.7196474525472347,14620
2217627942,5.404432173913044,1.856990277853249,9320
2217894029,8.0,2.1972245773362196,11033
2217979260,3.069183703703704,1.4034424151382505,5231
2218986041,4.699446666666667,1.7403690941049306,1134
2219096450,12.850610806451613,2.6283293332097557,6676
2219139318,0.3260667692307692,0.28221724436531564,11074
2219260483,8.022863391382407,2.1997617328536876,6761
2219603036,4.374261818181818,1.6816212284300338,13267
2220986880,5.478398796992481,1.8684733806005833,2022
2221133485,4.018867924528302,1.6132043952295774,9044
2221444335,3.8991217087613292,1.5890559459406821,1430
2221509674,1.102386576923077,0.7430731646431172,1353
2221574529,17.729868139534886,2.930119476363671,1054
2222304963,7.374648342857142,2.125209087916991,5402
2222409514,2.0507988529291272,1.1154034753176854,8238
2222421815,0.06299051546391753,0.06108617689659795,13584
2222653622,8.20032560912052,2.219238875724411,85
2222736567,5.210086704545454,1.8261748579325325,7960
2223160866,12.63775916896552,2.6128423551190725,7234
2223202676,3.76414011627907,1.5611170625380992,11136
2223274394,11.351082272727274,2.5137436926536147,13866
2223517048,5.079001276595744,1.8048404187675084,5230
2224084944,8.593048780487804,2.2610387508315135,10060
2224742548,3.262105263157895,1.4497632314375748,11035
2225325567,4.415890263157895,1.6893372738016572,8104
2225484473,3.0625,1.4017985476558559,5863
2225938554,9.746561886051081,2.374585878865504,3711
2225951528,126.1464925,4.845339905958738,9538
2226286513,4.511198396739131,1.7067820943872283,12750
2226319505,1.5014659090909093,0.9168769236665338,12846
2226356382,36.142857142857146,3.6147714819602146,77
2226644110,4.245782513609468,1.6574244230194275,11503
2226682249,5.258636363636364,1.833962328097965,13853
2227184839,11.475336198347108,2.5237535910417472,4205
2227665679,2.4500406013986016,1.2383859994953537,14040
2228040235,9.236486486486486,2.3259584441793546,5789
2228173169,6.032145306122449,1.9504918237249123,6666
2228302739,11.0,2.4849066497880004,5964
2228407834,0.0,0.0,8990
2228678963,0.0,0.0,12925
2228813447,5.7282,1.9063076487448751,14462
2228877309,8.01948,2.1993866827453203,13678
2229017592,16.812267,2.8798873772415616,3197
2229378290,12.074736157894739,2.570681830618876,3301
2229384005,6.8738399999999995,2.063545872274451,5931
2229760827,0.0,0.0,13152
2229888224,10.364361572985782,2.4304822808903705,11540
2230030729,11.071103429670329,2.490814450124857,1971
2230114169,0.9806622,0.6834312332368115,10024
2230278610,8.322482240663902,2.2324289280718563,10266
2230404358,4.370420769230769,1.6809062609875947,7990
2230567369,3.9030172413793105,1.5898507791587955,7612
2230617977,2.1231390930232554,1.138838615581078,866
2231170248,6.4478952000000005,2.0079314689842556,13305
2231636227,7.33702937799043,2.1207069632306434,1920
2231674885,7.924302369846879,2.188778158767107,4581
2231964864,6.448631307692308,2.008030298425136,2332
2232074965,15.690909090909091,2.8148642053880195,7721
2232367477,16.62162162162162,2.8691266492824283,6671
2232410770,10.380952380952381,2.4319411142080876,11258
2232503393,5.180411949397591,1.8213849277265963,8798
2232650795,7.875012854237288,2.1832397837251953,1354
2232779572,13.78093121495327,2.693337918606583,363
2233463006,4.414719929268293,1.6891211578352687,12874
2233579385,8.322983676190475,2.2324827143949153,6435
2233835245,8.123711340206185,2.2108766665045465,3533
2233886960,10.232758620689655,2.41883438601848,11999
2233950031,8.986191861818183,2.301203324973979,10890
2235353233,9.276289511111111,2.329839252372677,8402
2235607058,4.733869493506494,1.7463906070881923,4588
2235692550,8.881411981132075,2.290655414618725,13436
2235851429,6.603618664285714,2.0286242740111806,11270
2235891741,8.425206284444444,2.2433876200382663,9
2236124879,5.765071172413793,1.9117727822494188,1651
2236233133,7.368421052631579,2.1244652230537913,6212
2236666184,12.416666666666666,2.5964977151964628,9334
2236839260,8.058984827586206,2.2037570638415276,13357
2236923660,6.0099798152424935,1.9473348216190285,7336
2237059931,0.043478260869565216,0.0425596144187959,9550
2237099140,9.647887323943662,2.3653614991382175,12402
2237431481,9.624831913939937,2.363193894820869,14486
2237800031,5.083720930232558,1.8056165038894811,3475
2238194690,0.44829391304347826,0.3703862519873381,4104
2238206813,4.73814074074074,1.7471352450974678,9553
2238244967,2.94351053877551,1.37207132629446,11926
2238350602,6.900519894777562,2.066928566773142,580
2239074512,5.413333333333333,1.8583791565694507,1902
2239409573,10.0,2.3978952727983707,5253
2239645424,2.2428726760563378,1.1764595653938918,8211
2240458619,13.21025742,2.653964057356609,5487
2240599828,9.31312925170068,2.3334177681459884,9971
2240817840,1.5552025837320576,0.9381315096443715,4884
2241007909,0.0,0.0,1932
2241142799,8.90676,2.2932173524022104,3661
2241445601,13.76480673939394,2.692246426007205,7310
2241847889,6.163095238095239,1.9689421833829925,11237
2241996396,5.604842438918919,1.8878030828705177,4392
2242170800,123.87232499999999,4.827291815317854,9146
2243079406,5.2704600540540545,1.8358497258054212,5158
2243190650,6.749089261363636,2.04757532179711,10906
2243498468,143.4414598540146,4.972874303350806,2012
2244174103,3.050543670967742,1.3988511118542208,11092
2244284622,9.04716625,2.307290629571302,1900
2244385697,5.803157836184211,1.9173868920616248,3152
2244540302,4.236111111111111,1.6555790684319553,13625
2244934837,4.3626855123674915,1.6794648780366477,14229
2245202230,5.1802852173913045,1.8213644220860843,1937
2245596272,7.6853928391959805,2.1616426305867718,2286
2245730666,0.0,0.0,3821
2245794121,3.4018691588785046,1.4820292595545115,2877
2246010263,9.392076170616114,2.341043609077398,11601
2246021689,7.060362394082841,2.086958517552792,2042
2246038772,7.571428571428571,2.1484344131667874,9734
2246556344,9.641773138686132,2.3647871184019573,6816
2247150624,9.181818181818182,2.320603598496724,8771
2247214224,5.2096,1.8260964816325047,7943
2248019959,3.7604977099236643,1.5603522236855507,1789
2248175001,9.071125349999999,2.3096724532174835,12523
2248281013,4.600744761904762,1.7228995820955713,1291
2248422571,1.5815602836879432,0.9483939772585723,6104
2248731598,6.2648418947368425,1.9830465341889947,12317
2248818541,23.696969696969695,3.2066805517743826,7379
2249941837,5.616593959731544,1.8895807299510452,11336
2250418996,9.727272727272727,2.372789351667294,4947
2250541946,6.072819329032258,1.9562591739742137,1258
2250857355,7.0267468162162166,2.0827793171316538,10474
2251046163,0.642414953271028,0.4961676912056342,7099
2251104982,9.399882295081968,2.3417944883027,3974
2251140119,7.585106382978723,2.150028885999945,5051
2251294396,7.5,2.1400661634962708,769
2251454249,3.3333333333333335,1.4663370687934272,13580
2251506197,6.305530846986302,1.9886317115543641,7644
2251523038,0.0,0.0,443
2251568859,7.496650987912089,2.1396720844352095,6363
2251581466,8.585316068468469,2.2602323512766747,11881
2251644398,3.1502392735537192,1.4231659888585522,10720
2252516255,7.0,2.0794415416798357,4996
2253266570,6.504080050073638,2.015446879300761,3493
2253361328,10.656041927205882,2.455824665935669,1888
2253813243,8.641429489051095,2.266069384874952,13426
2254388248,7.9911924119241196,2.1962454772768316,6984
2254427096,8.523709902912621,2.2537844685757307,9606
2254466902,2.1501712328767124,1.1474568110035106,12716
2254832718,7.88871473354232,2.184782464669238,487
2255106988,9.469543147208121,2.3484703894708474,5978
2255232205,19.939532130434785,3.0416388618515513,3288
2255666669,4.014894284042554,1.6124123412400793,7203
2255763049,5.7282,1.9063076487448751,6312
2255897754,5.592436744186046,1.885923044081493,7947
2255918209,0.9812121212121213,0.6837088398295844,2294
2256185695,2.403218575,1.2247216235472007,4730
2256995272,4.760451375,1.751015835352802,427
2257232814,9.906832298136646,2.3893894092105987,4069
2257321999,5.361388269230769,1.8502466348577211,4
2258333736,3.271486076190476,1.4519617939039953,12799
2258497044,160.72954807843138,5.08592548383131,12579
2258514711,1.200359606413994,0.7886208044674615,5909
2258689976,8.60537265560166,2.2623225935523976,10934
2258987814,14.428571428571429,2.7362210780689065,12246
2259151214,6.606450000000001,2.028996571573997,12064
2259377746,132.1157871,4.891219329186292,10774
2259559658,13.736223599999999,2.690308653122044,4228
2259636688,0.0,0.0,9387
2260129595,13.764705882352942,2.6922395950755678,9988
2260219477,6.0,1.9459101490553132,6302
2260863278,12.972665454545455,2.6371029535334,1021
2261208794,3.4369199999999998,1.4899604420336403,9060
2261285560,9.500204081632653,2.3513946933205614,14002
2261399266,8.804195700000001,2.2828104267069533,6365
2261622896,13.621858265895952,2.6825175506150045,3705
2261741373,6.497354497354498,2.014550224631038,12705
2261807868,6.148354988610478,1.9668822587123933,13119
2261820003,5.9731299310344825,1.9420641815134996,3920
2262238223,6.551396250000001,2.0217324799376253,463
2262819483,0.0,0.0,11265
2263466290,11.353805373134328,2.5139641429917923,7542
2263547662,5.560505748251749,1.881067695754355,14532
2263806961,12.446203203116882,2.5986967764655153,13224
2263898994,9.794871794871796,2.3790711875527353,10461
2263905322,11.333961943373495,2.512356591058906,13248
2263907733,4.0578278,1.620937102591121,14344
2264543632,7.675788,2.1605361574424777,5721
2264637690,9.547677739726028,2.3559057162349837,3766
2264785490,0.0,0.0,11238
2264895237,6.068314606741573,1.9556220648903848,1672
2265079118,10.81374915377176,2.4692640356963365,10655
2265541984,8.605579869863014,2.262344166065378,12493
2265672416,4.141428260869565,1.637330912632372,12220
2265823633,19.895201005025125,3.039519515620306,6679
2266029200,10.216617210682493,2.417396358261272,10580
2266221427,4.776364746268657,1.7537745481889557,8706
2266321889,6.894792347826088,2.0662033456297375,9608
2266467613,4.7847317647058825,1.7552219921904983,1456
2266519623,3.9491509979381445,1.5992160463020701,10115
2266665451,13.142857142857142,2.649209701079277,2014
2266672520,0.9655266802443992,0.675760240066152,5236
2266685343,11.760012706237424,2.54631627370278,10920
2266870678,4.836282615971223,1.7640940558024891,5967
2267069166,13.212900000000001,2.654150002919839,6841
2267144115,5.121212121212121,1.8117601359347244,10932
2267150635,7.977870174603175,2.194762679863472,13806
2267445588,7.521739130434782,2.1426204433013676,13827
2267617776,5.691665811023622,1.900862843297752,2964
2267901737,7.282051282051282,2.11409067709301,12694
2267961497,7.184725036363637,2.102269616656333,10151
2268359827,1.62704220713073,0.9658585772400109,12411
2268812809,8.080426016466117,2.20612110962559,9863
2270176325,3.2937149999999997,1.4571523255724759,4133
2270390490,11.346867631578949,2.513402397833149,11983
2270411400,1.5437424244285713,0.9336363920927153,6788
2270721073,9.0,2.302585092994046,13251
2270729651,4.591928251121076,1.7213241742199177,2440
2270771526,7.832690869565217,2.178459709931651,6645
2271182362,1.462485940054496,0.9011713844252672,14408
2271419725,22.9128,3.17441388042735,3340
2271621626,9.0,2.302585092994046,5762
2273237855,8.680555555555555,2.2701192917444684,10445
2273664676,6.106567953333334,1.9610194202891615,10811
2273704337,7.594405594405594,2.1511114793061274,13859
2273705576,24.47399487272727,3.237658122892807,14451
2273908997,7.0,2.0794415416798357,2849
2275284878,8.36313539192399,2.236780212166631,2679
2275886925,12.476280834914611,2.600931164961671,8249
2275932485,6.563049853372434,2.023274528597828,13818
2276595051,4.228571428571429,1.6541380913520072,2402
2277014176,8.871432597463597,2.2896449895654807,13988
2277115043,3.9133333333333336,1.591952598093081,519
2277627605,4.69620253164557,1.739799730297344,9944
2277706029,7.955571428571428,2.19227584459592,1020
2278005562,16.65861705882353,2.871223882869595,3113
2278321899,7.501824000000001,2.140280728710803,12664
2279250149,12.215326050000002,2.5813772204722794,2838
2279357342,5.9540424688279305,1.939323140674863,6927
2279502278,13.035767663909773,2.6416089047134763,12992
2279762653,6.928155391304348,2.07042039715149,12217
2279855980,7.915344900000001,2.1877739381719175,10016
2280481939,6.1093100806451615,1.9614052040359384,11508
2280932165,8.23972602739726,2.2235122344994194,7774
2281494357,7.214953271028038,2.1059560632232706,10002
2281644779,7.487181028938907,2.138556910904854,3984
2282043811,24.724806426299043,3.247455756960959,6689
2282232966,3.0718065656804736,1.4040867746033108,3256
2282323837,6.702345679012345,2.0415249161061997,14588
2282545097,10.846869069767441,2.472063619148863,10946
2284369758,6.86366552631579,2.0622528496814154,6420
2284645234,5.059300750657894,1.801594405743337,12277
2285776516,6.546875,2.0211335702929007,5373
2286149533,5.876024516129032,1.9280406529780383,10921
2286519629,19.336506024096387,3.012417597305121,609
2286959688,5.712288333333333,1.903939926128614,7006
2287034649,9.328782857142857,2.3349344501626867,11093
2287357080,3.8478560869565217,1.5785365632926833,8825
2287512480,3.8317321912350595,1.5752050350971805,4997
2288200733,8.313432835820896,2.2314577489784617,5055
2289051483,4.58256,1.7196474525472347,4501
2289084608,7.712448480000001,2.16475286272626,4661
2289221582,5.153076923076923,1.8169522693991937,7420
2289408493,4.598607352941176,1.7225178798385803,2962
2289964868,0.663003663003663,0.5086254028563881,2644
2290098117,9.785675000000001,2.378218864808926,3628
2290187016,9.071164038461538,2.3096762947332903,14037
2290778975,6.40902390373444,2.002698703739808,376
2290875748,9.833333333333334,2.3826278006675823,14323
2291275235,3.8770435,1.5845391961058126,2466
2291563567,10.28621057142857,2.4235816771283942,14166
2291609958,4.77319587628866,1.753225805225812,5700
2291866344,6.346129575,1.9941735860929883,3074
2291977793,5.895495940425532,1.9308684362040032,9012
2292263997,7.0,2.0794415416798357,5073
2292313359,13.789255645161289,2.6939009472047655,12458
2292510507,3.0964195205357146,1.410113304498221,12695
2293221480,6.182576730906496,1.9716581948503038,8382
2293562980,3.9660965714285714,1.602634133418958,14449
2293630497,9.0,2.302585092994046,698
2294125712,8.96,2.298577071596507,2302
2294294817,6.850180505415162,2.0605365258503547,4706
2294401515,2.4194705550660793,1.2294857306302365,8555
2294463566,7.949124930313588,2.191555754357338,7009
2294610773,4.639842,1.7298560509331657,14080
2295131476,3.1222222222222222,1.41639239227717,12490
2295375069,10.872435233160623,2.474219346228166,4219
2295778373,4.361301369863014,1.6792067384981788,8782
2295933907,7.499031531531532,2.139952219538026,5014
2295968586,8.01948,2.1993866827453203,5934
2295993327,5.407294832826747,1.857437158895881,2225
2296065733,13.212900000000001,2.654150002919839,5404
2296817479,10.090909090909092,2.406125771934886,4493
2296825971,2.872779090909091,1.3539723606691292,8390
2296977048,7.230261333333333,2.107817767931295,2556
2298075250,9.076250762195121,2.310181245258407,10136
2298145986,10.692094457142858,2.4589129260003944,12425
2299339465,26.4258,3.3114841762007483,2614
2299554271,12.058823529411764,2.569464037816063,12104
2300016346,5.294117647058823,1.83961549040569,13544
2300547508,5.10832298136646,1.8096522643746227,1989
2300750373,9.28141592920354,2.3303379868460916,4818
2300765041,4.948898372093023,1.7832060548682243,11349
2301179838,3.593143636363636,1.5245646777402864,6474
2301260113,7.016236559139785,2.0814690547778034,12939
2301323238,0.03571428571428571,0.03509131981127019,11848
2301885099,8.489575440729483,2.2501938740794056,13990
2302686724,3.1041614937759334,1.4120014574295308,6264
2303162767,3.6812878787878787,1.5435732598475325,13858
2303427577,10.815805573770493,2.4694380906057614,455
2303857521,159.12735899999998,5.075969492348817,2166
2304010972,0.0,0.0,12215
2304187572,8.414351851851851,2.242235317663114,3278
2304527201,6.606450000000001,2.028996571573997,8700
2304703682,187.92378932519082,5.241343702656481,14238
2304881065,7.05862064516129,2.0867424060370605,5731
2304902906,4.6716259845440495,1.7354758463899274,798
2304908801,4.68684,1.7381547335874041,3433
2304911406,9.0,2.302585092994046,4597
2304999462,7.650944881889765,2.1576685498786414,18
2305109617,4.725806451612903,1.7449834044303243,5363
2305223791,3.0288461538461537,1.393480020780765,12400
2305639803,2.5851326086956523,1.2767954632407394,8048
2305859972,5.808510638297872,1.9181733940837136,3829
2305913104,8.263061782833505,2.226034640101046,12903
2306082117,8.428571428571429,2.243744592971112,603
2306168855,0.0786842105263158,0.07574197478986054,10095
2306213382,2.5729166666666665,1.2733822556981036,685
2306346656,9.801586666666667,2.3796930369196776,1637
2306885177,9.178963414634145,2.3203231802633453,8125
2307096943,11.974190625,2.5629620475301578,158
2307398969,7.113960113960114,2.0935860490660008,3332
2307882655,7.237804878048781,2.1087339101360003,14470
2308121045,6.9655172413793105,2.0751218805353195,3866
2308327850,3.6824324324324325,1.543817725425788,8518
2308441411,0.0,0.0,602
2309242809,8.826530612244898,2.2850859331275535,7411
2309305945,4.957374772833724,1.7846299096831753,6306
2309646152,5.0760035142857145,1.8043471631213965,11782
2309715257,11.4449436,2.5213144038687476,13347
2310338983,7.471558720770289,2.1367145201590536,13872
2310504746,7.815810666666667,2.1765467760758908,129
2310703562,3.075381331830239,1.404964320677893,1092
2310804747,10.666065652173913,2.4566842559663833,2373
2310953141,5.26060174770318,1.8342763063233944,10163
2311282337,5.142857142857143,1.8152899666382492,10809
2311351579,6.301516587677725,1.9880820783136164,12461
2311685202,10.262819781818182,2.4215070160335377,490
2311952859,9.182222222222222,2.3206432802490755,2954
2312537281,3.5891758208955227,1.5237004482319267,535
2312645407,7.325,2.1192630358665077,4938
2312757683,3.454824531516184,1.4939876732820356,11158
2312767575,7.22539925,2.107226836506792,933
2313010157,4.863338888135593,1.7687192174604864,6963
2313248506,6.303474942857143,1.9883502544624434,10843
2313356635,4.213145139622641,1.651183347259631,617
2313612541,0.9069767441860465,0.6455191315706906,12450
2314109457,4.572752964980545,1.717889180488567,238
2314579647,8.375901333333333,2.2381427094573296,5401
2315905281,4.416257419354839,1.6894050639034628,12006
2316024954,12.25,2.583997552432231,7027
2316477571,0.0,0.0,4166
2316612715,9.722222222222221,2.3723184310087206,6074
2316728784,1.0,0.6931471805599453,13892
2316873489,2.2276333333333334,1.1717491545300778,5447
2317134328,0.0,0.0,4803
2317542820,7.163279357142858,2.099645970245874,11604
2317586288,7.273904761904761,2.1131065574465966,1731
2317680209,4.021430204081632,1.6137147943384749,14441
2317855475,8.199701492537313,2.2191710370652613,4910
2317927940,2.9680715789473684,1.3782802283091606,8106
2318035453,4.3939058520000005,1.6852697703568322,12116
2318574658,5.647957972972972,1.8943097357781966,4132
2319972316,3.2653061224489797,1.4505139538541845,13662
2319988221,10.57032,2.44844319855864,6259
2320051762,7.939976917582418,2.1905330072561853,5329
2320333177,7.788275862068966,2.1734185447976593,13844
2320651368,6.912027999999999,2.0683841332423594,9676
2321263860,8.731884057971014,2.2754075113660326,5162
2321609963,5.2438696875,1.8316001324001696,13317
2321732044,8.11111111111111,2.209494669928034,9384
2322056142,10.199313186813187,2.4158524538147756,7847
2322163994,4.315118397085611,1.6705552875732004,12027
2322959840,4.662064704545455,1.7337886144847874,1546
2323680171,6.380438247011953,1.9988330199132271,1282
2323925998,11.4564,2.522234547053978,8754
2323984361,9.544794520547946,2.3556323277805187,5535
2324081177,615.573779193206,6.424177989723332,4810
2324336087,10.505866829268292,2.442857064349117,1542
2324625353,8.55441087613293,2.2570029197090493,13652
2324990328,8.635382746987952,2.265442025725791,1050
2325463452,2.985092465806452,1.3825605154375873,7595
2326100830,3.4858423170731707,1.50092628547426,14084
2326339456,18.518741102521005,2.971375086206484,3606
2326392798,0.12396694214876033,0.11686434013931095,12765
2326500742,4.203883495145631,1.6494051728411663,2411
2326559891,6.16797793548387,1.969623597470887,14213
2326807781,3.96387,1.6021856784418196,7976
2326869868,9.591586666666668,2.3600599752710942,6425
2326870510,2.787652248979592,1.331746367777967,6728
2327028492,3.75,1.55814461804655,4003
2327124377,9.249030000000001,2.3271830669599827,2925
2327192642,9.99732824427481,2.397652356412466,4131
2327205395,9.796126640625001,2.379187425415321,9868
2327388657,8.300865263157895,2.2301074348805825,3878
2327449352,9.692307692307692,2.3695245756691548,1673
2327649319,3.944017467248908,1.5981782531687498,3214
2328276117,7.712927318719212,2.1648078215087696,5117
2328717769,6.430033513513513,2.00553036928659,12098
2328722446,3.603310571428571,1.5267757340837853,14148
2328728263,1.8016112903225805,1.030194712496563,2097
2329505586,7.926351091875,2.1890076990516136,12701
2330086167,5.706584150943396,1.9030897529504727,8667
2330574126,10.0,2.3978952727983707,7116
2330654439,6.069714337190083,1.9558200741685714,13550
2330797507,7.907461866666666,2.1868893374521106,4314
2330938912,4.446624248780489,1.6949960128718222,8995
2331091590,15.21553125,2.785969502096472,3940
2331328684,8.701638428571428,2.272294781407625,7502
2331458998,2.061748878923767,1.1189862817638132,7177
2331473959,2.30652936416185,1.1958991088316464,13699
2331562677,9.041958041958042,2.306772119348262,9492
2331656019,7.875,2.1832383353614797,7364
2331719321,5.708970000000001,1.9034454369654472,6335
2331845878,10.376012647058824,2.4315069847918798,4231
2332034456,10.297868790751444,2.4246141053422225,643
2332077414,3.0253241721854303,1.39260544730078,5223
2332503750,10.398886153846153,2.4335156448239577,5406
2333362227,5.406367768292683,1.857292459512958,8359
2333466509,11.0,2.4849066497880004,10911
2333621929,0.6322010869565217,0.4899294639984532,7284
2334826037,7.409354838709678,2.1293447574524063,3455
2334920633,10.051282051282051,2.4025464439741016,1763
2335167539,10.056716162046907,2.403038040799997,9649
2335181703,6.8738399999999995,2.063545872274451,1266
2335299919,8.71951219512195,2.274135431525962,10214
2335689782,5.02013845872317,1.7951102588441405,8777
2335916249,12.175884,2.578388188950732,7511
2336650232,5.0,1.791759469228055,13227
2336651516,7.722992424242424,2.165962346969955,13786
2336695640,0.0,0.0,4271
2337302615,3.3128073118279566,1.4615890405322831,11918
2337949817,5.076576576576577,1.8044414743354764,8393
2338193846,13.0,2.6390573296152584,13750
2338710695,14.04,2.7107133185216936,11517
2339174537,8.642178217821781,2.2661470393037746,13739
2339383221,9.598605405405404,2.3607224269347262,4546
2339497434,9.725632183908047,2.37263640796343,11624
2340007065,0.0,0.0,5118
2340766318,6.1683168316831685,1.969670875544457,7679
2340907871,9.220980580932205,2.324442527426555,12268
2341164204,5.93183257918552,1.9361242196842487,9702
2341201486,7.561224,2.147243170585667,11671
2341808757,7.188235294117647,2.1026984038441032,4854
2342262938,6.8738399999999995,2.063545872274451,2803
2342477830,3.785162898938992,1.5655200679908563,10972
2342752625,5.628579130434781,1.8913904720952615,1959
2342934220,13.452247191011235,2.6708499174161195,9940
2342960709,4.259430769230769,1.6600228021161239,7246
2343238918,7.033023663157895,2.0835610029308813,14274
2343723353,6.111940298507463,1.9617751037032907,11129
2344135973,9.978395061728396,2.395929256156126,5193
2344417752,3.252144201030928,1.4474233735995954,13899
2344460577,6.933396226415095,2.0710812196772768,3788
2344798356,5.281444633204633,1.8375999911601184,8405
2345058264,6.606450000000001,2.028996571573997,7425
2345652756,7.993109084210526,2.1964586267610167,9416
2345665826,6.653371714156626,2.035146297686617,591
2345935315,0.0,0.0,3864
2347082511,1.494949494949495,0.9142684864933872,4004
2347900007,7.19994237882353,2.1041271272727777,3244
2348388365,6.238235294117647,1.9793774327808489,1806
2348395953,9.05579321142857,2.30814890737609,5262
2348637774,9.584732345276874,2.3594126180391504,10772
2348649534,8.22136,2.221522532113641,1361
2348668212,11.303955967741935,2.5099208340623083,9764
2348817422,0.0,0.0,3207
2349062275,5.36522491349481,1.8508495673622583,10142
2349114959,7.6,2.151762203259462,4375
2349139512,11.348820210218978,2.5135605289738243,712
2349275664,9.21121995,2.3234871108369517,2983
2350109853,7.300387596899225,2.116302212133808,9693
2350343756,5.463163880597015,1.8661189626971766,11669
2350354439,8.073181875,2.2053230157266865,1802
2350720440,3.2165340271493212,1.43901346999865,4308
2350926156,10.146314066985646,2.411108866301562,8481
2350964641,8.440999999999999,2.2450619067503794,10923
2351148879,11.13345,2.4959661013129733,5469
2351525535,5.194384351145039,1.82364313179651,12634
2351725968,7.452689684210526,2.1344846965442623,14343
2351766204,13.821858129496404,2.6961029918666,3054
2351974436,8.1225876,2.2107534919132186,8353
2352010312,5.760627925650558,1.9111157741508575,9657
2353695031,14.062758833819242,2.71222539509123,1026
2353777427,2.738673818181818,1.3187309544740653,8663
2354357690,9.55184335609756,2.3563005703557702,4310
2354363531,1.14564,0.76343787617538,7039
2354575024,3.9535761589403973,1.6001097720862298,13528
2354775901,8.124941176470589,2.211011453033595,848
2354787093,4.1208608196721315,1.6333225537615599,5907
2355219567,4.388419071518193,1.6842520342017224,8803
2355433910,7.327914196197718,2.119613028209365,1990
2355440596,12.632591550300603,2.612463363386992,5016
2355473722,3.4738955823293174,1.4982595240225218,5204
2355514216,7.081081081081081,2.089525660746462,8703
2355829994,8.24771296875,2.224376274332227,3297
2355972829,7.320567547169812,2.118730467310657,8638
2356286764,9.882352941176471,2.3871424810221087,2387
2356519134,0.0,0.0,3757
2356597637,0.0,0.0,9573
2357000397,7.569569892473119,2.1482175437741846,13769
2357241565,5.747663551401869,1.9091963044309201,4445
2357542157,3.2911030733944955,1.4565438265539137,7097
2358448633,5.006099636363636,1.7927755588946697,2020
2358954591,4.195652173913044,1.6478221554424157,8596
2359039405,5.378378378378378,1.8529138923813855,2439
2359080508,5.0181818181818185,1.7947851901445921,6290
2359152812,9.637205593220338,2.3643578172034845,9260
2359381077,29.13003095975232,3.4055223806807566,8790
2359399151,13.356814588235295,2.664224713681396,2113
2359401031,6.606450000000001,2.028996571573997,3003
2359417617,5.332684824902723,1.8457242891875045,10417
2360897808,4.725765,1.7449761649674997,12902
2361027981,6.022707687562905,1.9491488541496014,12512
2361160237,9.09838368932039,2.3123753802805678,13031
2361728109,2.984292929292929,1.3823598634483645,3247
2361751330,0.01177027397260274,0.01170154309306219,13576
2361796545,3.3555555555555556,1.4714521694601976,4553
2362947656,1.0862068965517242,0.7353475350503218,6541
2363386131,3.4281396764408494,1.4879795582605562,12022
2363688151,0.6140727016149069,0.4787606132043597,546
2365098326,5.118423870967742,1.811304525932206,1039
2365246969,5.0738356677018634,1.8039903112200033,8978
2365340508,6.269196666666667,1.9836457856691312,6895
2365513580,5.7582167685589525,1.9107590636224487,10900
2366391658,12.81294964028777,2.6256065318911355,8038
2366823437,11.081657943925233,2.4916884301028372,10526
2367237278,3.3975022169491527,1.4810367017679718,5119
2367253412,4.58256,1.7196474525472347,12300
2367458901,4.600046666666667,1.722774931039715,1591
2367697740,5.0,1.791759469228055,5937
2368569355,6.406254545454546,2.002324852067476,3
2369164083,11.254838499353168,2.505920838545886,2134
2370011118,4.267509,1.6615575752851603,14638
2370731548,9.552855493333334,2.356396486174685,14410
2370950400,3.567672391304348,1.5190037515910197,9738
2371320848,3.094295,1.4095945413114357,14150
2371876871,9.130255466785714,2.3155265367763356,13686
2371933809,14.19047619047619,2.7206686650614214,9909
2372546631,6.955671428571428,2.073885061568206,5574
2372569816,543.6857383333335,6.300209001438695,1200
2372577114,4.938041440677966,1.7813793552121242,4500
2372803713,10.013871585365854,2.3991555315536766,3255
2372993937,3.49,1.501852701754163,403
2373231984,6.540084388185654,2.0202333740242966,4276
2373704478,18.071837419354843,2.9482127662741866,10424
2374096532,7.056889772727273,2.086527597769027,9923
2374635116,10.31973051724138,2.4265472665942673,1601
2375495381,7.961190379746835,2.19290307304487,5416
2375598638,13.193497606872372,2.652783944723132,7653
2376186297,9.882698662500001,2.3871742495039716,6698
2376323577,13.603603603603604,2.681268320423342,9406
2376848864,10.239997500000001,2.4194786220455917,9846
2377619749,13.633809556786705,2.683334574627446,2863
2377640408,6.455541243654823,2.008957547010564,12101
2377761582,2.528580024067389,1.2608955305461662,7767
2378147562,1.6260696774193548,0.9654883091993295,4451
2378431584,9.924455780487806,2.3910039255978957,14188
2378431649,0.8070192307692307,0.5916786539271368,14217
2378439033,8.902296705882351,2.292766720728078,2907
2378681316,0.7976623577419355,0.5864871307298718,8749
2379208516,7.047421818181818,2.0853517690994368,9996
2379477383,9.866489735064935,2.385683717522759,12959
2379749040,7.026592000000001,2.0827600294036626,2566
2381103153,9.006607929515418,2.3032456677180555,7461
2381168576,5.533850357142858,1.8769964107346264,7414
2381326166,6.280190181818182,1.985156985743496,4496
2381477917,6.747327607361963,2.0473479590429733,13692
2381495485,4.555940586838535,1.7148677313213387,7058
2381589351,9.835017915789473,2.3827832884977513,4969
2381896909,11.15929203539823,2.498093654069954,10606
2381982966,8.520865976470589,2.253485808581286,5172
2382426927,6.207965714285715,1.975186763675095,13144
2382460321,4.0486845,1.6191277143030347,13376
2383668105,11.371722260869566,2.515413405562561,11363
2383710838,5.693164730232558,1.9010868161318617,1165
2384055448,5.339261219963031,1.8467622348396462,8826
2384326395,4.97066805,1.786858822316571,12672
2384527606,7.343374233128834,2.1214677188565063,109
2384633187,0.55741921875,0.4430301043632776,3361
2384705715,9.65040650406504,2.3655980608227796,6590
2385572305,8.338756721311475,2.2341731300304337,13002
2385952456,9.64,2.3646204839134985,7298
2386178964,4.57439446366782,1.7181836950645424,5966
2386379790,0.0,0.0,7892
2386717044,13.441203057324838,2.6700854442134148,12067
2386789520,3.423076923076923,1.486835590341768,513
2386915220,7.18937205882353,2.102837223231235,12736
2387096332,3.96387,1.6021856784418196,5904
2387415820,0.3176470588235294,0.2758476148047781,2120
2387866184,7.299165145631068,2.116154924879829,13048
2388339230,9.510192289156626,2.3523454805499067,4814
2388900664,4.968544973544973,1.7865031746749351,6880
2388998645,5.936961066666667,1.9368637919709042,6730
2390409302,7.26064518828452,2.111502694444269,7471
2390572497,9.0125,2.3038343123944776,7194
2390697816,6.474060822898032,2.011438468961412,4499
2390698074,0.9001457142857143,0.6419305749610578,4618
2390706503,13.082937049180329,2.6449639262194378,8478
2391181408,8.490188608695652,2.250258486891745,937
2391556119,8.514748984615384,2.2528431193823013,7453
2391600888,0.2483909734513274,0.22185550089437683,12671
2391617240,178.9500911764706,5.192679541201603,5418
2392243441,1.1292066393442624,0.7557494405458053,7089
2392470049,4.357587727272727,1.678513822897463,5785
2392522247,8.246478873239436,2.2242428167015356,14393
2393094687,8.084814907161803,2.2066043281856453,6744
2393269381,9.364482524271846,2.338384819342046,11498
2393478863,6.643033406593406,2.0337945671256428,2584
2393546532,6.943272727272728,2.0723253726114272,3563
2393586603,9.392857142857142,2.3411187569962886,6932
2393757475,6.606450000000001,2.028996571573997,9980
2394038070,6.974334736842105,2.0762282266135927,3571
2394329441,5.943420000000001,1.937794448523991,1948
2394546384,5.506463225806451,1.8727960253023808,11053
2395537168,9.16512,2.3189622522245985,14534
2395543614,4.012806666666667,1.6119959711436218,2752
2395777906,15.254384244428971,2.7883626720435313,4975
2396366027,12.903647265306121,2.632151198905065,4209
2396609232,9.998041237113403,2.397717187588814,10388
2396831485,8.137777777777778,2.2124172243706357,7325
2397020117,5.971969158415842,1.9418977040128556,3635
2397322079,7.250407600573066,2.1102626052562155,6896
2397568430,2.921382,1.366444142691271,14354
2397849873,17.18483412322275,2.900587956770886,8454
2398019590,6.9291032511013215,2.070539946163015,10973
2398399415,19.432630975609758,3.017133180548364,5004
2398527806,80.94365736585365,4.406031905804756,3799
2399555222,5.635014836795253,1.8923609039226281,9034
2399887883,7.3783156,2.1256468919036697,11203
2399993227,8.947920389926889,2.297363523288197,14339
2400399267,10.32307870967742,2.4268430066172377,5512
2400919519,0.8664026,0.6240128347802637,3639
2401073976,2.210305445026178,1.1663660868288122,14067
2401246188,6.3633217993079585,1.9965111623491028,3186
2401438270,18.012425985882352,2.9450927646590883,1137
2401527523,4.7855855855855856,1.7553695803430793,11730
2402347077,4.321894719101123,1.6718293901541004,11910
2402376322,0.10316921204819277,0.09818713924692955,10343
2402415386,5.0,1.791759469228055,13134
2402838122,4.738783636363636,1.7472472778341914,11683
2403157708,4.722222222222222,1.7443572303334711,8192
2403470604,6.8499725,2.0605100286034674,1447
2403704460,7.752164,2.1693009840781006,3494
2403970340,6.3486373170731705,1.9945148969985553,5196
2404367429,8.01948,2.1993866827453203,7005
2404375521,5.259529090909091,1.8341049571880634,10507
2405569816,9.11340206185567,2.31386148106198,2378
2405962638,8.726788173913043,2.274883746525992,2180
2406128687,4.569963210661765,1.717388449009259,3218
2406571345,6.4061176470588235,2.0023063677364115,10658
2406796631,0.3611111111111111,0.30830135965451666,8905
2407275830,3.4231745111731846,1.4868576534940514,3330
2407277991,11.272022033898306,2.507322040084363,4298
2407562590,3.96387,1.6021856784418196,14318
2407667073,7.501690742358078,2.140265054581784,2409
2408127602,7.766666666666667,2.1709566505156093,3250
2408329076,9.039047619047619,2.30648225110362,5484
2408359388,5.05,1.80005827204275,4322
2408483321,9.92720875273523,2.3912558947106195,1113
2408724881,1.421875,0.8845420335595747,6678
2408846791,8.906947605633803,2.2932362893561153,2446
2409087617,8.01948,2.1993866827453203,7688
2409540491,0.864406779661017,0.6229429218866968,4986
2409546618,8.077149187592319,2.2057601771913258,7811
2410720697,7.575639337748345,2.148925548610668,5268
2413037128,2.64258,1.292692221783584,718
2413979456,8.415,2.2423041621091158,11780
2415402332,210.96838723404252,5.35643714673244,3354
2415617258,7.024610370422535,2.0825131158651247,11547
2415987858,7.102968,2.0922304143161563,1405
2416451635,5.7282,1.9063076487448751,3677
2417072338,8.084745762711865,2.2065967171650827,2832
2417438849,10.31076,2.425754485041046,5599
2417446038,13.583118594155845,2.6798645990549295,8822
2418133303,1.6216216216216217,0.9637930658591585,8468
2418425533,8.277916773584904,2.227637035992369,7294
2418872640,5.681300448430494,1.8993126465100258,1942
2418963035,5.792917705735661,1.9158805555672065,13057
2419001587,4.20024,1.6487047783684796,996
2419787590,3.2206443750000004,1.4399878118887801,840
2420185163,4.753996842857143,1.7498947164425778,2759
2420258678,12.848570126582278,2.628181987345778,6433
2420828316,5.1901072125,1.8229524068211471,11952
2421309223,17.767889978571432,2.9321474297121077,7346
2421944619,14.657452941176471,2.750947029899676,12918
2422875815,8.170366261061947,2.215977226698873,4424
2423767507,9.359133126934985,2.337868558324113,7619
2423938224,8.6926129,2.2713640386766913,10595
2424530353,6.6654767010309275,2.0367267023052604,11610
2424640354,9.722222222222221,2.3723184310087206,2156
2424770831,10.30878475862069,2.4255798359572194,1924
2425101010,22.791385511811026,3.169323561871277,3068
2425264419,11.90325581395349,2.557479668201527,2862
2425284249,8.984772000000001,2.301061132355696,11700
2425476860,5.395594838709678,1.8556094469223727,9962
2425528614,0.0,0.0,3790
2425534501,2.378322,1.2173791365188305,6524
2425843568,6.18233640410959,1.971624734599668,12723
2426602320,9.970743850267379,2.3952320796699227,373
2426840824,9.480255750000001,2.3494930822210867,4458
2427161828,3.485541555555556,1.5008592363942077,1424
2427405433,8.055849523809524,2.203410905135666,7936
2428246408,2.3491385485714287,1.2087031630881564,2918
2428333517,6.368619393868312,1.997230360819859,12546
2428642569,4.727924528301887,1.7453532536465914,4244
2428925075,8.868298276527195,2.2893274248547204,13285
2428988281,6.936677569315068,2.0714947455359427,12281
2428998632,6.5255546938775515,2.018304521390335,2222
2429421745,6.615147096774193,2.030139302874177,974
2429523819,10.88358,2.475157615340018,2658
2429725103,5.439024390243903,1.8623770364420085,4766
2429771949,8.114513274336284,2.209868008387418,11042
2430640554,9.61,2.3617969526258915,3849
2430872238,3.4712891999999997,1.497676778675947,4883
2431099704,4.5109575,1.7067383830223326,4021
2431858933,5.0625,1.8021222562636017,6619
2431956286,9.500429268292683,2.3514161390223443,6166
2432099351,6.8,2.0541237336955462,11442
2432221331,5.563326315789475,1.8814975347781082,7493
2432224385,5.616499999999999,1.889566529230967,8810
2432339902,6.274096385542169,1.9843195971701846,1766
2432572469,6.624787826086956,2.031404496019366,3222
2432898350,3.5029593984962406,1.5047348247334247,2388
2433226582,8.060420641333334,2.203915547380361,2649
2433443532,11.62342857142857,2.535554497824625,11725
2433457130,6.28908625,1.9863781952289565,3184
2433828446,4.2159552,1.6517222356304113,8140
2434056947,2.7825373134328357,1.3303950313859372,7737
2434140012,13.1996871,2.6532199291531686,857
2434357928,8.910843804878049,2.2936294915261994,10360
2434431456,0.0,0.0,13900
2436019530,1.8357223448275861,1.042296700078538,6169
2436327394,8.01948,2.1993866827453203,11846
2436896371,8.161870503597122,2.21505036128882,2540
2436963920,7.077464788732394,2.0890780595281098,3468
2437100536,7.628876785714287,2.1551143443321252,6016
2437287829,4.330308990825688,1.6734092085097652,1744
2439240091,3.7688224285714287,1.562099404102301,10245
2439649712,8.398884239888424,2.2405909843465968,2934
2439693565,40.36552851063829,3.7224478893195787,7984
2440246330,8.037037037037036,2.2013313592888726,6049
2440312453,10.641858085106383,2.4546070588685622,6327
2440425166,77.96989737391304,4.36906673395075,12651
2441167203,1.1435942142857143,0.7624839595705913,7568
2441921893,9.02523148354515,2.305105063553994,8033
2442058183,15.787668339669422,2.8206445894785683,10262
2442667799,3.125,1.4170660197866443,4469
2442814618,5.559327675000001,1.8808881091366128,11511
2442894308,7.181130212903225,2.1018303089069392,3180
2443423447,3.62840915,1.5322132129431625,5417
2444132376,1.625,0.965080896043587,7
2444140357,7.136149244776119,2.0963170023312245,3579
2444835339,0.893850989010989,0.6386123163842353,6735
2445073068,10.77298798804781,2.465807753798912,10361
2445387637,8.600854112,2.261852064516195,4514
2446139228,9.249030000000001,2.3271830669599827,3589
2446639965,5.3730516,1.8520784129571544,7787
2446988252,3.1535760526315793,1.4239696626220901,2217
2447509874,3.3032250000000003,1.4593647415900628,1048
2447888564,0.9444444444444444,0.664976303593249,9264
2447961937,5.8197530864197535,1.9198232668626984,12714
2448127312,7.280357419354838,2.1138861340542667,13349
2448185117,11.621071645338208,2.5353677699372064,9975
2448679836,11.71477068181818,2.5427643634631707,11373
2448862918,4.460862825393795,1.6976068039008214,5405
2449005899,5.28516,1.838191299156521,10654
2449095962,5.928486713286714,1.935641421865065,7104
2449157366,16.038377865853658,2.8354683212039093,5163
2449161798,4.4102070796460175,1.6882873693247311,7247
2449458617,5.6423893176470585,1.8934717357575765,8070
2449815436,3.267053938914027,1.450923645071368,6452
2449872461,3.591140769230769,1.5241285267945692,2516
2450447320,7.581172131147542,2.1495705161911567,10505
2450516928,9.040643274853801,2.3066411834116893,12308
2450804510,12.407720530973453,2.595830700068849,9088
2450868400,7.987012987012987,2.1957805337639855,8419
2451650047,10.0,2.3978952727983707,6261
2451719599,6.48580064516129,2.0130079787724853,8065
2452138026,15.85548,2.8246758264769087,4595
2452179230,4.054682584,1.620315058018214,8460
2452389388,4.494677254335261,1.7037798517057665,14396
2452405095,5.853117492537313,1.9247036571433245,6901
2452705371,6.346153846153846,1.9941768900251478,9216
2452875491,8.743042105263157,2.276553400025076,11987
2452878923,5.197074,1.824077245170575,13474
2452993215,1.14564,0.76343787617538,6112
2453326265,9.973636363636365,2.3954957019146654,8529
2453403550,4.351351351351352,1.6773491180503108,13632
2453977677,8.16104837142857,2.2149606231663395,6767
2453997300,10.932317260273974,2.4792504553263397,794
2454048631,4.150741846153847,1.6391407520986205,9122
2454128267,0.0,0.0,749
2454755762,6.307894736842106,1.9889552345863681,2937
2455318013,8.723684210526315,2.274564580661871,5305
2455387969,4.321113361867704,1.6716825600044138,7356
2455562455,3.125,1.4170660197866443,11979
2456103557,3.4132296712619294,1.4846067731801367,4863
2456178772,9.285333333333334,2.3307189322378172,9211
2456679227,6.563597351351352,2.02334691714127,13153
2456772646,10.046381538461539,2.4021029117535164,10991
2457116472,10.638630000000001,2.454329737781885,3572
2457379170,5.654932325581395,1.8953582828369027,3811
2457604065,7.376237623762377,2.1253988427649637,1777
2457776606,7.411792695652173,2.129634613653309,5751
2457816457,3.890939597315436,1.587384431719243,8927
2458885219,9.611158301158301,2.3619061173701543,3243
2459006203,7.406414693877552,2.1289950684469297,13320
2459121778,8.258062500000001,2.2254947935044163,6564
2459512835,2.1204188481675392,1.1379672390187199,5547
2459705820,9.499265,2.3513052547133633,3871
2459880389,12.346686506024096,2.5912681522431473,8739
2460225345,8.875726495726497,2.290079877268599,1696
2460416532,8.91080118694362,2.293625191385172,13921
2460532234,4.5322153574580755,1.7105883424479051,7217
2460561840,14.300436060225849,2.7278813286606094,5734
2460778842,4.449861724137931,1.6955902366354745,154
2461175586,1.0,0.6931471805599453,1683
2461269433,5.681818181818182,1.8993901334204204,14360
2461994431,8.659614440677966,2.2679537344545873,1530
2462017491,7.531353,2.143747965572425,11841
2462559117,0.0,0.0,4988
2462634991,9.291058267021278,2.331275388777609,9613
2463094658,18.63172421052632,2.9771468399138064,10031
2463304366,7.224242424242425,2.1070861859342886,1185
2463881456,5.7962231395522394,1.916367037224789,10189
2464172009,8.676192246835443,2.2696684609707707,8320
2464395941,7.4868485543478265,2.1385177364012997,5853
2464474159,1.8859978830083564,1.059870726813072,11455
2464537622,10.046381538461539,2.4021029117535164,10533
2464704374,10.698799354838709,2.4594862172934406,11793
2464733650,4.6283856,1.7278226514751338,10267
2464999752,8.233529411764707,2.2228413602308996,12046
2465110607,0.0,0.0,3008
2465899415,5.304597701149425,1.841279161060701,4058
2466028838,9.875,2.386466576974748,3318
2466240776,12.894769660944206,2.63151248593898,10196
2466270415,8.991770641744548,2.3017618183709287,8856
2466305367,9.99945945945946,2.3978461315418187,9780
2466419262,0.09297052154195011,0.08889923860375427,2047
2466447406,10.743243243243244,2.4632780320612224,21
2467324914,8.01948,2.1993866827453203,11418
2467355266,8.678223,2.269878310056481,10344
2467578845,6.616655510204081,2.030337363927585,7858
2468036248,9.191100895726496,2.321514878271151,7281
2468588708,4.91250432,1.7770694844731756,5123
2468646889,0.0,0.0,1780
2468895778,7.895294117647059,2.1855223860739077,10543
2468955962,12.561486371681415,2.6072338909358095,8245
2468962804,7.595008756567426,2.1511816576321325,11192
2469087656,10.23943661971831,2.419428720408493,8520
2470518087,4.388888888888889,1.6843392206072183,3337
2470596908,7.227621483375959,2.1074969672536605,9322
2470687985,10.7575596,2.464496403929045,6129
2471129135,1.6609284087850469,0.9786750877572917,12801
2471153802,4.768980368550369,1.752495352348243,9245
2471244211,4.797271420408164,1.7573873621013074,5736
2471487633,6.0142383466135465,1.9479421326937412,11948
2472145405,8.264974285714285,2.226241084311376,13015
2472504986,1.5806451612903225,0.9480394301887354,12632
2472581331,4.403539417085427,1.687054186466674,2834
2472681871,8.5,2.2512917986064953,3837
2472757174,4.211420375,1.6508524433699754,8301
2473176556,2.6088908376237625,1.283400477939066,5296
2473234402,6.102650428015564,1.9604680141087663,1778
2473309492,7.333333333333333,2.120263536200091,6161
2473568995,1.554458823529412,0.9378403904689047,4901
2473571604,8.01948,2.1993866827453203,6147
2473585647,6.804594857142858,2.0547126445026156,12330
2473983738,11.006327142857144,2.485433772739045,14519
2474828053,0.0,0.0,11091
2475310257,13.232142857142858,2.655502988055066,7054
2475412399,13.1996871,2.6532199291531686,8731
2475453061,5.033333333333333,1.7972996496036704,12177
2475867995,5.37037037037037,1.851657610809124,7368
2475980905,9.541425109489051,2.3553127436021604,13723
2476509338,0.8617719767132866,0.6215287098699728,959
2476743491,2.5102994117647057,1.2557013363367904,3118
2476982851,8.5070707266436,2.2520358087773897,7659
2477052075,8.362948717948719,2.2367602748455995,9259
2477116352,11.221590909090908,2.5032041342295783,8735
2477333946,5.527272727272727,1.8759892032558079,3401
2477383831,2.1996287999999997,1.1630348030771605,11038
2477645088,9.095426829268293,2.3120825321258813,10640
2477679854,3.8188,1.5725249344105605,11549
2478055463,22.16842105263158,3.142790189925921,3670
2478440888,4.072463768115942,1.6238266498862,194
2478807156,8.074914193548388,2.2055139248498374,2782
2478807545,6.5984251968503935,2.0279410148803945,2969
2479028643,4.292385786802031,1.666269143596017,13870
2479044974,19.937005223613596,3.0415181781950738,6665
2479209783,7.994322968906721,2.196593597077452,7119
2479333205,2.3214285714285716,1.200394982978052,3585
2479650811,9.971947577777778,2.395341795245658,13676
2479771711,11.664189349112426,2.5387782742288127,9202
2479799746,8.705882352941176,2.2727321298443646,7185
2479803464,5.808878873239437,1.9182274771282417,8785
2479858583,8.103601838028169,2.2086701415888457,4061
2479898626,7.3441553684210525,2.1215613379015585,7440
2480221353,1.8614092767857142,1.0513142575891952,5125
2481277977,3.4242478448275864,1.4871002854418616,8768
2482791294,5.565433636363636,1.881818558332494,11356
2482898546,2.1745636717062635,1.155170196666557,736
2483382354,9.99,2.39698576841553,11916
2483394172,7.82854,2.1779896555314453,2543
2483758287,11.2970295,2.5093577291465285,4212
2484033100,8.466666666666667,2.247776856499051,9890
2484262039,9.83965570093458,2.383211233600676,9690
2484679830,5.249425074626866,1.8324894714574476,6096
2484701992,5.748555278571429,1.9093284491719162,1234
2484753801,6.598694920265781,2.027976511528883,9805
2485838874,16.0233939375,2.834588512049723,11444
2485948034,188.68575107296138,5.245368761167616,1615
2486323810,7.5188,2.1422754858512034,8597
2486565743,16.1858025,2.8440836069129776,14095
2486939484,0.660645,0.507206081117678,5476
2486960430,11.62875244562212,2.535976154414908,132
2487494740,5.3153220843749995,1.842978757569934,4616
2487728746,5.0,1.791759469228055,6776
2488652884,9.632044609665428,2.363872517194601,9664
2489047864,5.15538,1.8173264961547242,10432
2489391628,7.615409675675675,2.153552422613111,2979
2489513991,10.615109491525425,2.4523067929128035,13684
2489686792,7.166666666666667,2.100060828882572,3088
2490078113,3.6973968763636362,1.5470084991882271,2189
2491736299,3.347741935483871,1.4696566150329247,11068
2492101230,6.3746447368421055,1.9980477297899637,13070
2492365072,4.2215686274509805,1.6527978600955608,13798
2492526402,4.788251923623853,1.7558303329816602,12709
2492547405,8.161093833333332,2.2149655856761,7553
2493208521,0.0,0.0,10057
2493958307,11.4449436,2.5213144038687476,8411
2494862403,2.594822530120482,1.2794946242021812,2261
2495113281,4.551844050000001,1.7141301338330555,11909
2495405526,4.83963043902439,1.764667513848835,10710
2496168388,8.655172413793103,2.2674937731827756,202
2496184719,7.572649572649572,2.1485768531641796,7588
2496954230,0.33772805357142854,0.2909726925964238,14584
2497006733,6.994433684210526,2.0787455100323147,8815
2497612128,7.92774,2.1891632833511063,1042
2497963967,11.275085404217927,2.5075716312301424,11825
2498033362,7.259044943820226,2.11130895661305,13541
2498325343,10.929256815584417,2.4789939387447752,12267
2498795019,0.5090225118483411,0.4114620980629965,2485
2498999520,7.663482,2.1591167202843757,6122
2499214970,6.5439040207522705,2.02073982265641,14455
2499691649,8.2,2.2192034840549946,7937
2499798127,6.21853392,1.9766518741138879,11488
2500043574,9.425077143869595,2.3442141675490538,4019
2500284720,7.083874,2.089871213076512,9323
2500549755,9.142787441696113,2.3167628560169367,10565
2500579047,6.134174447476125,1.9648965396060691,9065
2501472305,9.01158357810219,2.3037427804254986,12802
2501865898,0.0,0.0,12977
2502073506,8.880555555555555,2.2905687404982995,3270
2502731000,3.103642909090909,1.4118750936274076,4233
2502788729,2.786650512442396,1.3314818585354427,741
2503460281,8.572916666666666,2.2589379308878508,8069
2503501933,8.619469879518071,2.2637891570800166,11932
2504275861,11.702937062937064,2.541833231525158,6454
2504738572,13.479964279646019,2.672765920079253,8219
2505197266,8.956521739130435,2.29822778762509,8201
2505305566,10.82945625081081,2.4705927133507433,12552
2505740477,7.666975384615384,2.159519870020724,1892
2505809479,7.8694773082942095,2.1826158665461786,3461
2506021447,12.763048864864865,2.621987382442656,10321
2506558023,5.7282,1.9063076487448751,1145
2506770381,3.3823529411764706,1.4775857813292979,8311
2507191748,9.785622728189912,2.3782140183865415,6228
2507866946,2.6648582608695652,1.2987896608853287,369
2508386860,2.29128,1.191276546864698,13030
2508690534,6.0623450000000005,1.9547771493290678,2278
2508794168,10.017278148148149,2.399464781216145,4716
2509082674,11.790545,2.548706226098079,1822
2509149089,5.348651120976692,1.84824236844644,2188
2509405174,0.6282051282051282,0.48747825976899956,14139
2509431535,1.2563735127773528,0.8137588841059358,11301
2509832619,5.7176685971223025,1.9047411593871664,184
2509835584,11.00182316375839,2.4850585685609583,1468
2509907128,0.4621068907563025,0.37987847134739344,4198
2509989941,8.852672727272727,2.2877427612475065,11895
2510152980,15.366151086666667,2.7952152438031783,11562
2510727281,1.0,0.6931471805599453,4626
2511075278,2.5046853709090913,1.2541007506682316,13654
2511685501,6.426952759776536,2.005115648060567,8267
2511942909,6.792008571428572,2.053098666368963,6135
2512338142,7.436740434146342,2.132596029526676,7080
2512438788,14.907858578680203,2.76681323735623,8107
2512922065,3.7727110344827586,1.5629144944945692,4317
2513506236,13.212900000000003,2.654150002919839,1765
2513819303,3.0,1.3862943611198906,9932
2513900050,9.357843137254902,2.3377440237718403,2029
2514096726,3.2143323060344824,1.4384911698985465,2054
2514289894,6.3084225969230765,1.9890274634616925,555
2514433714,6.572355789473684,2.024504219759532,6344
2514826398,6.741650769230769,2.0466149425395788,6098
2514949102,3.738883944525548,1.55580165324172,2223
2515025197,5.956521739130435,1.9396795993046771,7114
2515088215,4.58256,1.7196474525472347,5940
2515185357,6.407473274336283,2.0024893925395717,5411
2515345689,10.833333333333334,2.4709204078132605,3782
2515350867,5.709105999999999,1.9034657081280197,6173
2515497317,0.0,0.0,12945
2515552723,4.957318073202353,1.7846203920846766,8545
2515686721,0.08689182326053835,0.08332208456720618,9769
2516253989,11.329106666666668,2.511962862537421,14284
2516297851,11.003599428571427,2.485206557192231,4629
2516389069,9.817569444444445,2.3811716127352565,1419
2516833594,6.797199612676057,2.053764645215104,9767
2517450113,6.387250967741935,1.999755672213693,7150
2517462337,10.009041095890412,2.398716853017116,12483
2518155403,7.181648448275862,2.1018936521059817,64
2518490553,8.95315395889328,2.2978894817359983,3405
2518568614,2.911371553398058,1.3638880934082507,9040
2518662433,5.207391304347826,1.825740727871979,7109
2518711909,8.743712221374047,2.276622176600171,14450
2519061370,9.962264150943396,2.3944588432997893,9564
2519092998,9.214259210526317,2.323784705867635,9078
2519478643,4.744585666666667,1.7482577880152441,5711
2519842386,7.105288064699206,2.092516696159902,7255
2519950333,0.203465664,0.18520544771351594,11426
2520348504,76.44713450980392,4.349595568241754,13598
2520485724,5.207454545454546,1.8257509158529635,1716
2520657326,11.4564,2.522234547053978,5259
2520783202,7.746282840000001,2.168628791822957,2892
2522437543,12.60759493670886,2.6106280880947415,10044
2522727722,8.049745762711865,2.2027366647992066,8008
2523042069,9.526970954356846,2.353940626108627,1926
2523581415,5.038461538461538,1.798149267326826,8750
2523618011,5.810126582278481,1.918410707694763,10394
2523775754,2.6640625,1.2985725045266623,7749
2524059838,4.8,1.7578579175523736,2825
2524061672,3.743234942084942,1.5567193801584145,3642
2524336055,10.0,2.3978952727983707,9149
2524927764,7.458041958041958,2.135117699790175,9970
2525284952,0.6693626966292134,0.5124419348087824,8594
2525309007,7.802203448275862,2.175002081990883,4610
2525366699,4.2555555555555555,1.6592857181616678,1080
2525850384,5.927030082644627,1.935431161841003,12238
2525895526,5.00209014084507,1.7921077653734216,3130
2526322613,12.0,2.5649493574615367,3624
2526337551,3.132368908081431,1.4188508280275314,10300
2526712056,6.930448094117646,2.0707095402442444,1916
2527207483,9.067106930578513,2.309273369582055,3682
2527832557,8.41914191419142,2.2427439925274126,4795
2527973084,7.321072645161291,2.118791170220442,9062
2527998753,245.48039820582528,5.507282469857642,5916
2528147628,8.177499310344828,2.216754761242549,13759
2528389573,10.004052857142858,2.3982636464988882,4777
2528763119,8.614678899082568,2.2632909826518435,10618
2530067410,6.234413023255814,1.9788492266271605,7850
2530496283,0.0,0.0,9086
2530628104,11.287371147540982,2.508571998951647,9411
2531025347,7.0571424,2.0865589527111097,11168
2531278288,0.6428571428571429,0.49643688631389105,7192
2531549153,3.5982758620689657,1.5256814206415492,10957
2531573549,8.692697368421053,2.2713727533601173,7347
2532790645,1.598802395209581,0.9550507216836497,9352
2532939810,4.454545454545454,1.69644928942373,2740
2533052423,4.492386,1.7033627694854432,9175
2533405805,3.4369199999999998,1.4899604420336403,6073
2533728133,10.279720492610839,2.423006466739046,3608
2534351261,6.903988421052632,2.067367495496699,3844
2534897063,3.2072640552995395,1.436812568338614,13379
2534995842,13.369897695652176,2.6651355807651163,13622
2535310689,5.0,1.791759469228055,8029
2535472829,7.901686394366196,2.186240741301606,7295
2535808698,9.45704377540107,2.347275796837112,10819
2536115723,24.627679875000002,3.243673012478219,1562
2536686315,4.039485993975903,1.6173040915601793,7732
2537016596,9.583123783783783,2.3592606365171314,8883
2537238855,8.88888888888889,2.2914117923959205,5687
2537420749,14.25,2.7245795030534206,13653
2537883376,6.067119430693069,1.9554529613385325,791
2538320114,6.88331299932341,2.064748246899496,5647
2538324380,9.085024630541872,2.311051613697875,7594
2538598045,3.1226415094339623,1.416494100983523,12633
2538681736,6.8738399999999995,2.063545872274451,6198
2538982576,3.698051805166052,1.5471479132440487,8835
2539203211,3.464647887323944,1.4961903505970628,4866
2539225238,0.57282,0.4528701865048898,74
2539851417,12.22,2.5817308344235403,1630
2540307172,7.2823627906976744,2.114128288884778,327
2540328830,4.822781720670391,1.7617781064354585,10027
2540534429,9.0,2.302585092994046,13987
2540781263,4.739673302752294,1.7474022928148911,7301
2540997671,6.007791444444445,1.9470225935514867,1351
2541001897,6.8979591836734695,2.066604394919155,3272
2541339013,6.632459016393442,2.03241007599485,7584
2541589923,2.7967094117647058,1.3341347473135665,2429
2541756330,6.428571428571429,2.005333569526114,3621
2541815449,7.4318823,2.13202003297293,753
2541990568,4.792983673469387,1.7566474737900233,5854
2542017170,6.606450000000001,2.028996571573997,3034
2542580359,6.214743589743589,1.9761266530972499,5842
2542868646,20.352398491683992,3.0611640748956623,2810
2543577474,6.236363636363636,1.9791188200519667,12074
2543650078,12.90092875,2.6319556544512825,590
2543839788,8.96589642857143,2.299168907327931,12138
2544011906,9.73794,2.3737832643520607,1171
2544032719,4.527536421875,1.7097422229407813,10499
2544082303,4.183333333333334,1.6454483499571335,3371
2544173499,7.189732142857143,2.102881191940297,197
2544201627,9.227941176470589,2.325123306187391,12740
2544317362,10.780935953757226,2.4664826278479848,5983
2544484440,8.341346153846153,2.234450369676122,7473
2545078923,6.792207792207792,2.0531242333624626,9476
2546213425,9.696672185430463,2.369932682386567,3900
2546243107,4.534435261707989,1.7109895305500835,2493
2547115893,2.78420202020202,1.3308350377671911,11792
2547648452,6.480034686486486,2.0122374292064475,886
2548505874,3.706616541353384,1.5489692934861794,3311
2548631486,9.629198218262808,2.3636047631933264,884
2548854822,10.0,2.3978952727983707,12792
2549054783,6.52798641509434,2.0186275976978076,14296
2549057036,10.0,2.3978952727983707,690
2549240331,299.740280201005,5.706247035798884,9412
2549269780,4.625,1.7272209480904839,8000
2549328649,0.0,0.0,4927
2549587983,6.854531460674158,2.0610906213829194,3660
2549909661,9.990909090909092,2.3970684848223764,963
2550119476,6.0125,1.9476942708488147,6994
2550402402,1.376923076923077,0.865806826442163,1491
2551800115,4.0,1.6094379124341003,11110
2552423391,2.0,1.0986122886681098,11409
2552805249,7.441748275862069,2.1331894288468067,6442
2552956700,0.0,0.0,819
2553071907,3.9969022499999998,1.6088181704336924,8461
2554957713,1.32129,0.8421230656310843,1741
2555525177,10.092542857142856,2.406273067877875,6535
2555552324,10.924391176470587,2.478585981087068,3909
2556095006,7.317310955905512,2.118339000176757,12130
2556254053,5.972448121827411,1.9419664000941808,10011
2556513740,9.37912087912088,2.339796180424714,8954
2556962242,7.901978461538461,2.186273551082587,4315
2557023954,5.7282,1.9063076487448751,2586
2557204327,6.8738399999999995,2.063545872274451,10014
2558030792,5.08964737826087,1.80659017828203,13209
2558131339,7.888923076923077,2.184805903484112,14209
2558436574,8.145874441104295,2.21330289685651,4221
2558722471,3.5572944813311693,1.516729131947453,180
2558879948,3.441190476190476,1.4909224657731028,11973
2559097051,29.572468966666666,3.4200998970074132,6600
2559115115,7.991135227272728,2.19623911718235,14576
2559558929,9.069767441860465,2.3095376123089273,7997
2559834044,4.303738317757009,1.6684119148936516,13644
2559907049,13.515695625000001,2.6752305208890474,2351
2560003659,6.248740090140845,1.9808276730947447,1588
2560116055,5.463380907692307,1.8661525412131479,8022
2560135327,0.9494900437105391,0.667567822328494,1882
2560293670,1.0,0.6931471805599453,14054
2560300158,9.092380952380953,2.311780778023267,2292
2560436277,10.84777875,2.472140402753323,4599
2560529615,0.0,0.0,2335
2561222030,0.09044526315789474,0.08658611113832802,4288
2561296158,6.24977086419753,1.980969863428865,8230
2561458027,3.0,1.3862943611198906,7378
2561803870,0.607136405529954,0.47445396525014083,726
2562798083,6.20555,1.974851562415913,5767
2563343105,8.84824085106383,2.2872928454335995,346
2564338385,6.274982727272727,1.9844414387966933,5874
2564375503,5.753012048192771,1.9099886347156165,7848
2564810265,1.8142869046979868,1.0347089096776725,11646
2564818414,6.30102,1.9880140644209705,675
2564975308,3.3032250000000003,1.4593647415900628,12205
2565104658,8.45889534883721,2.2469556055095294,11437
2565137240,8.01948,2.1993866827453203,11338
2565445703,6.684172941176471,2.039162751313173,2757
2565529304,0.3207293956043956,0.2781841564139248,10828
2565601663,2.29128,1.191276546864698,13848
2565682006,3.99,1.6074359097634274,5939
2565970022,10.42283347826087,2.4356142888867223,2774
2566234723,6.4101285714285705,2.00284779022745,3925
2566402742,3.617817857142857,1.5299222682191655,5858
2566545972,7.49662962962963,2.1396695707025244,11225
2567518767,8.836468587931034,2.286096763309782,6752
2567663511,6.261446500000001,1.9825790514148116,12739
2567908377,5.648094649796748,1.8943302947858447,5052
2567920125,8.5235616,2.2537688964857754,10290
2567941603,2.9198067450000003,1.366042352842201,5291
2568562747,5.855057060439561,1.9249866368949604,4602
2568854192,3.6915066666666667,1.5457537817565852,3047
2568905644,13.102160251374706,2.646327994966129,11380
2568909519,8.098559999999999,2.2081161592430143,13108
2569516913,4.647551020408164,1.7312220034773655,6429
2569776088,67.78412733265515,4.230973010948059,5018
2569935622,5.224678415492958,1.8285217808545655,3085
2571206038,5.0106962065281895,1.793540583190469,14346
2571417142,4.424731182795699,1.6909683466404077,6289
2571522474,0.0,0.0,9369
2571859603,3.704330892857143,1.5484835509916728,13509
2572070453,5.4710203209876545,1.8673337963866339,5330
2572170710,4.600046666666667,1.722774931039715,6242
2572814218,4.766556727272727,1.752075148019104,871
2572836384,0.0,0.0,10752
2573008470,5.8692863506849315,1.9270602217532893,14446
2573039713,4.446416308363636,1.694957834290592,13720
2573060747,1.32129,0.8421230656310843,8609
2573211779,8.575285544554456,2.2591853565076288,2791
2573222629,7.680555555555555,2.1610855307203463,7726
2573809427,8.619577142857143,2.2638003076675637,6390
2573810818,0.0,0.0,7029
2574294536,3.62786,1.532094558225642,3438
2574538066,8.933333333333334,2.295896104843249,9778
2574847994,5.86243029972752,1.9260616500959122,1791
2574855290,8.546858742857143,2.256212172934626,5104
2575368803,9.25,2.327277705584417,273
2575573590,6.335329341317365,1.9927023105620723,3914
2576036892,7.5459375,2.145456023832114,6036
2576157550,3.5242105263157897,1.5094430926078692,1256
2576217701,6.619546029585799,2.030716791753982,13486
2576404976,9.53296572533849,2.354509931822574,9401
2576790919,6.428449475935829,2.0053171526904126,6196
2576825112,4.842105263157895,1.7650912221458936,6865
2577684770,5.529618285714286,1.8763484860995503,10202
2578385344,7.994413407821229,2.1966036521377537,1090
2578465178,9.759010367772511,2.3757435772484965,7592
2578672717,1.4661654135338347,0.9026644801623901,12381
2578712121,6.372427852427185,1.9977470756203717,715
2578855206,4.22245283,1.6529671823350323,6157
2578901267,9.17824923716814,2.3202530157001986,12023
2578907834,3.5617382608695656,1.5177037484480793,308
2579133822,0.0,0.0,13365
2579418576,16.542,2.86459800552919,8961
2579892195,3.502365,1.5046028142758774,896
2580133983,10.812414425806452,2.469151048417447,6554
2580330859,6.883838383838384,2.0648148898208967,6662
2580480036,0.0,0.0,14
2580868530,9.217995692307692,2.3241504493297045,12536
2580887590,7.637599999999999,2.1561247664507937,6523
2581167540,5.434674394736842,1.861701240659418,14356
2581637778,4.795918367346939,1.7571539400505796,4871
2582214387,1.32129,0.8421230656310843,13556
2582385508,7.536246666666667,2.1443214108015547,2157
2582574549,9.780032204472842,2.3776955529042962,13400
2582585414,5.705027669902913,1.9028576434817135,3689
2582896631,10.485652173913044,2.4410986193710964,10968
2583106978,6.606450000000001,2.028996571573997,2428
2583451227,8.642615270270271,2.266192365425502,9897
2583654632,5.481964285714286,1.8690235949408762,12879
2584011529,4.2272727272727275,1.6538896750049343,11309
2584394771,1.14564,0.76343787617538,6982
2584658763,4.602066843243243,1.7231356087987268,7777
2585253766,9.851239669421487,2.384279328706055,10032
2585906220,10.784325659016394,2.466770314472326,8774
2585941203,4.942857142857143,1.7821900182119044,9720
2586153165,0.20899692651578652,0.18979102945885895,1898
2586900820,5.692398750000001,1.900972367422321,13825
2587107263,4.713333333333334,1.7428026245015242,3625
2587180260,3.652542372881356,1.537413817043866,7083
2587242988,4.811688,1.7598710622299398,5756
2587418682,6.662758620689655,2.0363720521693884,10997
2587458785,4.9449189776357825,1.7825369013931514,14250
2587501851,1.106473819354839,0.7450153738549946,4249
2587565540,7.9125560538116595,2.1874610750683683,3422
2588022479,0.0,0.0,2585
2588029730,0.0,0.0,5917
2588396230,2.29128,1.191276546864698,8630
2588514759,9.02127659574468,2.3047104923063593,2943
2588870440,6.1232482758620685,1.9633638399078097,827
2588972692,9.684204272076373,2.3687664145030136,2554
2589008244,30.265700483091788,3.4425216654729587,3823
2589436666,6.815114709851552,2.056059641929703,4917
2589565015,0.0,0.0,3694
2590286264,9.249030000000001,2.3271830669599827,3856
2590650165,0.4435527019796683,0.3671072293121384,5457
2590886100,6.314399348275863,1.9898449187665586,8431
2591084919,6.498019500000001,2.0146389190038567,9353
2591291436,3.148542600896861,1.4227570920575117,13701
2591302823,9.249030000000001,2.3271830669599827,4186
2591464765,7.925373134328358,2.1888981345596656,3333
2591535463,10.945251189908257,2.4803338094313663,5702
2591598312,1.32129,0.8421230656310843,4449
2592499452,5.982859405714286,1.9434584898668938,11747
2592518775,6.248263985185185,1.9807619898744937,5835
2592551100,6.8093977500000005,2.0553278482022033,5623
2593046854,6.187604777777778,1.9723579837949918,7549
2593080737,4.764047524752476,1.7516399232026043,8063
2593296156,8.00953102105263,2.1982830193279947,1681
2593331567,13.013154741303746,2.639996512823446,2899
2593334900,9.319936216216215,2.3340775794351125,4396
2593437335,11.348200666666667,2.5135103574526902,6333
2593544608,13.863970434782608,2.6989401930209715,10248
2593593154,0.660645,0.507206081117678,2643
2593832355,3.283582089552239,1.454789596368655,7163
2593833453,13.152841363636366,2.649915407014848,7632
2594159969,6.81799005,2.056427494665937,7139
2594200563,6.5874299999999995,2.026492930642895,10513
2594447871,6.721088,2.0439552867491,3881
2594937306,4.284670051387461,1.664810186226174,2953
2594974742,8.456632105263159,2.246716305432876,5049
2595421712,4.814814814814815,1.760408939343979,14399
2595449070,1.2377179999999999,0.8054565965884607,11996
2595624921,6.302391304347827,1.9882018704511204,2710
2598251789,3.6947183333333333,1.5464381179603317,5183
2598267229,7.426561034482758,2.131388745067115,12056
2598795105,7.4128700561797745,2.1297626828508864,13604
2599020394,5.653846153846154,1.895195056476297,11787
2599158466,5.481025539910525,1.8688787601738928,314
2599401395,0.44347354838709674,0.3670523953163744,6470
2599988419,6.4460484402017295,2.007683480962769,5134
2600163844,5.209629423529412,1.8261012200149613,10292
2600421569,4.392796779661016,1.6850641334016356,8425
2600721392,5.317160945736434,1.843269889783615,10510
2600754748,5.613636363636363,1.8891336332532314,10764
2601349358,3.8324169230769227,1.5753467406596484,12882
2602242726,2.0,1.0986122886681098,2081
2602275027,7.0,2.0794415416798357,1906
2602468135,7.239499368932039,2.1089395858780797,359
2602719138,12.296257796257796,2.587482626933687,10041
2602820382,7.786173214285715,2.173179260165276,11313
2603076810,4.333333333333333,1.6739764335716716,8850
2603705700,11.35527514,2.5140831087191184,11590
2603939482,8.417391304347825,2.2425581186377403,13515
2604252999,4.398654631578947,1.686149780228935,7360
2604555690,13.738095238095237,2.690435654401228,10697
2604820911,11.31822,2.5110794671475776,12088
2605108987,8.387173396674584,2.239344225185377,9076
2605238176,9.860738333333334,2.3851542986895944,8287
2605425216,7.212324545454546,2.1056360192542947,3905
2605788623,111.81899552631577,4.725784724942252,5283
2605871543,5.7,1.9021075263969205,12981
2605941112,0.841140947368421,0.610385459542204,164
2606258188,7.5153984,2.1418761010412655,10089
2606977820,8.009233644859814,2.1982500119383808,9530
2606989100,12.040781504587155,2.5680814860360672,14542
2607684553,8.791376480446928,2.2815020473175944,3172
2608028020,6.859903381642512,2.0617743139536686,10229
2608139448,5.433968,1.8615914552265989,1413
2608179583,17.56756756756757,2.9214163795781247,4742
2608240120,13.667825164556962,2.685656330623245,2475
2608827236,1.1959978021978022,0.7866365228261104,1252
2609168151,7.423119452054793,2.130980240884668,7343
2609378486,7.6921542857142855,2.1624208125489224,13296
2609606130,9.596148648648649,2.3604906000627093,12561
2610243647,4.947809361702128,1.7830229772608215,4603
2610432712,7.247717553010035,2.109936501827877,1195
2610693387,8.56910569105691,2.258539751887859,579
2611017058,8.472300235714286,2.2483717748219787,13359
2611283657,6.644711999999999,2.034014166990593,772
2611350375,0.004525139488901325,0.004514931827680668,1253
2611426552,4.436329,1.6931040169004608,6134
2611503355,8.539209365853658,2.2554106063291335,11080
2611536962,7.399224000000001,2.128139320629504,11466
2611803412,4.972222222222222,1.7871190896715528,13333
2612810238,10.476512170212766,2.440302526803687,9407
2612834429,3.7903621276595745,1.566606009329233,5595
2612866360,6.662801052631579,2.0363775895778526,5203
2613144592,6.713696774193548,2.0429975505085816,12343
2613266492,8.821428000000001,2.2845665293095476,8364
2613388543,8.408209090909091,2.2415826157083143,4237
2613569142,4.334856396866841,1.6742619672155932,11688
2614318744,2.767546346782988,1.3264239531768858,9924
2615404804,0.2779388802141423,0.24524853025313825,12008
2615421824,7.787838705882354,2.173368800448871,4980
2615709801,2.5303581395348833,1.2613993217577881,1847
2615818202,8.200000000000001,2.2192034840549946,6489
2615837364,0.0,0.0,307
2616201366,7.548423553072626,2.145746886191044,1876
2616295085,8.534662211180123,2.254933812224558,14476
2616311192,2.655801818181818,1.2963154448419516,7161
2616361664,2.8641,1.3517287959325766,313
2616629104,7.418148597285068,2.1303899225191487,2661
2617065103,7.355008799999999,2.1228612153083226,7274
2617145551,3.407218222222222,1.483243701816175,13770
2617464870,5.057581463414634,1.8013106219738122,10103
2617837571,4.611940298507463,1.7248965239989285,904
2617970172,9.0,2.302585092994046,1555
2618899151,3.682414285714285,1.5438138499286886,6831
2619116055,2.64258,1.292692221783584,1120
2619489246,4.707538909090909,1.7417879165848944,6960
2619738534,11.099738490566038,2.4931838400192308,1073
2620085390,7.915330909090909,2.187772368864142,9686
2620229973,5.882473867595818,1.9289781610925558,1038
2620241689,5.018294871794872,1.7948039753117084,6394
2620592696,7.044207487864078,2.0849522656931185,2041
2620930867,6.606450000000001,2.028996571573997,6877
2620961151,4.81903825,1.7611349989473093,5716
2621527491,7.1976744186046515,2.103850506558761,9827
2622788016,2.476923076923077,1.2461477293766487,1988
2623000618,5.869764999999999,1.9271298989534167,9193
2623395098,10.343017806935332,2.4286023834368504,9751
2623732935,7.043125,2.084817689265792,14242
2623800518,7.794933415384616,2.174175807425743,538
2624706320,5.813676000000001,1.9189317689447907,9968
2624728985,7.201257525773196,2.1042874993138643,5501
2625372916,9.067676470588236,2.309329942329675,333
2625394871,4.897142857142857,1.774467972117994,10165
2625822106,3.1818181818181817,1.4307461236907244,10690
2625822315,8.372191011235955,2.2377469014916307,10784
2626160474,6.833981749502982,2.058470905588511,845
2626410426,6.714285714285714,2.043073897508961,10050
2627097286,4.290322580645161,1.665879223339052,9501
2627567772,8.01948,2.1993866827453203,76
2627786441,9.664453125,2.3669160730652097,9939
2628158001,9.715470085470086,2.371688499682298,252
2628398913,5.872448979591836,1.9275205171798466,5462
2629140898,4.367521367521367,1.6803662316704424,178
2629280581,7.142625652173914,2.097112689694738,4028
2629308781,0.0,0.0,1956
2629900814,8.277803030303032,2.2276247763459556,2985
2630787361,4.6921174193548385,1.7390823088544054,3787
2630885590,4.018527679856115,1.6131365998201448,3753
2631588158,0.0,0.0,10212
2632900100,4.512764104477612,1.7070661497346291,10733
2632923364,5.950963333333333,1.938880259084055,6607
2633467053,8.13215481171548,2.2118016811865218,527
2633989464,12.223617349794239,2.5820044240591,14313
2634128958,11.37456857142857,2.5156434449321656,3460
2634138681,1.0,0.6931471805599453,7910
2634802078,9.960493846153847,2.394297339460388,11374
2635084568,12.109859154929577,2.573364554386821,5911
2635642762,8.226351540000001,2.2220636875963673,6449
2635900737,9.13070552238806,2.31557096266538,4489
2636105590,5.501258831775702,1.8719958245777009,8266
2636355648,3.96387,1.6021856784418196,2753
2636667166,1.0816843689320388,0.7331773587637644,10199
2636669871,7.93640350877193,2.190133216160577,11382
2636914688,6.4264339152119705,2.0050457859373854,3657
2637504813,18.498060000000002,2.9703149734410363,3792
2638198600,5.58982519239905,1.8855268219712473,6413
2638444902,2.599721538461538,1.2808564920430152,13835
2638528869,6.049807855590062,1.9530003619265337,7570
2638835220,13.846153846153847,2.697740831443349,12578
2639076402,6.140112352941177,1.9657285119337353,3219
2639267701,6.528024502517162,2.018632657128627,863
2639399683,8.900741538461538,2.2926096572103667,1217
2639799768,5.802637235521235,1.917310365749052,4320
2639888223,9.249030000000001,2.3271830669599827,14570
2639924235,453.24516336448596,6.1186370597005775,1336
2640041339,2.9353673223604977,1.3700042249995457,9798
2640124340,3.4027586206896556,1.4822313037150248,2936
2640304237,8.754285714285714,2.2777067488709264,10133
2640928919,9.16512,2.3189622522245985,11037
2641223425,6.6488914363636376,2.0345607270586723,10846
2641511926,4.872142857142857,1.7702196195487834,8101
2641541032,2.9252440298507465,1.367428522512079,6465
2641545296,10.55124625984252,2.446793332431944,8373
2642401780,6.972247538461539,2.0759664528546202,10284
2643035498,4.8370444444444445,1.7642245804541774,623
2643306676,4.198402720588235,1.6483514092836382,4655
2643558853,8.455914285714286,2.246640396083138,203
2644371053,9.137123745819398,2.3162043036671167,11684
2644375913,5.538461538461538,1.8777018990287797,13838
2644694817,7.564820179372197,2.147663136736331,9979
2644733830,8.089214608695652,2.2070885027729004,12731
2645237592,8.023651019417477,2.199849021514272,3587
2645388587,6.947752258064516,2.0728891538545597,12470
2645422278,8.010993777777777,2.1984453627385987,12865
2645653138,0.0,0.0,13510
2646038383,3.8092529999999996,1.5705417706018487,10019
2646058534,6.800134489510489,2.0541409757918347,4352
2646144712,1.0256834400879442,0.7059071448957547,13539
2647063430,7.493639989610391,2.13931764691119,14101
2647128598,5.493279438202247,1.870767709440311,13923
2647246091,5.891407050131926,1.9302752804508525,7992
2648871545,8.680426153846154,2.2701059244771113,2069
2648881101,13.97883597883598,2.7066382700522573,6482
2649109939,6.32102564102564,1.9907504330522583,6218
2649400702,4.048922574834437,1.6191748690066625,4282
2649698060,5.782608695652174,1.9143617913203874,5443
2650438904,8.378896470588234,2.2384621090383514,14267
2650523099,10.092485549132949,2.406267901509921,8083
2650707669,10.0,2.3978952727983707,2588
2650794831,5.991703125,1.944724178212685,12261
2650876956,6.497415428571428,2.014558351626948,5054
2650903714,4.130333684210526,1.6351707027223745,2319
2650975437,8.082885808893094,2.2063919624816846,5142
2651419152,5.0195035460992905,1.7950047884947375,13017
2651449611,8.267933442424242,2.22656042510544,12014
2651543321,8.991919191919193,2.3017766855126713,9973
2651692755,7.6170520541958044,2.15374303711159,3523
2652034572,8.872456681595521,2.2897487263843384,9864
2652730739,8.544303797468354,2.2559445155409343,13363
2652934024,9.531026065573771,2.354325763523473,1739
2653027277,12.613915200000001,2.611092446124327,14119
2653554748,4.498612241379311,1.7044957406512253,922
2653646652,5.310722891566265,1.8422502328385686,12704
2654543484,3.0,1.3862943611198906,3489
2654647537,5.835269158878504,1.9220958488999762,6131
2654992356,5.095238095238095,1.807507826196194,13667
2655147258,3.460806115320334,1.4953294930452286,9736
2655405837,6.606450000000001,2.028996571573997,8221
2655620082,4.94,1.7817091333745536,1322
2655665217,0.0,0.0,7003
2655734022,7.129818116883117,2.095538551462371,8448
2655794561,8.541601126609443,2.2556613043557454,6194
2656453221,0.0,0.0,7674
2657217556,2.216808510638298,1.1683897222820514,12346
2657380228,4.516409454545455,1.7077271875143099,11797
2658569516,1.6546943919344677,0.9763295414526075,1460
2658774635,7.973508771929825,2.1942767670238896,5360
2658901994,3.0999670588235295,1.4109789392447003,3643
2660126190,4.934419,1.7807691294196737,8970
2660615328,3.4962739304347825,1.5032490383231873,7951
2660686813,4.636939020814479,1.7293411913745222,10506
2662351720,6.971350940425532,2.0758539816282355,7800
2663056493,6.606450000000001,2.028996571573997,500
2663250966,8.849653913043479,2.2874363188350966,14153
2663902502,10.546089385474861,2.44634679829203,12468
2664109973,9.631372549019607,2.3638093043402395,2681
2664609029,8.016638935108153,2.1990716410309066,6141
2664785748,0.20019545454545457,0.1824844223185238,11783
2664909965,8.44578313253012,2.24556841255381,8814
2664914516,7.79538748744186,2.1742274349156396,10775
2665021936,9.1851687,2.320932613115478,222
2665522648,4.68482046728972,1.7377995466316696,4321
2665706270,5.3699653201692525,1.8515940253258065,13138
2665878610,0.9957547826086958,0.6910223159375908,2268
2665898427,4.2825114285714285,1.664401633983525,11166
2666639089,6.505151515151516,2.0155896534428,5434
2667335002,6.4598692436974785,2.009537886407565,8907
2667709701,0.03684527393136665,0.036182712648770016,576
2667995115,5.3474608254545455,1.848054862928112,10961
2668083009,9.101473333333333,2.3126812877960092,6411
2668681088,6.344253,1.993918102615873,10029
2669128658,6.747090873775057,2.04731740177008,5013
2669342809,0.5603125,0.44488612171279135,12821
2669382060,2.64258,1.292692221783584,1077
2669518281,13.609655172413794,2.6816826233221147,3407
2670142476,5.735599772727274,1.907406859012,4110
2670169899,9.69804822043628,2.3700613155242394,1686
2670188686,9.75748502994012,2.3756017941368186,10148
2670383198,8.688878812860677,2.2709787136211337,9218
2671216817,8.461505376344086,2.247231501095605,973
2671577868,6.165096610169492,1.969221544813725,1222
2671782263,5.392038216560509,1.855053187257194,4738
2671881547,0.3347473968376398,0.28874205809667985,5212
2671883075,8.01948,2.1993866827453203,5929
2672108477,2.988035714285714,1.3832988074972339,4075
2672431253,10.073731034482758,2.404575730087283,1875
2672455967,10.39,2.432735777459091,12913
2672488745,6.817520661157024,2.0563674532829865,12923
2673122872,8.130434782608695,2.211613314788319,3457
2673133905,10.570320000000002,2.4484431985586403,8485
2673683108,5.361880421576764,1.8503239974220431,4877
2673709540,8.148189655172414,2.2135560078184366,2011
2673789692,5.780898876404494,1.9141096708054464,8652
2673973120,2.125605993829881,1.1396281824142567,2672
2674051993,7.150128538681948,2.0980336987458177,8722
2675057283,4.643212500000001,1.730453495552485,3939
2676561027,7.2041522627737224,2.1046403996153966,2295
2676737103,0.0,0.0,7918
2676818775,14.916665995747422,2.7673667361066343,375
2677098919,8.629496103896104,2.264830898781197,8515
2677394539,4.76734064516129,1.752211080889747,8799
2677651309,8.417242424242424,2.2425423094526455,6426
2677673050,13.721088461538463,2.6892810549649715,1379
2677965826,9.051724137931034,2.307744175804073,459
2678170873,0.0,0.0,4234
2678439970,13.995,2.7077168122009723,7455
2678608164,4.862166390804599,1.7685192265335268,9318
2678759474,8.13044612231405,2.211614556755277,3676
2679031452,6.1395348837209305,1.9656476318936347,8168
2679382925,7.230047394957983,2.1077917734765257,4054
2679408202,0.37493672727272725,0.3184077135308161,720
2679483113,2.4300065299684546,1.232562164956927,4906
2679539404,4.2607891011235965,1.6602810347228782,773
2679688211,18.083278959183673,2.948812504461761,8767
2680192315,10.857358862068965,2.4729486758582766,14295
2680278127,8.045977011494253,2.2023201297628194,8804
2680415771,4.257446808510639,1.6596455112845059,11648
2680518103,3.826593116883117,1.574140859958534,13402
2680593835,0.3239950619469027,0.2806537278605069,3391
2680737339,11.705019540694007,2.541997154802744,9008
2681025310,0.20224719101123595,0.1841924647297664,5914
2682757137,3.7731854838709675,1.563013898335306,3662
2683500074,2.0784588919354836,1.124429112002559,13457
2683676825,9.577297297297298,2.358709939854583,4645
2683710892,0.5996625456687897,0.46979269804430723,5257
2684250839,8.722584927444794,2.27445152215436,12213
2684824146,9.86976539589443,2.385985118185804,4835
2685045329,18.740872483221477,2.9826912317733556,1153
2685295327,6.718498983050847,2.0436199128849855,10396
2685329195,5.075431428571429,1.8042530037538158,10867
2685455064,9.480171,2.349484995553672,8637
2685564765,5.499072,1.8716593974783253,13601
2685721445,61.3166452173913,4.132228568556901,10451
2685796377,8.009301429230769,2.198257535787648,8
2685919037,6.311540059615384,1.9894539300420515,10884
2686004490,7.405573448512586,2.1288949916019377,5182
2686146727,6.379085162337663,1.9986496691856253,10155
2686250594,8.460466422328768,2.247121686534267,12615
2686296704,7.721827738317756,2.165828818975336,3936
2686449259,8.918705388383485,2.294422407576959,13488
2687360227,6.018354037267081,1.9485287229201167,10614
2687646383,9.343407857142859,2.3363493947752008,6810
2687720585,8.968451799999999,2.299425286058077,10575
2688259493,9.949696203921569,2.3933117119435363,2433
2688327728,8.472222222222221,2.2483635388274066,3675
2688974519,2.0078426470588235,1.1012230932361962,14485
2689102414,9.249030000000001,2.3271830669599827,13051
2690230324,6.39837283464567,2.0012600888213425,4598
2690440930,3.2,1.4350845252893227,10834
2690727456,17.1846,2.90057508204636,7228
2691163648,9.4,2.341805806147327,11635
2691224145,5.723480155688623,1.9056059007921375,9445
2691620270,0.0,0.0,10700
2691922530,0.0,0.0,13956
2692955253,2.4136299029126214,1.2277762127878473,7026
2692994924,6.816557999999999,2.0562443042085694,10017
2693071455,10.0,2.3978952727983707,271
2693167527,3.96387,1.6021856784418196,13873
2693324707,7.70318578817734,2.1636891411811905,10924
2693623524,9.97165991902834,2.3953155772457695,12662
2693814337,6.496874999999999,2.014486267045922,10113
2695174047,10.321606588235294,2.4267129874604394,2683
2695436984,12.008024249112426,2.5655664169728767,3052
2695617549,11.4564,2.522234547053978,10527
2695781725,0.7568542222222222,0.5635248360543157,10664
2695839474,0.0,0.0,7317
2695969722,5.970236619718309,1.9416491725058587,6939
2696168115,0.833722748091603,0.6063481890648849,7711
2696358166,7.954767441860465,2.192186065533969,4703
2696602278,6.6829,2.038997080051736,11271
2696615485,9.681944444444444,2.3685548810469528,2509
2696985878,7.017191977077364,2.081588233022999,7100
2697491130,8.884911498554915,2.2910095034772824,13094
2697630730,10.04971069556314,2.4024042462240223,2239
2697653135,5.257037037037037,1.8337067562950216,12293
2698076144,0.4335281396341463,0.3601386361689535,10963
2698097098,3.96387,1.6021856784418196,5744
2698387036,8.141592920353983,2.212834650407298,3474
2699148884,5.573791310679612,1.8830907300894808,7256
2699494591,8.1875,2.217843864538955,534
2699580119,5.3867976923076935,1.854232999161194,9505
2699810879,7.077678571428572,2.089104525736601,10112
2700407691,7.479207383279045,2.137616976482374,13188
2700482372,7.4854166666666675,2.138349003746476,2646
2700577867,8.31255069767442,2.2313630277364345,1368
2700977236,6.631009293680298,2.0322201161917364,4141
2701093023,6.341529231372549,1.9935471630750614,11954
2701566023,5.75,1.9095425048844386,3690
2701911649,7.761373193430656,2.1703526499041104,11676
2702013231,7.0,2.0794415416798357,13145
2702057993,10.031284866828088,2.4007353148608663,3885
2702074301,5.374787418181818,1.852350744320936,11167
2702220768,10.601672644067797,2.4511492811715625,3419
2702371575,0.0,0.0,12233
2702912497,0.19127316198445907,0.17502261922597068,5032
2702985633,4.15627534883721,1.6402144872268953,8514
2703057337,5.7663600000000015,1.9119632761555967,11164
2703255650,3.0056338028169014,1.3877018208877705,11924
2703269018,8.77368786585366,2.279693863189024,3265
2703443626,4.979207119313305,1.7882879704282812,8175
2703773619,0.0,0.0,9148
2704277737,3.96387,1.6021856784418196,107
2704421109,3.925268847926267,1.5943788615455838,5650
2704714384,2.0746774193548387,1.1231999914807937,4870
2704974511,0.0,0.0,3952
2705851673,7.6,2.151762203259462,588
2705955142,7.60954824148398,2.152871848013611,2874
2706625379,11.239726870026525,2.5046869622948904,9556
2706677223,6.821765454545454,2.0569102905277634,3424
2706729209,5.130052043478261,1.8132032398759077,12003
2706946230,5.96900331210191,1.941472217718417,6592
2707910225,6.872950819672131,2.063432937475355,12608
2707971843,11.74910394265233,2.5454609901270895,10847
2708419075,9.30528,2.3326563852493694,5769
2708435843,16.61178,2.868567996332408,13184
2709244146,11.343448503947368,2.513125436806431,8441
2709445570,0.9615384615384616,0.6737290947028438,10495
2709936829,1.5723351,0.9448140856025073,10382
2710057898,6.043572808988764,1.9521155427115449,5976
2711054746,11.4564,2.522234547053978,12084
2711208520,6.643114494023904,2.033805176395032,7661
2711777138,9.99265306122449,2.397227146126399,12728
2712180595,2.8997998300283285,1.3609252261846334,2663
2712833070,7.678884324324324,2.1608929863470303,1355
2713406043,4.291269292035398,1.6660581588724113,8595
2713761515,2.5717966071428573,1.2730687205036009,6370
2714192417,8.11151564295302,2.2095390687786973,8570
2714446953,6.177923513513514,1.9710101369864914,5097
2715112826,4.150597377049181,1.6391127034922122,9799
2715137207,4.077774310344828,1.6248730376994494,6110
2715215166,9.291666666666666,2.3313345062800317,11571
2715546631,999.0,6.907755278982137,13235
2715687155,9.058823529411764,2.3084502124464437,2843
2715732491,9.241304347826087,2.3264289892169003,8560
2715853774,2.3768115942028984,1.2169319489684411,4082
2716297471,8.388655116279072,2.2395020578590765,12005
2716631116,9.37455255,2.3393559374758923,33
2717049128,10.541204827586208,2.445923660100395,11107
2717404049,5.566828875,1.882031048547399,8720
2717737569,14.919967845659164,2.7675741606691697,11244
2717889978,8.346805714285713,2.235034650094368,6222
2719791876,6.387341963101605,1.9997679900298384,6857
2719826452,5.7282,1.9063076487448751,7641
2720709983,8.189562442396314,2.218068322872428,7134
2720716134,11.402168520710058,2.5178713380235678,9790
2720727125,5.147114776119404,1.8159828296424376,39
2720867470,6.125980909090909,1.9637473881302254,4174
2721371976,7.333333333333333,2.120263536200091,9997
2721803202,6.778015461734694,2.051301223612101,12309
2722102269,9.538461538461538,2.3550315683665883,14140
2722292932,4.824480369515012,1.762069788522375,11531
2722661517,5.912692183536586,1.9333591687819158,511
2723067680,0.49557522123893805,0.4025108962107328,6397
2723512918,2.947121231707317,1.3729865111082615,267
2723873199,4.903454000000001,1.775537603346866,187
2724217091,8.07628125,2.205664554758313,7521
2724407597,0.57282,0.4528701865048898,4711
2724795858,9.095890410958905,2.3121284510409454,2449
2724843509,7.102968000000001,2.0922304143161563,9168
2725368512,8.743029276595744,2.2765520833238115,9499
2725542320,14.34921840810811,2.7310645546982792,13878
2725945131,11.35,2.513656063073986,3567
2726056719,7.9858579565217385,2.195652003325363,9523
2726243922,6.078431372549019,1.957052325608555,5348
2726959831,0.5945805,0.46661069223938006,3070
2727116102,1.981935,1.0925724186536039,14301
2727274087,2.3792110405904054,1.2176422623045853,11680
2727354785,10.0,2.3978952727983707,3845
2727648928,1.6669642857142857,0.9809408539269695,3500
2727953003,8.1256038647343,2.2110840742361404,7676
2728549961,7.2204724409448815,2.106627681983993,10770
2728867744,8.005434782608695,2.197828259817577,6460
2728873572,6.003194888178914,1.946366457527753,9022
2729100134,9.095687272727272,2.3121083299553304,7795
2729375905,4.6759649251247914,1.7362405797728524,13752
2729977668,8.152494802494802,2.214026498133896,4491
2730225328,4.323529411764706,1.6721365066496643,12639
2730370658,8.266666666666667,2.226423732028482,4389
2731260143,3.6984931506849317,1.5472418510735972,6615
2731888352,5.08235294117647,1.8053916180181127,9064
2732224767,8.652146865671643,2.2671803637340133,12894
2732495855,8.404920634920634,2.2412330241124585,2226
2732849701,4.30539540860215,1.6687243043688638,13931
2732914188,2.63015075,1.2892741763400772,13442
2733471178,8.100222222222222,2.2082988332490605,13397
2733695446,8.861558265210608,2.2886441951956993,11175
2733724188,6.586111111111112,2.0263190900235495,9421
2733795472,5.426715789473684,1.8604636440753815,11946
2734081554,12.358100946745562,2.59212301330031,8112
2734254876,4.624515000000001,1.7271347221509121,12243
2734332276,4.978494623655914,1.7881688010973265,2904
2734404478,6.606450000000001,2.028996571573997,5953
2735295020,2.97111416781293,1.3790467021294157,8572
2735917615,7.3168208,2.1182800664238153,8575
2736362150,15.206167846153845,2.785391901022654,2080
2736422306,6.8738399999999995,2.063545872274451,14348
2736456438,4.339798458802608,1.6751879104625995,335
2736521367,1.653551688516903,0.9758990024693361,72
2736621527,6.361365528726061,1.9962454493258208,893
2736853363,7.9109947643979055,2.1872858810866895,1960
2736999768,7.820318048780488,2.1770579293209917,8908
2737234859,5.299492637288135,1.8404690963906813,11384
2737394288,2.526492220447284,1.2603036716370888,9464
2737410614,3.854547872340426,1.579915971215308,2040
2737952317,6.8125,2.05572501506252,9884
2738583471,1.801047120418848,1.0299933188493766,13637
2738911455,6.87384,2.063545872274451,13773
2739409610,1.675531914893617,0.98414820726979,2098
2739516139,0.7435520000000001,0.555924411753336,5889
2739779324,9.8220332,2.3815841670406392,6380
2739999078,7.381080913432837,2.125976893459002,1952
2740487494,8.649581999999999,2.2669145983505508,604
2740604886,30.36631016042781,3.4457343920911883,9163
2740799145,6.767459142857144,2.049943102259277,8174
2741294167,12.372817998237885,2.5932241391545783,9666
2741811912,3.6679545454545455,1.5407209768992962,6829
2741921846,5.988981711171663,1.9443348676896883,11896
2742032911,0.28101272070626004,0.24765095315901584,2984
2742137007,9.131457584745762,2.3156451958411837,5617
2742223037,0.8542052631578948,0.617456174692754,88
2742644411,8.447837413606912,2.2457858701956495,12644
2742699312,8.984229473684211,2.3010067955059905,8011
2743598669,8.075395679723503,2.205566980271876,14440
2744068472,12.59436782868526,2.6096555767226635,4739
2744396538,8.263388429752066,2.226069902864807,4918
2745316928,3.815113530337079,1.5717596234429578,6291
2745397986,7.583862395209581,2.1498839748189194,13113
2746210276,10.0,2.3978952727983707,10074
2746243964,0.0,0.0,10468
2746456533,1.0740740740740742,0.7295148247308203,2949
2746759659,6.564385517241379,2.02345111687465,6727
2746768896,9.16512,2.3189622522245985,10731
2747154938,6.89240497263158,2.0659009011661325,7635
2747275504,13.180953829787233,2.6518997846941494,2840
2747615683,5.362105263157894,1.8503593387980435,8537
2747681551,1.4387106976744186,0.8914694970588114,8662
2748432312,1.1481481481481481,0.7646061445420902,7409
2748631234,3.5217822222222224,1.5089062130813438,8426
2749019015,7.033707865168539,2.083646172961868,5957
2749341295,6.0,1.9459101490553132,3486
2749413369,6.687018315517243,2.0395329730254343,6504
2750261233,4.684573636363637,1.7377561263888894,4574
2750285600,2.035641025641026,1.1104226132938986,823
2750382157,4.882352941176471,1.7719568419318754,34
2750677675,5.515151515151516,1.8741304666611827,302
2750983085,10.408654572277229,2.4343722403811623,5000
2751076831,12.362223392658228,2.5924315758681153,2957
2751428371,0.17204296875000002,0.15874835323873118,13569
2751487947,10.285301333333333,2.423501112024952,10947
2751498231,11.363094,2.5147157443284094,900
2751522069,5.836320754716981,1.9222496855564581,11563
2751582477,5.130474782608696,1.813272199250427,9302
2751700454,7.680888634965035,2.16112390073218,3423
2752167844,3.482516472,1.50018460122548,7403
2752330387,13.990325681818181,2.707405038484103,6793
2752417102,8.31904761904762,2.2320604366786077,1476
2752459591,6.801418439716312,2.0543055684082936,5932
2752475976,3.992791411042945,1.6079951543676188,13160
2752478900,10.266666666666667,2.4218485138208634,14482
2752826443,6.537983154545455,2.019954660104513,8786
2753911860,5.754385964912281,1.9101920664532341,10549
2754037446,5.968391153846154,1.9413843737160612,8188
2754112106,11.115,2.494444354268489,12165
2754163674,7.561223999999999,2.147243170585667,6001
2754231197,2.491304347826087,1.2502754050235663,6926
2754271006,8.059701492537313,2.203836171668532,9976
2754341019,4.496237557678572,1.704063777726572,11951
2754354161,5.439363885454545,1.8624297596870998,3189
2754670024,0.0,0.0,12542
2754741414,21.05059451075269,3.093339563468286,520
2754753281,5.405181203007519,1.857107225816203,5899
2755485186,8.597626221052632,2.2615157992575092,10732
2755553186,3.1,1.410986973710262,11814
2755965305,7.024582105263158,2.082509593549666,5714
2756196905,7.555956689655173,2.1466277292222107,6751
2756756201,5.898827234042554,1.9313514310765532,7730
2756761823,6.196206127659574,1.973553960433394,10180
2756828116,95.22431496503496,4.566682080048963,10502
2756855128,0.7050092307692307,0.5335705246617226,8026
2756903690,12.0,2.5649493574615367,349
2757253703,7.915330909090909,2.187772368864142,10319
2757695569,7.372747741935484,2.124982115207897,2764
2758467694,5.660809411764706,1.8962410104657288,11019
2758677825,11.700166733333333,2.5416151219872902,2394
2760096278,7.251497005988024,2.1103946391568487,6738
2760250921,6.30102,1.9880140644209705,2497
2760300040,3.2007724583333337,1.4352684270291547,9862
2760897990,3.8407520325203253,1.5770700872784347,13395
2760918389,3.3824717436194898,1.4776128902441477,8044
2761389513,8.87253126741573,2.2897562812960355,13396
2761653803,0.0,0.0,14417
2762345745,7.303762967741935,2.116708781669066,1449
2762965947,6.679389312977099,2.038540027458533,423
2763320403,6.496,2.014369544936121,12383
2763417043,5.226318028800001,1.82878515147295,11622
2763506604,25.361583485625,3.2719077793636577,7837
2763726923,6.246138996138996,1.980468774753574,3691
2763803931,6.326666666666667,1.9915206603073656,8885
2763845953,6.0959616358543425,1.9595258385459813,12932
2764103315,3.8970588235294117,1.588634784804337,10800
2764355439,10.43153835719557,2.436376058181308,6428
2764458011,4.134359032258065,1.6359550122706628,8341
2764513276,3.3672737785714286,1.4741389651354007,3652
2764515320,7.811258278145695,2.1760302536028195,4576
2764639187,0.1326356005788712,0.12454730681779821,1305
2764983657,7.862378787878788,2.1818152147975827,8914
2765110895,8.380188123529411,2.238599818630388,7265
2765504522,6.299364450867053,1.9877872828392096,7445
2766339246,8.094202898550725,2.2076371664086794,14225
2766403816,6.310298793103449,1.9892841474959,13776
2766782453,2.408940324324324,1.2264014876708722,7435
2766871391,8.413666666666666,2.2421625340948577,3127
2766915155,3.343288400357143,1.4686317571404903,8136
2767217713,6.558789,2.0227109921752393,11456
2767487411,5.744566285714286,1.9087371859932147,189
2767535500,8.0,2.1972245773362196,7156
2767884194,6.6296875,2.032046887707943,1753
2767908193,9.038461538461538,2.3064238693012116,12495
2768363289,6.4170651,2.003783439849514,10858
2768636447,9.0,2.302585092994046,1122
2769278867,19.53529411764706,3.022145070054774,10039
2769630265,4.811688,1.7598710622299398,6048
2769713633,8.235129882352942,2.2230146776944744,13901
2769904734,4.408163265306122,1.6879095278755956,11478
2770148734,5.790313012048193,1.9154970394842494,3369
2770597727,0.25909878682842286,0.23039621650223807,13603
2770662397,8.398889011764705,2.2405914920531442,13232
2770732304,900.9579824404228,6.804567936317333,584
2770972086,10.18515827242525,2.4145877452599693,5266
2771645793,4.4043,1.687194932990836,13358
2772205633,7.115854483928572,2.0938194922720994,29
2772208958,4.185122875167785,1.645793539600844,1467
2772305448,9.069767441860465,2.3095376123089273,703
2773013992,8.566666666666666,2.2582848340974655,9849
2773953798,3.019176486956522,1.3910770276545699,5178
2774430078,0.0,0.0,12955
2775013182,9.770587772020725,2.3768190646114262,9991
2775035059,0.5254237288135594,0.4222722264245456,5130
2775083677,5.154191576763485,1.817133406861113,12187
2775371091,9.903225806451612,2.3890586909978726,8902
2775545852,2.9038549618320615,1.361964516690658,13677
2775870326,3.8726280287398676,1.5836334278347497,12279
2776278672,6.561532846715328,2.023073927140945,4411
2776317493,9.1192944,2.3144439381083775,7241
2776421046,12.097181694915255,2.5723970692689226,9494
2776542189,6.0357501765042985,1.9510043197788107,5030
2777540506,4.3401499999999995,1.6752537424652303,11803
2778403343,8.806394967804877,2.283034720595021,2028
2778720776,6.475340267281107,2.011609638947217,12119
2779135177,8.207317073170731,2.2199985019847714,7067
2779233420,7.2956321396907216,2.1157291280553205,7036
2779289336,6.660178571428572,2.0360352956777166,2605
2780021762,9.714285714285714,2.371577964480997,7882
2780659164,10.769802563414636,2.4655371465702873,14373
2780721596,2.417385895522388,1.2288759007695795,12991
2780906253,0.5370662948207172,0.42987559623571975,7750
2781539821,0.0,0.0,12556
2781625538,6.8738399999999995,2.063545872274451,7062
2781658645,5.149913349438203,1.8164379921969247,7222
2781702140,6.606450000000001,2.028996571573997,11861
2781818935,0.0,0.0,5568
2781874177,16.775442857142856,2.877817889986134,903
2782040072,7.549871794871795,2.1459162880844094,1803
2782080501,9.669753086419753,2.367412924129295,5301
2782408767,11.710986666666667,2.5424667113517634,5570
2782724015,0.0,0.0,14610
2782960548,0.0,0.0,3155
2783131056,4.8264462809917354,1.7624072572155276,6214
2783366242,2.801892,1.3354988375607248,8797
2783912431,7.156626506024097,2.098830665115677,3877
2783985825,1.32129,0.8421230656310843,7497
2784082248,9.209403973509932,2.3233092537350672,6647
2784418738,8.500648799999999,2.2513600910113576,10489
2784953527,4.829658823529412,1.7629584778145548,530
2785243542,9.0,2.302585092994046,12967
2785416499,4.352484705882354,1.6775608840992633,2390
2785595296,6.1746813666666664,1.9705583518326382,9141
2785922754,3.971552,1.6037320650031228,9052
2785975071,9.487462786363636,2.350180523406923,3101
2786263232,6.074556279069768,1.956504724823269,90
2786323915,6.758387906976744,2.048774568667069,12544
2786760809,0.47735,0.39024994230168397,2775
2786787196,6.407816949152542,2.002535787150968,14587
2786911198,10.670818285714285,2.4570915625818444,11408
2787031545,6.224173228346457,1.9774327953878736,6731
2787043771,11.4564,2.522234547053978,12090
2788186868,8.262962962962963,2.2260239718792443,10405
2788266448,5.391145828877006,1.8549135682574547,2003
2788905200,11.136620257894737,2.496227349663644,9290
2789053910,7.29318407960199,2.1154339822083665,2454
2789428796,4.738301886792454,1.747163328024722,9009
2789602900,9.992317302631578,2.397196601751093,13478
2790372944,9.585187999999999,2.3594556654116263,6300
2791064200,1.2329545454545454,0.8033256168311095,7690
2791683958,7.310274285714286,2.1174926150271345,6437
2791913958,6.606450000000001,2.028996571573997,6725
2791950034,5.963254593175853,1.9406469790110388,8198
2792116480,8.41073256302521,2.241850799985374,9298
2792442102,12.33868648909091,2.5906685715534326,8442
2792528777,5.9031210896817745,1.9319736411699455,3141
2792683038,6.467111032710281,2.0105081817314505,13452
2793373493,13.786516853932584,2.6937157421531226,14546
2793646898,44.20090667558529,3.8111171458313673,4946
2793749558,3.4685232398509513,1.4970579826428272,6997
2793838051,10.434612972972975,2.436644981075374,2464
2793865344,9.090492042253521,2.3115935985138436,60
2793933792,9.192848020434228,2.3216862998852057,1315
2794000215,4.3076923076923075,1.6691571471357227,1713
2794450495,5.375,1.8523840910444898,12600
2794684288,3.952153110047847,1.5998224537346586,14590
2794769940,6.413814671814672,2.003345107358471,8988
2795284461,2.609513333333333,1.2835729525460209,4572
2795411618,9.658533627342889,2.3663608508650618,2808
2795567982,1.997087408256881,1.0976409531601063,14094
2795825177,9.56237841081081,2.357298481214509,11880
2796186091,5.740452834224599,1.9081271087540674,12111
2796388151,11.4564,2.522234547053978,14549
2796552878,8.775510204081632,2.2798802993002885,304
2796920148,7.703125,2.1636821565676123,3346
2797071428,6.87384,2.063545872274451,12372
2797368801,8.207021772687224,2.219966429100048,13411
2797956777,6.134560714285715,1.9649506813089326,12636
2798519024,6.035211267605634,1.9509277210472928,332
2799295773,4.58256,1.7196474525472347,10636
2800953175,11.123789517801049,2.495169598256424,4497
2801111853,9.086180141342757,2.311166184028722,2133
2801539676,10.176352263380283,2.413800141087516,3012
2802064540,6.522756774193549,2.017932663096176,3267
2802805589,6.309832615384615,1.9892203754673228,12263
2802923321,0.0,0.0,6408
2803336690,10.88888888888889,2.4756042571256867,677
2803612093,10.2399975,2.4194786220455913,6699
2803698880,9.033854166666666,2.3059647920384307,1416
2803739843,0.0,0.0,5141
2803762493,4.739883720930233,1.7474389524486258,601
2803850094,2.2068588106530465,1.165291894376437,10460
2804410219,10.702187,2.459775747412692,11788
2805926211,0.12196523076923078,0.11508181800112344,1031
2806294352,9.79188558139535,2.3787945166805478,4495
2806603863,9.729166666666666,2.372965889755845,11008
2806703770,1.1657712970069072,0.7727765552879143,11707
2806783880,6.054482532467533,1.953663234984309,3610
2806936832,12.7486086,2.620937626264978,13324
2807017715,8.903954802259888,2.2929341523474056,5649
2807067397,3.780281690140845,1.5644994757588104,13122
2807608765,9.60377358490566,2.3612099363415693,6224
2807632178,14.473684210526315,2.739140788172241,1936
2807776911,3.71651672246696,1.5510705446261244,8164
2807856983,1.5087110769230772,0.9197691060795338,14568
2807936497,3.9161419607843135,1.5925240685822732,6255
2807954467,6.3336266769230765,1.9924701652887729,14157
2808652831,0.6587430000000001,0.5060600866101611,4118
2808938236,2.142857142857143,1.1451323043030026,14520
2809436987,8.222222222222221,2.2216160304603783,3115
2809539455,11.588953388429752,2.532819714213899,4981
2809567595,3.715801719367589,1.5509189375519676,2895
2809651922,4.816326530612245,1.7606688821580239,11288
2810673059,6.186456,1.972198143399437,13633
2811315913,10.94442901098901,2.4802649781274178,8190
2811343806,9.60290322580645,2.361127852844238,5988
2811941926,7.027397260273973,2.0828603484286212,9639
2812086106,4.821578417266187,1.7615714306895638,846
2812457703,11.94783510638298,2.5609286009182615,5883
2812586436,6.428148148148148,2.005276587845709,4776
2812782850,7.854740552486188,2.180952971255719,4690
2813929274,7.20977954887218,2.1053260715657256,4485
2814572161,12.670232857142857,2.615220684763628,13497
2815686566,6.919665599999999,2.069348982712729,13636
2815709376,1134.1452842809365,7.0345159254954694,9270
2816437224,4.193474716981132,1.647402975469611,12328
2816765524,2.4598930481283423,1.2412376776463139,12611
2818437418,5.29,1.8389610707123492,12922
2818683501,5.7734375,1.9130087128609248,5826
2818723334,8.735251465384616,2.2757534695521406,8984
2819097313,5.124135272727273,1.8122375665010673,324
2819306738,4.675,1.7360705633674662,6132
2819403636,231.02955845454545,5.446864770682372,5486
2819942951,2.41042656,1.226837374381301,12134
2821016380,3.6074166666666665,1.527667323945033,8684
2821665865,6.966894647137149,2.075294786655361,6056
2821966710,4.512289317391304,1.7069800209752601,8708
2821969179,4.396396396396397,1.6857313968031153,9752
2822745807,5.304811304347826,1.841313041030544,5413
2822927534,7.598462240930233,2.1515833780770333,13292
2823630681,2.0,1.0986122886681098,5474
2823789032,2.8877495952509444,1.357830480010487,2961
2824038477,4.220238095238095,1.652543012968924,11913
2824086131,15.2713812,2.789407810067861,3928
2824326734,5.530623788793104,1.8765024653405273,9017
2824362367,4.091571428571429,1.6275865115150585,10237
2824647377,6.01282695652174,1.947740894577846,5872
2824708455,5.897869827906977,1.9312126433460095,3816
2825700963,0.7620481927710844,0.5664768783153681,8142
2825746202,8.874371859296483,2.2899426995788694,13572
2825851389,10.31076,2.425754485041046,2021
2826467015,4.5596472,1.715534653011839,13537
2826773741,1.0550485436893204,0.7202994699024433,4229
2826842609,0.0,0.0,5758
2826970409,7.740116820000001,2.1679235557108414,4259
2827574290,11.616842105263158,2.535032596423544,10530
2829095429,10.31076,2.425754485041046,2023
2829243850,7.184801444043321,2.1022789520124623,9834
2829725285,0.0,0.0,5355
2829835502,7.347247012765958,2.1219317854301316,10617
2830185764,10.95949720670391,2.481525708065546,6155
2830293598,1.4090507588888888,0.8792327939333313,10329
2830308878,6.351453855878635,1.994898097185111,2486
2830843947,7.1655096160267115,2.0999191391748604,7457
2831106529,4.294513371428572,1.6666710714170692,7622
2831225857,4.251106956521739,1.658438903239319,2235
2831518830,0.2273095238095238,0.20482439455986678,1388
2831727005,8.01427250891142,2.19880915555227,6686
2831745957,9.0,2.302585092994046,414
2831835157,8.944472655,2.297016884756209,10982
2831999921,0.0,0.0,11388
2832136442,13.3658,2.6648503817959908,13782
2832256627,10.0,2.3978952727983707,9027
2832317381,4.857819104,1.7677773677648612,6945
2832536200,9.136122473029047,2.3161055259202916,2073
2832677775,19.506451612903223,3.020739549457217,6920
2832844433,13.662138600000002,2.6852685657644906,8165
2833018585,5.87054164556962,1.927242945276251,12654
2833109497,5.103305454545454,1.8088305022108462,9405
2833181129,8.488476375,2.250078049152655,12097
2833327862,11.14,2.4965057856313524,4453
2833980704,7.734532500000001,2.167284421833207,3315
2834293544,4.879452697095436,1.7714636788531761,11317
2834341251,10.872606436781608,2.4742337663857183,3374
2835095953,8.212121212121213,2.2205201399397416,3838
2835581578,8.53195945945946,2.25465030612836,1172
2835999699,9.711342709033614,2.3713032462592056,12318
2836703367,0.0,0.0,4637
2836742628,8.676424474187382,2.2696924605523567,7624
2836872856,2.4266666666666667,1.2315879713589093,7278
2836930512,5.708447586206896,1.903367565975741,3631
2837234695,0.0,0.0,7885
2837512503,4.415795969491525,1.6893198630930482,141
2837657600,4.331731310580205,1.673676009182572,6511
2837978885,1.8172072440944884,1.0357460552667892,3547
2838415809,10.56789004137931,2.448233159957964,8534
2838703223,15.75,2.8183982582710754,5101
2838938457,7.533866673658538,2.1440425616836722,7785
2839280249,8.280840566871166,2.2279521210227746,13970
2839616391,6.771790808240888,2.050500615074834,3140
2839665460,12.312583029113926,2.58870968037894,10430
2840123483,8.88587025,2.291106490177963,10124
2840573264,9.901602857142858,2.3889098295381666,6172
2840599933,6.515198409375,2.016927424636191,3373
2840616359,0.023391812865497075,0.023122417420854212,10695
2841013837,8.75,2.277267285009756,12606
2842225758,10.934134329130437,2.479402725038757,12392
2842268751,13.458990875331565,2.6713164269739016,2267
2842293512,0.1265532558139535,0.11916275524004794,13327
2842390336,9.307086614173228,2.3328316794513086,12707
2842767864,9.349397590361447,2.3369283141876576,5761
2843291193,0.4455266666666666,0.36847373036128933,5334
2843436604,1.22055421686747,0.7977568119651007,11662
2843575388,6.396946564885496,2.001067288689615,493
2843648429,5.549989333333333,1.8794634211471068,3851
2844405500,6.798468947368421,2.053927425629458,5438
2844433843,13.186155042253521,2.6522664919640397,3396
2845909620,1.14564,0.76343787617538,3932
2846274577,3.664387652173913,1.5399565614119974,6031
2846293414,7.687505454545455,2.161885838752061,14351
2846357264,3.218036809815951,1.4393698088596496,13568
2846975725,9.58904109589041,2.359819607439031,11738
2847112897,9.16512,2.3189622522245985,14492
2847924075,5.642886382978724,1.8935465652670425,10899
2848042054,1.206672845227062,0.791485881228728,5077
2848481168,10.072940937931035,2.404504378820326,10913
2848643544,9.93362831858407,2.391843206716324,10268
2848896072,7.242666666666667,2.1093239161617054,6055
2849158031,7.644642857142857,2.1569398062104996,5962
2849352338,12.097563025210084,2.5724261842917207,4872
2849426320,7.960458575934965,2.192821406027054,8719
2849710999,2.960655737704918,1.3764096018873486,4059
2850561543,5.877631304347826,1.9282743055060756,3436
2850598179,6.430569367346939,2.0056024866613633,5195
2850845134,10.116564629508197,2.4084363048965134,12999
2851040792,10.51685393258427,2.443811521840369,12582
2851121966,6.178272857142857,1.971058804979098,4945
2851726948,10.3069412,2.4254168026211995,11678
2851798325,10.514285714285714,2.4435885004572695,14290
2851995209,7.215449018181819,2.106016408325625,14438
2852008939,4.908428553719008,1.7763798999055203,6009
2852599391,0.0,0.0,6310
2852664615,9.815094339622641,2.380942782401895,6158
2853331140,7.097222222222222,2.091521067334437,11048
2853466176,8.584003385526872,2.2600953946208264,12809
2853649294,7.0,2.0794415416798357,6919
2853727429,6.180949830508475,1.9714316626824517,12426
2853802461,7.39687504,2.127859617585396,2008
2853820914,8.153930581132077,2.214183358756342,10282
2853922047,3.9175089473684217,1.5928020907747795,11558
2854536237,9.402366863905325,2.3420333633220487,7904
2854925202,5.118367346938776,1.8112952875578707,5963
2856134887,6.891096643286574,2.0657351167439124,4679
2856826231,5.591289725274725,1.8857490388157023,6188
2856959296,7.936685848739496,2.1901648100235005,7124
2857430941,1.1320014285714286,0.7570611763650194,12742
2857491728,6.49196,2.0138304455392926,10629
2857670641,3.96387,1.6021856784418196,2724
2857891316,7.143495145631068,2.097219466927791,13421
2858382065,3.347826086956522,1.4696759700589417,13117
2858557423,15.471475,2.801630096949465,3646
2858616009,4.593330129032259,1.7215748394921675,539
2858633166,6.089423478260869,1.9586040224650136,8312
2858662034,6.1893939393939394,1.972606876023557,6575
2858870891,0.0,0.0,11929
2858905572,4.185714285714286,1.6459075922154918,12769
2859898112,3.3032250000000003,1.4593647415900628,2367
2860118494,5.6938775510204085,1.9011933102735172,13007
2860541052,4.0074441282565125,1.6109256308833106,11495
2861101689,2.1312834978843442,1.1414429837209514,13073
2862539980,5.2813062375,1.8375779584531,11536
2862574964,9.798693636363636,2.3794251672180122,12500
2862590152,1.5555555555555556,0.9382696385929302,4666
2862766085,10.144189675324675,2.4109182567314993,10084
2863606620,10.228273920000001,2.4184350543545308,4962
2863726110,6.188897508150471,1.9725378231398432,14411
2863946382,8.647467073170732,2.2666954014329583,10351
2864614621,13.292682926829269,2.6597477228727047,1423
2864695737,4.114030597826087,1.6319878600005067,8528
2864743851,5.191042183622828,1.8231034382148719,653
2864781633,9.176767676767676,2.320107443686248,2872
2865756026,9.253246153846154,2.3275943533824215,13621
2865768570,6.732394366197183,2.045418564468215,4628
2866019530,297.8770375855102,5.7000322432726405,14244
2866662415,0.0,0.0,8765
2867061619,6.503214285714286,2.015331500160332,11352
2867272640,7.528491428571429,2.1434124910647423,3168
2867529322,9.428571428571429,2.344549292093078,733
2868133745,6.533007334963325,2.019294342553866,7381
2868180728,5.016604020618557,1.7945229839710157,13557
2868594960,9.190578666666665,2.3214636333226326,8455
2868657847,4.901346782608696,1.7751805931012055,7291
2868708712,618.85281141,6.429482048903457,622
2868891977,2.7275044615384614,1.3157389645811806,9335
2869216191,13.119308625,2.6475432666311813,7842
2869632692,8.576373272727274,2.259298947521793,3509
2869748590,2.5440520595744682,1.2652707221311268,11348
2869987195,15.122447999999999,2.780212586590945,867
2870050990,0.0,0.0,81
2870219683,9.649054137931033,2.3654710748714867,2190
2870496935,0.0,0.0,9041
2870961584,6.902843544303798,2.067222637026217,11609
2871130462,6.382851428571429,1.9991599364249255,13832
2871917618,3.6368341799999997,1.5340318445801349,14168
2872243765,0.18184761904761906,0.16707899277786495,13462
2872299170,6.280118023094689,1.9851470740407382,9037
2872408652,0.0,0.0,13950
2873084772,11.4564,2.522234547053978,8702
2873453448,2.8951948214285714,1.3597436964103655,12286
2873469012,4.1472500000000005,1.6384625914747168,4615
2874222553,8.436090225563909,2.2445417233441303,4563
2874746402,5.6601881653211015,1.8961477372044042,4349
2874754519,13.348861774193548,2.663670620188192,8081
2875427146,0.4589978752107926,0.37774981320702655,1034
2875649777,8.106271815825242,2.2089633866565443,12667
2876062912,5.093354904458598,1.8071988174706541,7060
2876114684,4.517150837988827,1.7078615744981722,799
2876352486,10.32876712328767,2.4273452538753,4569
2876575814,10.238404255319148,2.4193368642194915,1830
2876628763,7.690476190476191,2.162227735299123,10859
2877023589,9.323653846153846,2.3344377522506536,11591
2877095025,3.1984987489574643,1.4347270206677467,14197
2877495799,5.3963671640625,1.8557301985871437,2967
2878350918,14.184436764705884,2.720271006252733,4367
2879125658,9.0,2.302585092994046,13749
2879126878,8.830759878419453,2.2855162331469607,14317
2879405043,4.924382234042553,1.7790764172886797,6966
2879520902,5.59321082264151,1.8860404563591122,62
2879951306,3.6107192484342376,1.528383864021962,1998
2880545886,6.489712063492063,2.013530353998738,4148
2880604744,5.077011575342467,1.8045130579304838,1146
2880876219,10.869577733333331,2.4739786337119085,5399
2880943854,6.225352112676056,1.9775959681294542,6375
2881014881,5.753872605042017,1.9101160596359448,8796
2881996363,16.03896,2.8355024866747387,8130
2882019177,8.484292373493977,2.249636995806218,3598
2882433004,5.493636460554371,1.870822691293585,12772
2882971825,9.995015576323988,2.397442040679117,4653
2883202720,3.0090510000000004,1.388554554956356,5388
2883460122,3.6956129032258067,1.5466286479581868,3210
2884319319,5.263538890909091,1.8347453434165586,6550
2884393673,3.2814238410596026,1.454285627415031,10385
2884672178,23.934213975903614,3.216240915577772,3048
2885131742,0.0,0.0,3417
2885403812,7.0,2.0794415416798357,7953
2885565906,8.393194431818182,2.239985430448754,7193
2885576307,9.406222222222222,2.342403917841152,11686
2885586756,4.895064857142857,1.774115535988669,1698
2886040930,9.44915254237288,2.3465208786986795,14321
2886273972,8.863454545454546,2.288836466832527,1289
2886619818,1.7814976076555022,1.0229894904413444,9487
2886735932,6.111245985870263,1.9616774726065915,2751
2886877013,3.8037851727272725,1.5694041848013676,7365
2887495680,10.0,2.3978952727983707,5545
2887642448,12.181818181818182,2.578838469622204,12489
2887773206,8.893719806763285,2.2919001928940292,12348
2887795290,4.393866352941176,1.6852624474252622,7669
2887883378,5.945177272727273,1.9380475011112528,3022
2888628069,3.3268953283018865,1.4648502705877542,13608
2888680937,2.726935776255708,1.315586388327105,8092
2889308269,4.6828035,1.737444684909169,10134
2889399363,8.672222222222222,2.2692580888779785,7004
2889433042,5.591814285714285,1.8858286195334755,7422
2889517490,9.660525217391303,2.366547687448113,1082
2889741952,5.636880869565217,1.8926421045624684,13496
2889793765,8.863117870722434,2.2888023326986247,7514
2889938373,7.819444444444445,2.1769588798766364,13393
2890116588,0.0,0.0,5298
2890869803,8.860139680851065,2.2885003349291164,5062
2891033356,7.258617174193548,2.111257161192643,4930
2891184039,5.643636363636364,1.8936594587114355,13635
2891201720,4.491228070175438,1.7031519227056031,7056
2891268209,7.85450784,2.1809266897918147,7480
2891352198,2.7690972222222223,1.3268355091824007,951
2891637569,6.244254054054054,1.9802086103689305,11325
2892455580,5.532466187234043,1.876784542315659,10807
2893462306,6.110966250000001,1.961638134722209,6869
2894500697,2.220904971428572,1.169662367097506,2155
2894606448,102.44612710140845,4.6390509660949935,5589
2895107623,3.200836820083682,1.4352837483201637,9878
2895208072,5.728199999999999,1.9063076487448751,10795
2895410849,53.05622455752213,3.990024700405854,13520
2896085333,6.2981559,1.9876216998030822,7557
2896138810,9.07212974025974,2.3097721779398355,2043
2896733294,4.299305851393189,1.6675758405453214,4156
2896923347,5.024379078947369,1.795814416629815,1197
2897263880,1.722498798387097,1.0015501344610966,7094
2897307730,8.31255069767442,2.2313630277364345,11915
2897554137,16.0275036,2.8348298955560125,4898
2897582798,7.034509024390244,2.083745892703999,3063
2897756778,6.225709003984063,1.977645361223179,7675
2897830841,3.385236992481203,1.4782436705395774,11390
2897853383,10.423076923076923,2.4356356007812177,6947
2898247014,4.778317293577982,1.7541125146204295,7141
2898375619,2.77294728,1.3278564679187408,5990
2898451395,8.228208216774194,2.2222649036432336,10494
2898938005,6.5306722329729725,2.018984311794313,8406
2899135655,7.4974796747967485,2.1397696106813897,8833
2899327678,9.334728033472803,2.3355098776905123,6821
2899706431,7.8823108571428575,2.184061754809925,258
2899752202,9.744901960784315,2.3744314058820075,6143
2900430932,8.629496103896104,2.264830898781197,1836
2900543880,1.9427648589743591,1.079349567647585,8504
2900610954,0.1634304207119741,0.15137290026335593,9129
2900924110,5.261433723064645,1.8344091881323672,2583
2901537186,8.137922983333334,2.2124331149301777,12974
2902402752,3.9322033898305087,1.5957858232657731,4436
2902436052,4.454634857142858,1.6964656797655984,4671
2902920781,5.6,1.8870696490323797,1587
2903118323,0.0,0.0,2017
2903118922,2.4597564705882355,1.2411982023694939,2265
2903551016,5.660968660968661,1.8962649185661478,5060
2904013717,8.324983999999999,2.232697249710713,6922
2904310610,15.3316027875,2.7931020520435155,7780
2904329227,0.0,0.0,1335
2904826412,4.780084137931035,1.754418239313811,3896
2905006223,9.840753846153847,2.38331253659662,11034
2905029885,5.701121666666667,1.9022749253202622,7091
2905992262,1.8777874172185431,1.0570217409762839,12374
2906010411,5.585453181818182,1.8848631531489024,5922
2906059561,5.231271386909091,1.8295803869241822,13143
2906216954,5.911182815975104,1.9331407976569552,10288
2906707047,5.608231447619048,1.8883160609713818,9675
2906732971,3.218371513761468,1.4394491563575078,6692
2907756278,10.148614077669903,2.4113151922136704,9959
2907916862,14.888791778656126,2.7656139410721794,8582
2907957018,8.541953125000001,2.255698194589709,11761
2908521640,1.6664433061224488,0.9807454892995627,522
2910300918,4.849434593181818,1.7663450058346308,4913
2910321493,3.201923076923077,1.4355422959542175,14081
2910558217,3.117071269035533,1.4151420535525656,2731
2910650999,7.74041835921162,2.167958055708531,283
2911325161,0.025693685475796178,0.025369150005166954,8751
2912067573,7.286270399999999,2.114599976480224,3649
2912072822,3.9510869565217392,1.5996071396509728,6077
2912074331,4.581194016393442,1.7194027349349748,6771
2912653256,11.904116112,2.557546338922536,1768
2913418438,14.014084507042254,2.7089887276844746,7066
2914433731,7.105501233,2.0925429957184107,6825
2914624198,8.298076923076923,2.2298075963119217,3965
2914663968,7.561224,2.147243170585667,7229
2914857584,8.801046511627908,2.282489166876018,5827
2914906208,5.56144461878453,1.8812107949900818,12824
2915350439,6.790573221556887,2.0529144414574803,6464
2915446656,1.0,0.6931471805599453,5489
2915522337,76.48134620689655,4.350037213283266,9978
2916085079,6.939739170000001,2.0718804245935227,12491
2916218376,2.328613044776119,1.2025557141606225,13438
2916232642,5.361882507836991,1.8503243253533697,5275
2916493716,5.96968294117647,1.9415697346669656,4754
2917245312,8.791583166332666,2.281523156066167,3828
2917352267,1.1505681818181819,0.7657320778393516,7776
2917352943,2.0656331789812765,1.120254131733382,8098
2917610411,4.82424488372093,1.762029357352613,5977
2917726202,8.735505,2.275779512157712,13675
2918023243,9.198830409356725,2.322273047966265,31
2918138940,9.940094703797469,2.392434453610614,7911
2918430849,22.9128,3.17441388042735,6567
2918966203,11.367403314917127,2.515064246415194,11391
2919116351,8.225352112676056,2.2219553585939367,5337
2919231080,3.851332541379311,1.5792534180121607,12617
2919246940,8.922773076923077,2.2948324262762902,5088
2919621727,9.420408163265305,2.3437662066967566,11479
2919792987,0.0,0.0,155
2920238906,7.454285714285715,2.1346734979167503,9099
2920298653,5.278536300000001,1.8371368800659091,6582
2920305769,2.3918495297805644,1.2213753566215824,9677
2920515452,9.567289997802199,2.357763380803548,868
2920764516,4.996578252272728,1.7911890152622476,9672
2922175448,8.371984615384616,2.2377248790932645,10504
2922274679,5.525921052631579,1.8757821007384057,10903
2922310673,182.324,5.211255079171586,12344
2922349610,0.014761042748701556,0.014653158913383518,473
2922456353,7.884244669565217,2.1842794461262964,4252
2922570459,4.96875,1.7865375252469033,11293
2922755801,0.0,0.0,6358
2923275408,10.834578,2.471025585380498,4178
2924024998,0.0,0.0,2318
2924403468,0.3721362045653678,0.3163687988408637,10414
2924438573,7.960182388392857,2.1927905826270786,11453
2924641293,5.790389642857143,1.9155083247337534,14147
2925113536,6.926936594292805,2.070266655121478,5625
2925408107,4.783821081081081,1.7550645509549658,5480
2925473250,10.452654627450979,2.4382215483205307,5290
2926456480,12.67005100952381,2.615207382222957,5387
2926562284,7.217532,2.10626992067704,8753
2927043831,4.196078431372549,1.6479041932618965,4232
2927678075,8.060027285129605,2.2038721316540624,9469
2927776562,7.5,2.1400661634962708,9542
2927834125,0.977608787494719,0.6818884317860866,6029
2927955830,7.0,2.0794415416798357,1736
2928054343,9.599933861386138,2.360847761606682,1831
2928063185,8.3,2.2300144001592104,5871
2928083758,3.4420159663865544,1.4911083198796782,362
2928222988,10.142857142857142,2.4107986776342782,4002
2928562627,6.029940119760479,1.9501781879712865,9378
2929173621,6.1913875598086126,1.9728841377881634,4160
2929878587,11.4564,2.522234547053978,11661
2929980910,6.226125,1.977702931219615,13418
2930306525,4.58256,1.7196474525472347,12551
2931383345,6.464566929133858,2.0101674157964307,10547
2931643972,3.888888888888889,1.586965056582042,9887
2931684530,12.228613179775282,2.58238214873036,13295
2931837706,7.278461152945205,2.1136571000311393,8659
2931885517,11.427174489795918,2.5198855659094703,665
2931891098,4.577181208053691,1.7186834889099891,3147
2932293604,7.561224,2.147243170585667,7431
2932498995,2.5165141111111113,1.2574701895862967,11224
2932903963,9.071428571428571,2.3097025607629096,1812
2933261583,8.298446247715736,2.2298473160633474,582
2933284957,3.0861451247165532,1.4076020133164722,11010
2933464052,13.067157035714288,2.643842792125084,3192
2933847478,2.82124715625,1.3405768500289763,13388
2933949943,10.238913908571428,2.4193822124455253,678
2934123176,9.213951504424779,2.323754580262818,4878
2934250183,0.0,0.0,3058
2934422991,0.31893004115226337,0.27682083302017624,7189
2936473503,9.16512,2.3189622522245985,879
2936594719,7.591438681318682,2.150766205245827,11101
2937093478,6.123632923368023,1.9634178373407452,14325
2937551274,4.954614932038835,1.784166537750753,13874
2938422136,3.1757321052631577,1.4292896974840559,7809
2939020292,6.752180514705882,2.0479741605281148,11429
2939282019,1.0,0.6931471805599453,11246
2939356076,9.99,2.39698576841553,417
2940299214,8.47238968,2.2483812174981175,11832
2941271174,4.743855799373041,1.7481307268648234,7032
2941273554,7.23114288716418,2.107924873475862,8079
2942508327,3.2879868,1.4558173454055539,3319
2943272165,5.06271794117647,1.802158204677486,7975
2943877723,7.554076539101498,2.1464079575202972,269
2944932870,6.516315789473684,2.017076096298401,3205
2945036310,6.802214214634146,2.0544075670820834,5554
2945049654,4.848297213622291,1.766150544278853,11460
2945063588,6.31895175652174,1.9904671150577755,3040
2945284943,7.626246810810811,2.1548095102451215,14079
2945423065,76.22356495468279,4.346704655979772,2590
2945584486,12.159863157894737,2.577171527506842,1494
2946498452,7.8326205079720275,2.178451743857158,14596
2947004267,4.387755102040816,1.6841288050356895,6424
2947111738,10.064794816414686,2.4037684298529682,10433
2947120890,9.888314653579679,2.3876901640480224,14518
2947554607,0.8706864,0.626305422340415,3325
2947612001,8.348514547058825,2.235217458706789,14320
2947712839,9.293855071962616,2.331547122246921,841
2947740111,5.336270526315789,1.8462903503045272,13000
2948051816,3.4369199999999998,1.4899604420336403,5948
2948132570,12.469472549999999,2.6004258322688165,12655
2948196929,13.710159677419355,2.68853838957954,12147
2948770618,4.140347073608617,1.6371206012357968,4950
2948772076,2.55,1.2669476034873244,5644
2948979640,4.680221114754098,1.7369901606292502,10491
2949343238,3.652157218309859,1.537331029938717,11865
2950390803,5.342305792500001,1.8472423919988477,11439
2950493197,10.226315789473684,2.4182606463108645,13238
2950567793,6.301019999999999,1.9880140644209705,2662
2950893667,9.570631188118812,2.358079513153087,1844
2951335785,7.416195856873823,2.1301579276915126,9117
2951343700,7.786468474576271,2.173212864707588,12610
2951347967,11.728386474820145,2.543834654718136,14523
2951845464,7.005345951083592,2.0801095623897576,2523
2952203268,9.2720464,2.3294262640713597,1332
2952273858,9.463348416289593,2.3478785236905684,3627
2952285872,5.788888888888889,1.9152872888413301,9046
2952413960,8.065018352890794,2.2044228687928284,7748
2952516906,3.550095345454545,1.5151481877882602,9757
2952584037,8.121212121212121,2.2106027032823956,10450
2953825664,9.752677614068443,2.375154803936764,8923
2953871884,11.5199971875,2.527327141031352,234
2953937594,7.133657351154313,2.096010681094202,309
2954564987,6.61789914893617,2.0305006294463577,2407
2955234630,6.835,2.058600875807984,8898
2955491482,9.968312130177516,2.3950104001134287,6579
2955615845,3.162733376393846,1.4261719201358243,3480
2955714910,7.228302974358974,2.1075797934704625,3809
2956420418,10.982622950819673,2.4834575128644083,11573
2956509198,13.1996871,2.6532199291531686,7448
2956790482,5.7282,1.9063076487448751,1196
2957309576,8.3,2.2300144001592104,13500
2957898334,3.1314573,1.4186302018763577,13058
2958173176,7.147058823529412,2.0976569815711774,4100
2958753919,28.641,3.389158538050399,59
2959184703,3.6994748441860463,1.5474507671935969,2142
2959467703,6.026371463414634,1.9496704222745171,11526
2959843193,0.026785714285714284,0.02643325706815543,3601
2960219696,5.25085,1.8327174545011484,10757
2960261033,12.693159732089553,2.616896418519008,14609
2960358917,6.562972516853932,2.0232643029725303,14392
2961180698,23.67656,3.2058538052056247,913
2961989669,18.960342,2.993747405005065,10990
2962576866,3.96387,1.6021856784418196,9845
2962765547,5.992578461538462,1.944849366844534,6371
2962948464,80.990263245283,4.40660049930281,159
2963025609,8.94695733424015,2.2972667088517533,5408
2963178646,3.0,1.3862943611198906,515
2963219276,5.196078431372549,1.8239165808625863,4032
2963567655,10.573777777777778,2.4487420028444413,13244
2964345296,2.6666666666666665,1.2992829841302609,9388
2964603229,10.855466965714285,2.4727891085108475,7564
2964775005,4.9917171428571425,1.7903780393024824,11013
2965035770,5.2745098039215685,1.8364953630694465,10406
2965389103,11.232181885714287,2.5040703381789204,7349
2965401925,0.0,0.0,12934
2965922926,6.8738399999999995,2.063545872274451,11487
2966058045,0.21958988093023257,0.19851463905771963,13256
2966624259,6.99,2.0781907597781832,2727
2966921797,1.4413553431798436,0.8925533536059087,3910
2967423093,4.496621621621622,1.7041336528949775,8391
2967623616,4.7686913086913085,1.7524452452092625,10054
2968423382,10.447368421052632,2.4377598713622985,1308
2968516025,16.92741551020408,2.886331133903584,13389
2969112224,1.9777777777777779,1.0911773101805917,1634
2969153770,4.668117022222223,1.7348569677377867,5642
2969239808,5.961883408071749,1.940450042347515,114
2969381709,7.39393884,2.1275098787280764,4955
2969607263,4.521234818181818,1.7086015342181071,3241
2969797949,2.704225352112676,1.309474155136449,598
2970275540,10.10576923076923,2.4074647238145213,9057
2970971287,6.1749909025125636,1.970601493702381,12413
2971187158,6.930555555555555,2.0707230906399547,6487
2971459942,10.869301268505748,2.4739553415566573,11134
2971814463,7.669317607973421,2.159790080425369,8583
2972191994,14.011278584070794,2.7088018241675305,1439
2972208271,10.2111735,2.416910914923618,8816
2972763128,2.2642012363636366,1.183015088499057,7874
2972836918,5.182657142857143,1.8217481374551,11457
2973106407,2.885885130882353,1.3573507907865838,105
2973118690,6.224550113207547,1.9774849639915997,5638
2973166683,9.031578947368422,2.3057380120536615,12391
2974067580,5.694504705882353,1.9012869967025972,4977
2974136028,5.93296371040724,1.936287385619125,6360
2974381832,8.270098542510123,2.226794009781255,13562
2974881220,6.540841584158416,2.020333791727399,2444
2975005411,3.062256753926702,1.4017386699067151,14024
2975965406,5.866666666666666,1.9266787871274256,3758
2976422226,11.486442953020134,2.5246434919849974,2882
2976480992,13.310253818181817,2.6609763305306826,14504
2976655674,0.0319634703196347,0.031463269455785106,4718
2976685169,5.664108251748252,1.8967361489925467,3248
2976707128,6.606450000000001,2.028996571573997,13037
2977119660,0.0,0.0,7169
2977524364,8.265213675213674,2.226266922095635,12179
2977844110,3.2635673863636367,1.4501062244846177,8718
2978464729,8.90114825131579,2.292650735396199,7854
2978489635,3.5546208849557526,1.5161422967224387,4254
2979130583,8.005744234800838,2.1978626220535946,12431
2979340012,5.718518518518518,1.9048676716767072,3532
2980364436,42.60354585365853,3.7751384739669076,7494
2981300806,7.288393903868699,2.1148562113989393,1144
2981389451,5.618042307692308,1.889799602300429,11501
2981808347,10.456096241541834,2.438522011155578,8433
2982295542,36.96047666875784,3.6365455307956016,6501
2982413355,3.3735063829787233,1.4755650633436614,474
2982577418,5.563380281690141,1.8815057570843305,578
2983223747,6.976744186046512,2.0765303314723775,11169
2983576634,6.931361673640167,2.0708247325882336,7909
2984144437,7.724950708695652,2.16618681863937,12595
2985213934,4.201570071,1.6489605167444294,7432
2986348103,13.970686259541983,2.7060940397015836,1582
2987183067,2.4174757281553396,1.2289021873684614,8746
2987852820,9.245283018867925,2.3268174063818137,465
2987984945,5.92701439160584,1.9354288966485076,917
2988385448,5.96830985915493,1.9413727074413598,4187
2988609891,3.993016102941177,1.6080401566166516,1951
2988669371,3.397415172413793,1.4810169074864545,13884
2989055639,8.969889064976229,2.2995694570288165,10803
2989135837,10.865819190532545,2.473661930111437,2712
2990017963,6.110966250000001,1.961638134722209,1519
2990315441,0.0,0.0,2693
2991165238,8.560919983146068,2.2576839549799153,1692
2991182683,0.4322257061068702,0.35922967211477547,9552
2991870359,7.513698630136986,2.1416764698023747,9360
2991975461,7.906382978723404,2.1867682083018405,12355
2992063428,7.435641822950819,2.132465803553801,7845
2992550169,5.052393886010363,1.8004538774187,5668
2992783180,6.768746345255474,2.0501088058350003,7361
2992977464,6.831926341463414,2.058208500365727,6287
2993600010,9.41346610737769,2.3430997866104724,6269
2993677888,10.186982777777779,2.4147508503782933,11665
2993823858,9.847826086956522,2.3839646992624237,3706
2994306141,3.140095090909091,1.4207187563920647,14185
2994430197,7.164624261818182,2.099810707215145,7421
2994588218,10.125866842452208,2.409272743439492,8581
2994765256,7.791666666666667,2.173804303128121,14363
2994944033,8.98063599458728,2.3006468152054524,6518
2995147035,8.107606153846154,2.2091099054841683,9310
2995502478,0.14,0.1310282624064042,7158
2995517408,4.736316461538461,1.7468172728944276,13664
2995723382,7.436399050434783,2.1325555647735794,3251
2995816705,4.7302181999999995,1.7457536102808449,999
2995949567,7.37315630878187,2.1250309112412706,1796
2996314511,7.0113167999999995,2.080855142075838,3836
2996321381,0.8709677419354839,0.6264558060612732,7017
2996377698,11.042209285714288,2.4884179185386563,2772
2996458037,7.393113988439307,2.1274116063785713,9434
2996866697,3.382978723404255,1.4777285670795224,1621
2996887363,9.982905982905983,2.396340062531564,10883
2996967501,25.90909090909091,3.29246418152569,2763
2997447819,0.0,0.0,12406
2997878692,0.0,0.0,14606
2997907825,8.787878787878787,2.281144761756176,12950
2998145391,10.31076,2.425754485041046,1957
2998153841,185.59368,5.228933418600654,5828
2998292573,8.827705479452055,2.2852054867141773,9220
2998460913,4.739552686567165,1.7473812781253562,11189
2998683551,6.520165522807017,2.017588148731081,8286
2998873494,8.362708178137652,2.23673458391124,5240
2998954999,4.848718787878788,1.7662226266384267,12335
2999667659,5.523621428571429,1.8754296555722603,8743
2999895403,9.066215827338128,2.3091848493460576,8041
2999906125,3.4369199999999998,1.4899604420336403,12711
2999944743,16.759313781081083,2.876910098364898,702
3000290995,8.417523148148147,2.2425721185739396,9047
3001145172,8.726050420168066,2.274807896028209,10001
3001221984,1.6384730538922156,0.9702003611497779,377
3001269719,2.8641,1.3517287959325766,7196
3001413912,10.957457627118645,2.481355152942256,12908
3002517416,2.733456842105263,1.3173345717924854,8292
3002669444,6.451612903225806,2.0084305060366474,2917
3003006173,6.548131370328425,2.021300032008849,7077
3003574333,9.185294304267163,2.3209449451147197,11901
3003577626,8.042631578947368,2.201950235907435,13335
3003646747,8.080645161290322,2.206145243094599,356
3004092595,6.564055668449199,2.0234075104266114,9263
3004131138,9.39236559139785,2.3410714588301182,11781
3004460347,10.253190150753769,2.4206516574082424,12478
3004494168,5.49696990825688,1.871335900251048,12942
3004788685,10.062538,2.403564445356397,12759
3004880088,9.194340256179775,2.321832689443978,9721
3005038004,11.118816425120775,2.494759321179633,7176
3005245070,0.0,0.0,11695
3005551645,5.904747966101695,1.9322092859926008,2249
3005616878,10.189758480749221,2.4149989386011144,2112
3005860163,6.272379,1.9840834732288681,8473
3005978738,2.631880856760375,1.2897506564455885,2781
3006179221,8.486222222222223,2.2498404535168843,4532
3006194702,10.0,2.3978952727983707,11436
3006228203,7.666666666666667,2.1594842493533726,11735
3006642743,4.4196643125,1.6900338785704063,6757
3007628241,9.301136363636363,2.3322542157166994,7849
3008677568,6.727933018867924,2.0448414295419,8184
3008864975,6.225,1.9775472339984959,3969
3009101944,8.489991063829788,2.250237670980696,7483
3009819692,4.190967741935484,1.6469201425964413,6041
3010226119,8.052238805970148,2.2030121089931387,11828
3010302207,9.11818781590909,2.3143345782502482,1919
3010828926,6.882165605095541,2.0646026890945373,3027
3011037008,1.912688923512748,1.0690766832302276,8251
3011620343,13.763440860215054,2.692153912614715,5302
3012126773,8.918367346938776,2.294388325789867,11897
3012314784,6.183035714285714,1.9717220951373433,8171
3012365273,2.2369187339017738,1.1746218692541626,1309
3012592190,6.990654205607477,2.078272634474854,255
3012762314,10.725765882352942,2.4617886326555958,3061
3013189878,5.064945,1.8025254739295034,3762
3013219438,2.6978656126482212,1.307755791755173,2285
3014084869,11.098836,2.49310924962823,8447
3014165706,10.1,2.4069451083182885,540
3015194447,9.5710096893617,2.358115319384507,6415
3015225070,4.48394495412844,1.7018247241092903,5433
3015450910,5.49871305,1.8716041649908346,3784
3015902397,3.3167272335766427,1.4624975303234002,533
3016417283,4.707190292887029,1.741726834767215,10970
3016754409,3.9596499102661595,1.6013351556381377,556
3016893340,10.660816666666667,2.4562342184925288,4064
3016963273,6.439685242718447,2.0068285418638427,6115
3017458742,6.963343125,2.0748489022628247,7906
3017787113,4.877676767676768,1.7711615762970214,8210
3018710653,6.80495224132653,2.054758434964245,10792
3019256133,9.249030000000001,2.3271830669599827,5685
3019487286,7.540098723404255,2.144772567851255,6531
3019840036,6.424533260869565,2.0047898222240126,2989
3020557222,8.054790821917809,2.2032939902311997,1280
3020847267,5.8781486980306346,1.928349531146928,13754
3020942295,4.4921147368421055,1.703313379319345,12322
3020949946,5.465655276957164,1.866504364698802,1087
3021010355,4.690476190476191,1.7387939336481424,13386
3021426748,7.41527972027972,2.1300490677652624,9200
3023476306,7.726851851851852,2.166404692197946,2518
3023582959,5.970735,1.9417206711496402,6374
3023601132,12.363214285714287,2.5925057294193827,14380
3024894084,2.33623242231405,1.2048421530270408,6569
3025860548,9.800025413988658,2.379548487274503,13648
3025875313,5.204444444444444,1.8252658811178977,5707
3026112451,4.505915070422535,1.7058229816872723,9153
3026435926,7.27027027027027,2.1126671893081563,7366
3026856265,6.011019188059701,1.947483081071706,4724
3026879525,17.1846,2.90057508204636,471
3028407717,5.036388405797101,1.7978058870456006,9813
3028692840,0.0,0.0,5479
3029630066,4.58256,1.7196474525472347,14199
3029711814,3.0,1.3862943611198906,6949
3029805235,5.7282,1.9063076487448751,4654
3029865682,8.140723270440251,2.2127395147685407,2337
3029917177,9.078853046594983,2.31043947110919,10728
3030272020,5.927278426229508,1.9354670125779414,8336
3030401459,4.494433846153846,1.70373555182032,7603
3030434232,0.0,0.0,7605
3030552729,9.113110539845758,2.313832655330558,1881
3030716913,3.5833333333333335,1.5224265354444708,2016
3030806942,10.283983002610967,2.423384286812044,12971
3032317116,5.0,1.791759469228055,14236
3032555785,3.204724409448819,1.4362087525016034,3772
3033054339,5.352147592592592,1.8487929592845571,7030
3033640812,5.0,1.791759469228055,5481
3033935106,5.9503896169014086,1.9387977179912126,5174
3033943418,6.2155172413793105,1.9762338793831107,8919
3033969380,3.8951908396946564,1.588253261881279,5882
3034011634,6.114583333333333,1.9621466681029538,10081
3034353434,8.273543901437371,2.227165604410229,1678
3034413752,6.539644648908046,2.020175052117232,14004
3034620361,2.6470689655172412,1.2939238218526394,3862
3034667149,7.803326562043795,2.1751296684672687,10149
3034973132,3.95,1.599387576580599,431
3035763157,8.555555555555555,2.257122718917288,2004
3035934383,5.579691111111111,1.8839878006352055,5394
3036064661,7.31841671641791,2.118471938216596,4992
3036160475,6.866257405189621,2.0625823972460884,3870
3036215255,8.686988731343284,2.270783617167354,13661
3036376019,7.3918835000000005,2.127264988728809,12319
3036529298,0.0,0.0,7693
3036558008,6.84047619047619,2.05929957109895,5860
3037188724,5.594464499999999,1.886230584995372,9468
3037554778,7.115702479338843,2.093800762757725,11920
3037836533,6.248490956175298,1.9807933032257987,6133
3038556687,6.291440463576159,1.9867011209562453,5773
3039183937,6.075713190476191,1.9566682427564772,7914
3039193689,8.846898260869565,2.2871565082197605,12158
3039591526,0.7070093113043479,0.5347428985744315,14190
3039741390,6.633856400833333,2.032593143671051,8075
3039933055,0.0,0.0,5840
3040126642,5.3821547935135134,1.8535057822647494,4432
3040159587,7.865444369747899,2.1821610645809892,4505
3040163702,7.580577529411765,2.1495012223548318,6431
3040910316,8.11853909774436,2.2103096046041504,3187
3040977639,3.2459800000000003,1.4459726529543797,3982
3041324835,5.634891466701031,1.892342309956491,12691
3041358075,4.277056,1.6633683664574257,12892
3041786867,7.04631676452381,2.0852144419452685,14137
3042353104,12.753720265714286,2.6213093522957522,3632
3042510690,6.7306349999999995,2.045191006702772,852
3042902166,6.127388535031847,1.9639449029636171,70
3043179812,10.73763473370166,2.4628003233781186,7110
3043266990,0.0,0.0,1987
3044075739,4.179775280898877,1.6447616732645087,11982
3044330991,9.963547877094973,2.3945759405504092,8971
3044363507,0.5843578436018957,0.46017917924293744,8869
3044645494,5.642322679425837,1.8934617034405439,3024
3044842746,7.5394978567054505,2.1447022070911244,3305
3044947837,0.0,0.0,6438
3045124632,0.0,0.0,12126
3045162709,0.1353125,0.126907943433384,14497
3045345057,10.0794733243607,2.405094146286902,8232
3045599982,9.508812,2.3522141432953325,4908
3045990149,8.677232142857143,2.2697759247458382,3548
3046556386,9.066666666666666,2.3092296357127142,7724
3046573950,0.0,0.0,869
3046906419,8.255574642857143,2.225226034087924,2993
3047180462,6.114942528735632,1.9621971540300125,8416
3047269984,9.40802557390637,2.342577198346537,4386
3047338753,9.75,2.3749057545736716,5898
3047776975,6.870708000000001,2.0631480202635437,11287
3047808152,11.264232751969981,2.506687119860558,10584
3048073116,7.034097156069364,2.08369462897691,11805
3048784799,10.282051282051283,2.4232130807826606,7828
3048864814,9.836351127736451,2.3829063275125897,14164
3048987842,7.958699186991869,2.1926250364239706,10601
3049344876,4.918032786885246,1.7780040941595696,9119
3049594014,7.207036363636363,2.1049918794451625,3269
3049597872,4.805402693266833,1.7587889828156686,5002
3050407879,10.511138098859316,2.4433150969819155,888
3050929002,12.513913846153846,2.6037198099545518,14091
3050966550,11.468341582758622,2.5231927582861924,1565
3051001334,5.530607476635514,1.876499967542692,2473
3051049740,4.906463912133891,1.7760473295314938,9521
3051154805,4.525527052173913,1.7093786369127193,12501
3051892013,7.791948710801393,2.173836383462989,5198
3051975893,4.635514705882352,1.7290884842045946,13310
3052841746,5.532148760330578,1.8767359489350197,4933
3053221293,8.01948,2.1993866827453203,13383
3053309312,3.561738260869565,1.517703748448079,8922
3053710867,10.130553924324325,2.4096939326316376,12580
3053958437,10.905502831062671,2.477000716011396,6156
3054549818,10.861189897183099,2.473271717135914,6881
3054563584,1.9497206703910615,1.0817104778655064,12895
3054994147,9.375153136363638,2.339413826139267,326
3056320159,5.76400125,1.911614615838209,7283
3056328211,7.3572536117647065,2.1231298577844755,10740
3057011714,0.38868325791855196,0.3283560017122739,8760
3057223976,10.093483448275862,2.4063578591893626,1018
3057788078,0.05914458370635632,0.057461585823570166,4190
3058996409,11.89161,2.556576712176964,2329
3059152538,5.703092394947369,1.9025689713994791,13514
3059223600,0.3880597014925373,0.3279068737622899,1356
3060753202,5.544570274285714,1.8786357401071383,11319
3060799192,4.998135294117647,1.7914486366108764,2589
3060921596,7.630449750000001,2.1552966184535185,13322
3061273734,4.8651512,1.7690282618242898,9684
3061364218,7.939740852272727,2.1905066013237495,6258
3061374773,7.348837209302325,2.122122272794716,10873
3061657484,13.299419455976677,2.660218938957613,5495
3061783614,5.982142857142857,1.9433558692502164,3229
3061996104,9.909675000000002,2.3896500102170384,10322
3062311952,3.8322128892857146,1.5753045178750824,5047
3062473175,4.235900294117648,1.6555388054900364,3867
3062637906,6.90161309090909,2.0670669273519655,4268
3062920819,9.399680542857142,2.3417750886425823,13491
3063557595,3.2022392607692307,1.4356175405374605,5288
3063689730,6.568649016393443,2.0240145860526777,5766
3063963250,6.094982903225807,1.9593879009157704,10786
3064168082,15.083300502512563,2.7777814978202464,14465
3064308693,11.039408116438356,2.488185278908038,4088
3064398722,8.11111111111111,2.209494669928034,396
3065127633,8.241622390243903,2.2237174536003685,3972
3065241545,9.356890408163267,2.3376520381240193,10945
3065242927,8.261679060402685,2.225885356238444,11570
3065683871,2.6161542,1.2854110854260186,3618
3065788936,8.8790688,2.290418256305725,6734
3065878706,6.633976875000001,2.0326089251070276,2816
3066038019,9.99,2.39698576841553,804
3066046042,2.8060339999999995,1.3365877020973247,4384
3066777253,2.9545454545454546,1.3748656652962679,9039
3066818949,5.146120218579235,1.8158210239757002,12957
3067552575,9.961261889168767,2.394367410765306,4026
3068227946,6.933333333333334,2.0710732920093196,12947
3068450392,0.12087912087912088,0.11411330676742105,9895
3068708945,6.578486842105263,2.0253135546744714,8374
3069163010,9.219609276000002,2.324308352733569,6263
3070000875,11.659751100000001,2.5384277561752118,14509
3070309451,7.333159500000001,2.120242675982518,6058
3070919085,7.14831625,2.097811310817041,186
3071413495,1.4287238641975308,0.8873659606418468,1435
3071613225,0.793010752688172,0.5838961916424772,2865
3071650940,10.06614355263158,2.403890316796583,5107
3071655108,9.614605550239235,2.362230934807621,7064
3071761894,7.888888888888889,2.184802057337662,10717
3072485721,5.531975559622196,1.8767094334634655,12053
3072934139,3.96387,1.6021856784418196,7518
3073008113,4.252460338983051,1.6586966028247503,11193
3073311604,4.042769230769231,1.6179553817400443,388
3073521800,37.19494204425711,3.6427030996275196,6570
3073571063,0.02085747392815759,0.020642934852751486,13779
3073910134,4.298985742574257,1.6675154329190185,4280
3074310987,8.402597402597403,2.2409859705320323,7778
3074434540,0.0,0.0,4326
3074853910,2.909225873493976,1.3633393680767196,1341
3074856044,3.403030303030303,1.4822930091097568,2284
3075426304,6.901557096774193,2.0670598409086467,8328
3076198042,7.643437500000001,2.156800362487436,1629
3076292402,13.212900000000001,2.654150002919839,14544
3076524362,7.083333333333333,2.0898043287153825,1035
3077276880,0.46883468834688347,0.384469357399119,542
3077436037,5.133909728177642,1.813832348951497,13079
3077596483,12.514365253913045,2.603753212581302,11574
3077914555,8.078262838427948,2.2058828569559523,7412
3078921688,12.684000000000001,2.616227267115358,3412
3078995969,4.6658053125,1.734449040157906,7439
3079025445,7.0886475,2.0904615353881715,5918
3079279298,9.566094,2.357650195162895,2092
3079595940,6.1376081595092025,1.9653777285638732,11811
3080139055,13.433710144927536,2.669566453038411,5673
3081489583,6.891304347826087,2.065761437775756,8834
3081923372,0.39,0.32930374714260047,12249
3082144184,10.6307690175,2.4536540879472555,8527
3082366870,8.188333333333333,2.2179345633735372,5500
3082387775,10.056978987341772,2.403061811164299,144
3082728178,0.3592956989247312,0.30696669717009023,5891
3082765738,7.450135135135136,2.1341824335648916,8064
3083052028,11.578512396694215,2.53198999282489,4102
3083053757,0.133658,0.12544957251737715,4889
3083182165,2.0378198230088493,1.1111400946494503,3693
3083468856,5.45477392,1.8648199996728574,27
3083557382,6.225225225225225,1.9775784065541804,10295
3083655341,5.639336,1.8930119584880092,10159
3083721011,7.323333333333333,2.1190628156235722,10208
3084154817,3.0653928000000006,1.4025103680977167,13647
3084588585,6.041884816753926,1.9518758639893095,2498
3084734107,10.443518782258064,2.4374235245185374,9036
3085094645,7.431818181818182,2.132012428689174,9073
3085108036,1.818044081632653,1.036043056233009,370
3085682254,9.2720505,2.329426663212779,8131
3085810566,7.484463686131805,2.138236689397046,6916
3085817203,9.220495049504951,2.3243950228886128,9795
3085973857,7.551546391752577,2.1461121311271163,6657
3086155743,0.0,0.0,14632
3086177268,6.01673640167364,1.948298209891698,9615
3086680501,0.5,0.4054651081081644,199
3086768430,6.435733194736843,2.006297189002583,10206
3086780072,15.362807764705883,2.795010940208457,761
3087322701,7.9896456250000005,2.1960734289079227,9016
3087503104,4.658703071672355,1.733194726678173,1671
3088295508,8.991217317073172,2.301706438797798,4377
3088463015,5.941362916006339,1.9374981408292786,6102
3088795038,4.153846153846154,1.6397432619294294,8061
3088812609,0.0,0.0,1139
3089251157,8.901851851851852,2.2927217953904115,6894
3089253659,10.588235294117647,2.4499903846817723,8004
3090300130,8.153696319642856,2.214157767073651,7082
3091057543,9.366593406593408,2.3385884636040126,8714
3091315996,2.0,1.0986122886681098,7105
3092126776,8.660211649484536,2.268015557868936,3225
3092463381,14.138239090909092,2.7172239328505774,7341
3092623232,7.114678899082569,2.093674631370696,5490
3093067266,5.398744578947369,1.8561018115843537,13432
3093406005,9.0,2.302585092994046,3796
3093558928,10.987551867219917,2.48386876697558,13504
3094059087,9.668852459016394,2.3673285111715714,2762
3094391842,6.701637931034482,2.0414330245544714,5057
3094426335,12.38325336870229,2.5940041767655124,5878
3094460788,9.756329588014982,2.375494380184735,6669
3094680503,11.62928749090909,2.5360185207496193,2201
3094879694,3.655761078101072,1.5381053942716503,3408
3095857734,6.339622641509434,1.9932874300663246,1151
3096613346,6.4284920634920635,2.0053228857083587,2010
3096903129,1.1018518518518519,0.7428187903571831,14370
3096964324,3.434790089470062,1.4894802841949872,12437
3097911592,9.0,2.302585092994046,11105
3098363231,5.15538,1.8173264961547242,8027
3098824901,5.196536890243903,1.8239905699052,9271
3099584843,2.962962962962963,1.376991968457577,12049
3099622090,4.8979591836734695,1.7746063900018056,14011
3099690623,8.373287671232877,2.2378639067723975,745
3099698475,7.646996257894736,2.157212007214783,4260
3099757817,5.299031241379311,1.8403958503638491,1438
3100041054,0.6616165309090909,0.5077909423200521,10898
3100769070,10.16537421319797,2.4128174013626027,14059
3101248963,3.851572028793154,1.5793027820787986,8947
3101714366,132.15478145454546,4.891512221900916,11824
3101757542,14.5253814,2.74247619434548,1846
3101854653,8.907563025210084,2.2932984074258416,1295
3102092566,10.785940227272727,2.4669073149004626,5186
3102202033,9.200093333333335,2.322396870575159,10160
3102509799,4.763636363636364,1.7515685886448098,1205
3102640406,9.959447610697064,2.3942018797658777,1006
3102761856,8.902040816326531,2.2927408789592687,11357
3103444041,10.57032,2.44844319855864,8784
3103517736,4.275282985714286,1.6630323245041112,12357
3103758508,0.03955939226519337,0.03879696210001624,2815
3103811815,8.840005945945945,2.2864563153267787,11991
3103848282,8.168554637037037,2.215779655201524,13600
3104020352,6.801720966713615,2.054344346116992,2671
3104149137,7.376803902439025,2.1254664458537498,1625
3104301485,4.9848668181818185,1.7892340861611438,11155
3104308458,8.019047619047619,2.1993387430285547,14256
3106421197,10.94584452631579,2.480383479518892,6711
3107158901,5.217741935483871,1.8274068079582926,14096
3107331579,9.393258426966293,2.3411573677802853,3429
3107692978,6.040654746428571,1.9517011695994284,3852
3108003286,1.32129,0.8421230656310843,10711
3108321156,4.6717039285714295,1.7354895890965185,6445
3108370278,11.864771296875,2.5544926684186766,13610
3108385838,3.9560381249999996,1.6006066564330297,6042
3108574961,0.3969171483622351,0.3342677716887862,2603
3109116319,6.2810047449664435,1.9852688671039485,10247
3109949564,6.188659153846154,1.9725046666988786,1859
3110206259,0.0,0.0,14062
3110493320,7.372576134453782,2.124961619040373,10577
3110654399,5.712636176470589,1.9039917466266854,9377
3110939873,9.775670658682635,2.377290876157969,5151
3111123213,2.7039473684210527,1.309399107293414,13796
3111201129,6.745533157894737,2.0471163104788457,4732
3111236499,5.380952380952381,1.8533173622274883,5965
3111644685,7.657457760000001,2.158421118275896,12574
3112074473,11.878397100000003,2.5555512641740545,14257
3112282743,22.9128,3.17441388042735,4856
3114224097,6.6009753162393165,2.028276570142677,8548
3114488601,4.853657635135136,1.767066702639924,9527
3114720044,6.063633835441176,1.9549596266582165,10429
3114772825,26.496932515337424,3.31407445355411,4727
3115464141,10.42225189273743,2.435563373294671,6236
3115484575,0.04401213793103448,0.04307111576358399,647
3115564385,6.95994,2.074421462139441,7136
3115822861,8.734645161290322,2.2756911883694393,5444
3116115048,2.80063889212828,1.3351691821076006,4153
3116142843,11.075733950431035,2.4911979803358384,1917
3116700418,8.1259335,2.21112019560599,2117
3116857379,6.172311857142857,1.9702280373885745,13695
3117527741,6.963737602040816,2.074898437648205,5864
3117729864,3.337260324012807,1.4672428870345244,8369
3118428265,6.9621819230769235,2.074703073234064,12829
3118507612,9.709109953846154,2.3710947767902653,4383
3118624014,2.8668843402061857,1.352449102740622,12457
3118991132,8.763279132791329,2.2786283207178846,818
3119358778,6.108131632653062,1.961239429064806,4023
3119475423,6.787917,2.0525734300314884,12218
3119679752,2.607318620689655,1.282964732006782,1000
3119839384,8.963858918918918,2.2989644382188943,13748
3120009204,0.5677975945945947,0.44967182851604215,1787
3120318787,9.0,2.302585092994046,8474
3120445311,5.745222929936306,1.9088345402530984,6440
3120939001,8.786296296296298,2.280983069978195,7437
3120951350,5.578947368421052,1.8838747581358606,12804
3120985693,0.008972478647226296,0.008932465129534377,13480
3121036387,752.339596926699,6.624516118068124,7016
3121274686,1.0545095454545452,0.7200371554510234,10886
3121407755,5.2996762097560985,1.8404982367998948,11753
3121469034,8.414366197183098,2.242236841434537,9905
3121523291,5.936629375,1.9368159757018388,4840
3121539120,0.0,0.0,11891
3121906885,4.6,1.7227665977411035,537
3121912706,4.366698426966292,1.6802129013730491,3137
3122795734,0.0,0.0,2339
3123115614,6.66075096,2.0361100155007557,13481
3123381972,2.428000210448782,1.2319770621266581,777
3123865738,9.399265401459855,2.341735169177581,11944
3124311624,26.12111228381375,3.300312475646129,6295
3124749900,492.23523466406255,6.2009862096631085,11670
3125148186,10.108363599999999,2.4076983020741207,13926
3125165562,3.5273652631578942,1.5101401506767,7210
3125395480,4.5106932841328415,1.7066904381414099,7454
3125902241,0.0,0.0,14109
3126011232,8.570564516129032,2.2586921918263907,4274
3126411351,8.628773436734694,2.264755848719173,7472
3126790522,4.2997825170731705,1.6676657852016412,1051
3126821117,9.802128139534885,2.379743164675315,113
3126849460,12.800433809523811,2.624700027141815,12751
3127127703,12.631026500675677,2.612348554734397,5384
3127217380,9.0849252,2.3110417544227944,1425
3127832829,3.3625,1.4730452875285456,12893
3127920172,8.750938440789474,2.277363530715371,8118
3128167795,8.915309446254073,2.2940799713943796,1498
3128318201,6.430608365019012,2.0056077349226755,10192
3128428208,10.170873339565944,2.4133097961989414,763
3128832337,0.6122448979591837,0.47762755435639487,5692
3128945550,7.374040697674419,2.125136527589252,12291
3129628640,10.916536458333333,2.4779270538387848,10069
3129750607,7.212209302325581,2.105621986207143,6059
3131134206,28.641,3.389158538050399,9296
3131303142,4.3803882352941175,1.682760534264165,11545
3131481273,27.667206,3.355753821361906,3281
3131841192,0.0,0.0,3043
3132106682,2.877551020408163,1.3552037740498595,4549
3132107301,3.3518867924528304,1.4706094964517078,4819
3132169291,9.922407457627118,2.390816409170996,3234
3132479475,0.0,0.0,10082
3132586629,3.8219937786885247,1.573187489564975,13976
3132785149,8.01948,2.1993866827453203,227
3133249381,3.4829931972789114,1.500290947723771,2654
3133303701,3.6166666666666667,1.529672943965238,12295
3133716148,13.708984336363637,2.6884584864351253,6345
3134036432,4.685758513931889,1.7379645420370655,2947
3134176766,6.537748000000001,2.019923463667927,7213
3134555538,7.875,2.1832383353614797,641
3134654567,3.96387,1.6021856784418196,941
3134739431,4.096530909090909,1.628560094376096,9610
3135043074,7.9907407407407405,2.1961952411671053,13435
3135253136,5.757049285714286,1.9105862985665658,4869
3135560857,6.24660803125,1.980533501628373,10585
3136241138,7.126071779527559,2.095077630842736,7206
3136274832,4.910714285714286,1.7767666846419137,7589
3137538872,7.0326401179941005,2.0835132557392195,1239
3137730674,8.996781061224489,2.30226314729754,13727
3137982748,12.0,2.5649493574615367,9313
3138553710,2.583925265573771,1.2764586426558118,859
3138937772,4.291875223880597,1.6661726677208823,6192
3139070067,7.261034036697248,2.111549765738597,11934
3139495915,2.965185882352941,1.3775527347831342,11852
3139611265,10.508950886075949,2.443125070540977,4859
3139722825,4.659800000000001,1.7333885559017255,10771
3140637118,2.8388111881188123,1.345162732240472,9375
3140666165,10.505208333333334,2.442799831392336,7769
3141249767,12.599869054054055,2.6100601643172747,4905
3141297813,10.788284875714286,2.4671062311693155,11697
3141306806,3.835263157894737,1.5759355551169345,1083
3142377253,8.86829268292683,2.2893268580293373,10866
3142611510,3.1878968531468534,1.4321986635614476,13035
3143165690,0.02532384066313608,0.025008504801549404,11745
3144227559,6.43956043956044,2.006811766395425,3073
3144650884,7.979613406593407,2.194956830896697,1863
3144758090,7.4375,2.132686056198648,5935
3144960928,8.717485827814569,2.2739269253243015,8724
3145012135,6.8738399999999995,2.063545872274451,2194
3145619829,10.382723521008403,2.432096725284895,10230
3145819655,10.381166905263159,2.431959963446868,11639
3145980629,8.71480144404332,2.2736506445395674,10393
3146283417,9.54054054054054,2.355228826479468,13865
3147000213,5.221378357068064,1.8279914830160555,12080
3147294952,16.202622857142856,2.8450618638880827,11994
3147535682,5.253356653080568,1.8331183840736822,2395
3147724740,6.806449411764706,2.054950239707475,13649
3148357543,7.470899470899471,2.1366366979370723,3620
3148785763,5.151592760330578,1.8167110337070982,4619
3148857232,12.250271278787878,2.584018026093428,7395
3149335013,6.776923076923077,2.051160768564889,1104
3149585700,7.08,2.089391872533004,10643
3149645797,9.168684890909093,2.319312889103898,8319
3151250747,6.752321981424148,2.0479924089973327,8016
3151467818,9.06090909090909,2.3086575274783234,2384
3151685275,4.963768115942029,1.7857025155198651,11708
3152083877,8.767441860465116,2.2790545955838515,14111
3152562352,4.572307692307692,1.717809275553676,8418
3153942500,11.551,2.529800343678309,10073
3154019051,6.115942028985507,1.9623376231972611,330
3154227235,8.761904761904763,2.2784875414149854,5561
3154263395,0.3193332794117647,0.2771265176419487,7138
3155204958,6.578039508196721,2.025254526121578,3126
3155881586,10.6687725,2.456916256533139,12619
3155910290,9.072273324572931,2.309786433444229,10798
3155955778,10.0,2.3978952727983707,1829
3156016594,6.403198702702703,2.0019121639359145,14365
3156058478,9.268691588785046,2.3290996145374807,3822
3156131024,8.70810476534296,2.272961079456616,7072
3156427615,6.1766898885245896,1.97083825844718,7789
3156458432,10.31076,2.425754485041046,6940
3156781613,6.168320386100387,1.9696713713953549,4822
3157035963,7.713777777777778,2.1649054256232056,1293
3157279201,15.917563259192825,2.828352328392726,7623
3158255891,4.061814545454545,1.621725024836731,4701
3158333671,7.4022277227722775,2.128496875780552,10183
3158340895,2.3359375,1.2047537493090075,13338
3158945799,4.0555655999999995,1.6204897354318983,5548
3159593494,0.0,0.0,2033
3159808127,0.8173160173160173,0.5973606968647391,10138
3160317369,5.930371764705883,1.9359134574636372,3402
3161221071,12.111495327102805,2.5734893513096098,11833
3161277298,4.095238095238095,1.6283063967384832,7805
3162133248,10.0,2.3978952727983707,9514
3163009174,0.7137010124610592,0.5386553664886345,5607
3163117295,6.97092813559322,2.075800939672265,9956
3163539349,9.103688100000001,2.312900515608947,8278
3164148898,5.9773962458053695,1.9426758164941171,2314
3164163577,12.36515954887218,2.5926512873327345,8977
3164478694,9.389122807017543,2.340759374888443,3294
3164521983,8.457792383720932,2.246838992587318,8103
3164713254,9.270507819999999,2.3292764696508215,5671
3164756386,11.339301470588236,2.5127894099534727,10250
3164894897,9.835978835978835,2.382871971099756,13529
3165009858,9.173527714285715,2.3197890244744306,6476
3165860970,5.0,1.791759469228055,6075
3166047749,6.248945454545455,1.9808560037415905,1560
3166574919,9.646017699115044,2.365185897262338,2876
3166578364,0.69346827,0.5267786567553139,4435
3167058435,9.407216494845361,2.342499459249509,13912
3167174294,3.9684942084942083,1.6031168180438815,7276
3167245475,5.18670609375,1.8224028115818145,9699
3167555790,7.903973086419753,2.1864975913293847,1899
3168518411,6.774858983050846,2.0508953206726295,7525
3168986794,4.492386,1.7033627694854432,11713
3169366555,1.2103064066852367,0.7931311514781849,5783
3169419653,11.129074285714285,2.495605403944338,167
3169671080,7.51100678,2.1413602411106503,10045
3170659540,2.64037785,1.2920874812063439,12430
3170943588,6.053314054054054,1.9534975849610776,7673
3171144445,6.555555555555555,2.0222831278398874,9513
3171297099,11.033011304347827,2.4876538149010945,4494
3171594462,7.413950654888821,2.1298911205075406,5635
3172557665,0.7394366197183099,0.5535612790267166,11342
3172996493,5.663717448405253,1.8966775042665571,2415
3173123282,11.085509522063038,2.492007174794439,544
3173273829,3.0964703773584907,1.4101257193660908,9287
3174076075,7.715025906735751,2.1650486516280076,1642
3174153744,4.462732919254658,1.69794919919315,7219
3174413539,12.101787293023255,2.5727486554826826,6126
3175060614,8.447284345047922,2.245727329312324,2296
3175623095,5.110827333333333,1.8100621704544138,4769
3175807890,4.939024390243903,1.7815448758183368,14103
3176022311,14.08188286060606,2.7134942129160575,7540
3176249306,8.981155094094744,2.3006988245171693,6488
3176327715,2.6135406593406594,1.2846880837436412,12132
3176335904,1.0703703703703704,0.7277275141567244,1126
3176384616,10.0,2.3978952727983707,8386
3176712138,4.208121827411167,1.6502192969927263,8309
3177012007,13.69013157894737,2.6871759471876984,10427
3177330652,8.670451790000001,2.2690750291597572,6490
3177369380,9.828709677419354,2.382200910555518,9091
3177581048,5.7654333,1.9118263098303054,1112
3178167518,2.2054794520547945,1.1648616742093103,14248
3178249761,11.991150442477876,2.56426839046212,7237
3178323799,0.9957704411764706,0.6910301618445547,10894
3178335223,10.0,2.3978952727983707,1326
3178910659,6.93477829787234,2.0712554138114068,9600
3179485108,9.964403720930232,2.394654000175073,2695
3179561783,8.05,2.2027647577118348,7770
3179838257,6.165862703571429,1.96932845927575,14060
3180231912,9.83177570093458,2.3824840088778454,14254
3180484037,7.585620267857144,2.150088741926724,9828
3180565499,4.211286324657534,1.6508267206193816,2228
3180599373,1.944078947368421,1.0797960168686338,2761
3180790726,5.542638591549296,1.878340538468615,426
3181315299,11.443810549450548,2.521223354670911,551
3181418164,9.434307692307693,2.345099193556589,2567
3181609860,1.7131267605633802,0.9981017559776169,398
3181809771,9.507723704866562,2.3521105776887365,1848
3182103352,6.0,1.9459101490553132,1242
3182264781,5.7282,1.9063076487448751,207
3182473155,5.528023598820059,1.8761042326705992,5521
3182598255,7.760225911111111,2.1702216935553955,2779
3182807055,3.9883383333333335,1.6071028549748407,8332
3182935261,7.8234482666666665,2.1774127535533077,7079
3183600590,1.9852941176470589,1.0936982738656806,11399
3183646973,7.626368235294117,2.154823586312197,2845
3184136170,5.136851938775511,1.8143118971220358,1781
3184629543,11.801377820508327,2.5495528073597757,2634
3184734218,0.7967857142857143,0.5859993543280233,5550
3185176797,7.689152542372882,2.1620754135060385,12873
3185199945,3.969402985074627,1.6032997091656653,8691
3185703181,0.0,0.0,13797
3185896598,11.198039215686274,2.501275218796648,12412
3186258133,17.044630525072048,2.8928481626882383,12870
3186506753,8.980026631158456,2.3005857587725633,6972
3186599327,10.48499275,2.4410412048826995,4294
3186707203,9.487804878048781,2.3502131419833003,8655
3186916995,6.621163697104677,2.0309290741940993,14460
3187269575,5.008083428571429,1.7931058006123295,10943
3187315298,1.2771068852459015,0.8229057272385265,2057
3187740443,1.0180902812903228,0.7021516589338357,1679
3187763109,7.692323010309278,2.162440223497221,11812
3187843257,0.0,0.0,3741
3188357370,7.147401746724891,2.0976990723411113,13785
3188672644,6.00686918918919,1.9468909806240395,8400
3188716973,5.7563714754098365,1.9104859819528823,13384
3188853348,2.101419,1.1318597486947035,1160
3189046084,0.0,0.0,14075
3189102650,11.561519463414633,2.530638130109515,10111
3190079629,11.023428571428571,2.4868571273217523,7490
3190130977,12.60204,2.6102197814931314,1014
3190208007,10.759075714285716,2.4646253436576715,6268
3190371060,6.2272727272727275,1.9778617488619157,5893
3191504360,0.0,0.0,14378
3191860106,6.648685317919075,2.034533779203089,12288
3191927754,0.020205291005291007,0.020003872736419407,13211
3192059657,7.0152399137931045,2.0813447187131064,13566
3192205034,9.076923076923077,2.310247965739615,5428
3192400044,8.751652173913044,2.2774367243887648,4651
3192577056,5.1,1.8082887711792655,10541
3192695033,6.562178185,2.023159268401924,4686
3192723214,4.318181818181818,1.6711314814394402,2619
3192939274,6.921042857142858,2.069522871039764,11310
3193428473,8.500218288100209,2.2513147760372707,10287
3193478622,9.617718518518519,2.3625241639700536,3416
3193792137,3.9365695620437955,1.596670669339232,11694
3193819120,5.439716312056738,1.862484488223125,9165
3194266360,5.788953636363637,1.9152968260670902,3994
3194328467,5.833475027027028,1.9218333329237638,2419
3194713293,11.487133469387755,2.524698791743119,13307
3194883705,7.16025,2.0992748057616066,1611
3195116596,6.361708185053381,1.9962919961724974,3221
3195300301,10.315008,2.4261299861113224,12099
3195554031,0.03861219921656407,0.037885398186717774,8440
3196304058,6.580769302325581,2.0256146855763864,6818
3196530461,4.20068,1.6487893862686005,5451
3196744900,8.107466448109518,2.209094565909115,13303
3196758620,1.7120980091883613,0.9977225085064024,4842
3197610737,0.0,0.0,4909
3197670671,7.261802575107296,2.111642793156184,2375
3197744629,7.1875,2.1026086009613705,6256
3198092899,12.70471153846154,2.617739681628207,727
3198573594,11.62217307437186,2.5354550351875003,10539
3198981671,5.392949447368421,1.8551957342558159,2496
3199020698,7.065217391304348,2.08756066611834,5385
3199050199,5.469507096774193,1.867099922731951,3869
3199054542,6.622020579710144,2.031041502488714,5870
3199444061,9.238541666666666,2.3261591941047475,4146
3199809592,0.9108910891089109,0.647569672063626,6533
3200695800,2.9933110367892977,1.384620720561861,7208
3201092543,11.239544805194804,2.5046720872745762,8734
3201286948,5.28516,1.838191299156521,7762
3201808353,0.0,0.0,6493
3201896403,8.06571659192825,2.20449989148826,1771
3202549473,10.614017647058823,2.452212786413042,783
3202871421,0.0,0.0,12837
3202886990,9.16512,2.3189622522245985,5214
3204154320,3.9723834664948456,1.6038992958745588,435
3204428187,7.693511318181819,2.1625769218979927,5725
3204469137,9.840918876404494,2.383327759614951,9358
3204730009,5.7998025,1.9168935676426255,8827
3205048799,6.352058823529411,1.9949803860455089,4789
3205922673,10.067099567099566,2.4039767039982602,14580
3206063778,7.478581106589327,2.1375431134677036,4422
3206523730,14.550788412174551,2.7441113390875125,4957
3206578469,0.0,0.0,124
3206723723,0.6258742105263158,0.4860456468331503,6574
3206820612,3.905555555555555,1.5903683497137495,5900
3208273822,6.213855421686747,1.976003540928527,10922
3208405171,2.55,1.2669476034873244,11043
3208477137,4.544781982758621,1.712857302222083,13894
3208574006,5.7282,1.9063076487448751,13253
3208938890,3.175438596491228,1.4292194058369245,635
3209542408,13.212900000000001,2.654150002919839,6859
3209850764,7.9655621000000005,2.1933908044780748,12734
3209947718,5.3833020631578945,1.8536855282245457,12151
3210196826,4.776971538461539,1.75387959008828,6419
3210911504,9.433826219512195,2.345053049248946,3554
3211247381,2.9913933333333333,1.3841403762926323,7342
3211818561,0.0,0.0,13470
3212136510,9.0625,2.3088156427446815,9201
3212461972,4.670814301229508,1.7353327231650346,8279
3212495666,2.682473775289575,1.30358474788722,8679
3212552703,4.11068,1.6313324677693108,4804
3212635530,4.3082398988679245,1.6692603111660589,12508
3212697148,10.770408875379939,2.4655886594436542,10760
3212914506,6.354654831460674,1.9953334231711546,5465
3212918325,9.148785714285713,2.3173540642705506,7240
3212938346,10.263025,2.421525236720381,1385
3213328232,3.6151306666666665,1.5293401810245637,14575
3213342026,8.4662796,2.2477359683391978,6168
3213614493,10.669579470443349,2.4569854105543563,10692
3213728786,6.1660200000000005,1.9693504098361658,3208
3213805116,13.645,2.6840989802796966,8127
3214045226,4.512622674418605,1.7070404943881363,12796
3214700332,6.776470588235294,2.0511025833613696,12696
3214714203,7.648299319727891,2.1573626911773403,4273
3214813453,16.821439148466258,2.8804021790772514,4700
3215091716,0.0,0.0,11863
3215100863,3.1369333333333334,1.4199547726125037,1296
3215155533,3.8831710709318497,1.5857948184473856,11123
3215424563,4.014688846153846,1.612371374853726,14169
3215542405,2.8402112489361704,1.3455273778302843,8399
3215600729,3.803097853416149,1.5692610958701452,5086
3216612478,6.154314720812184,1.9677156321549336,3254
3216664343,8.267321512820512,2.2264943963828316,11758
3217189177,10.219108799999999,2.4176184673498353,12041
3217447167,2.9130434782608696,1.3643154544011153,10194
3218336115,6.365414672727273,1.9967953514833676,12066
3218499485,4.244143636363636,1.657111956137252,11806
3218571049,4.666975578947368,1.7346555678341644,14541
3218759285,2.7677031067961164,1.3264655602966278,10788
3219420427,5.162962962962963,1.818557662382779,13328
3219805453,7.619838139534883,2.1540663071831667,9744
3219881500,10.505329719512195,2.442810381878255,14409
3220481986,8.007766585051547,2.198087159100196,4552
3221128447,6.211538461538462,1.9756823073889835,571
3221442398,0.0,0.0,9113
3222280330,9.868692391304348,2.385886398708879,2794
3222601426,0.0,0.0,14495
3222849744,5.34632,1.8478751173545427,8430
3223713795,7.16025,2.0992748057616066,13682
3224183563,14.034089999999999,2.7103202891681155,4001
3224273164,7.187755102040816,2.102639757977154,117
3224293694,8.792490118577074,2.2816157774766226,9328
3224469940,6.201924556962025,1.9743482898819014,190
3224647009,1.2671783618543049,0.8185360459136329,6182
3225217075,5.915383168356998,1.9337483747684183,11893
3225425307,3.8525298469041562,1.5795001868724379,2425
3225478915,4.5584505,1.715319382371679,11751
3225644996,6.540385500000001,2.020273308033863,12752
3225990632,6.4377746808510645,2.0065717020689178,6248
3226187519,12.691714601769911,2.616790876291327,6381
3226925860,9.392867710843374,2.3411197738466805,14052
3227226690,4.85742120967742,1.7677094401232458,2049
3227261193,10.462137342222222,2.4390491984536937,2851
3227595330,10.31076,2.425754485041046,5803
3227672484,11.100714285714286,2.4932644827375965,10925
3227914392,1.2648979591836735,0.8175297067871286,1879
3227956008,9.4,2.341805806147327,5920
3228005067,6.397814889795919,2.0011846714421626,13103
3228758351,4.98461479245283,1.7891919747753338,12938
3229001252,5.91199212,1.9332578914548084,4351
3229016077,7.105263157894737,2.092513623247189,10976
3229348699,2.9832773154362418,1.3821049265401246,13169
3229363659,6.5412512917808225,2.0203881220681383,5281
3229715455,5.0269814502529515,1.796246296721648,1329
3230427745,2.4023369387755102,1.2244625304496168,12162
3230704927,5.451132568421053,1.8642557073964736,4250
3231363577,4.58256,1.7196474525472347,5763
3231547643,3.8697173333333335,1.583035892973284,111
3231802430,5.7282,1.9063076487448751,11463
3231909655,4.444642569230769,1.6946321103791735,814
3232072912,8.819814422535211,2.2844022242789688,543
3233020879,13.351874300751879,2.6638805469692706,14121
3233111293,11.820921818181818,2.551078353601875,10623
3233177655,7.0476190476190474,2.0853762771996505,10996
3233232264,8.87204930232558,2.289707461308339,6197
3233247014,9.865254385964912,2.385570026776681,12692
3233299878,10.4819243125,2.440773999884318,7165
3233323124,5.808971741007195,1.9182411162509476,2783
3233409756,8.272510995475114,2.227054216196502,12219
3233411112,3.467773740740741,1.4968902399830666,12794
3233470825,4.610277096774193,1.7246001116791767,10225
3233783923,8.549523529411765,2.256491261039789,3708
3233883275,4.725765,1.7449761649674997,4171
3233901560,10.109212222222222,2.407774694046803,12333
3234844865,8.83478208588957,2.2859252945939836,9266
3235342350,8.111414074074073,2.2095279214077173,11873
3235627837,3.2060367800000003,1.436520821892773,7773
3235636096,7.131782945736434,2.095780204034625,11359
3235812261,8.7526896,2.2775431033786284,2192
3235823259,5.040201741573034,1.798437412311613,7280
3236894093,7.1092454794520545,2.0930048279733335,2416
3236917488,3.9323318918918915,1.5958118766089302,12883
3237171102,3.3242340983606558,1.464235037617832,9140
3237359215,0.5746661270740591,0.45404326699594344,5361
3237506711,6.672365379310344,2.0376249614875523,12629
3237726513,4.13146425,1.635391047305516,8465
3237863645,17.264856,2.904978776285152,11060
3238254233,6.1307856,1.9644214106847684,9926
3238478291,3.748356116504854,1.5577984774109712,7618
3238588310,8.22865306122449,2.2223131073376408,12738
3240020774,4.0860925,1.6265098540150387,8676
3240651618,8.01948,2.1993866827453203,12270
3240679754,7.882003200000001,2.184027117149062,10213
3240942443,3.3132530120481927,1.4616923786041025,10454
3241019943,11.552806879787235,2.529944296330511,1127
3241242315,9.762865000000001,2.376101783232207,12650
3241509671,0.3326994906621392,0.2872065774185378,358
3241618432,8.53,2.254444717666111,5041
3241782325,5.632867894736843,1.8920372739779578,5069
3241914168,4.948360588235294,1.783115650202765,5459
3242180668,4.5030407142857145,1.705300796612076,7466
3243477986,10.072973093023256,2.4045072827503398,1316
3243937346,9.27063947368421,2.3292892881835283,1579
3244118592,6.45630340909091,2.009059769834701,9441
3244567626,2.4282586956521737,1.2320524633642875,5080
3245002187,8.428571428571429,2.243744592971112,8955
3245342211,2.039647577092511,1.1117415801099024,14391
3245417165,3.952458,1.5998840189892378,3968
3245609502,3.839442162162162,1.5767994583344664,2035
3245846133,5.776859504132231,1.9135137946615577,5366
3246040632,0.0625,0.06062462181643484,4359
3246166950,2.212232132530121,1.166966063874792,2193
3246260375,7.042424242424242,2.084730560431627,73
3246721966,15.878172588832488,2.8260212243519662,1286
3247329873,3.5632661170212767,1.5180386208717442,9446
3247418921,7.405641025641025,2.1289030311315673,5324
3247649067,4.992248062015504,1.7904666442257497,5672
3247910502,6.9243986254295535,2.069946433657512,5356
3247919848,5.212000317258883,1.826482956358378,9509
3247980646,5.8100314285714285,1.9183967352126554,7476
3248387012,4.58256,1.7196474525472347,13208
3248638266,3.1298056875,1.418230356834624,8471
3248715974,7.428475238095238,2.1316158823559053,13766
3250144875,9.580571868131868,2.359019476777712,8149
3250603287,7.44,2.132982308607866,8002
3250781210,6.603482477876105,2.028606363114378,14155
3250866011,5.081632653061225,1.805273188394778,8256
3252009626,9.977588950336473,2.395855826389385,6797
3252362420,5.491963611449452,1.8705650444994597,3277
3252517546,3.052941176470588,1.3994428339633969,13989
3252558064,2.6038598438502674,1.2820054499361377,2841
3252908323,0.0,0.0,12915
3253043605,0.012866700977869275,0.01278462823475872,174
3253107372,5.564537142857143,1.8816820015155808,13992
3253238107,10.82954037735849,2.4705998249412304,13830
3253295128,9.243521341463415,2.326645441500128,10097
3253638377,8.2342875,2.2229234585362208,2352
3253639959,4.504397727272727,1.7055473595160782,3098
3253883423,6.138721,1.9655336286528413,9422
3254690955,11.515059917525774,2.5269327125291503,4172
3254694576,7.85864754375,2.1813941055329047,5857
3255023581,5.0,1.791759469228055,6491
3255439764,8.248608,2.22447305371362,1975
3255449387,9.502813908403361,2.3516432125367404,6399
3256038640,4.606564890704801,1.7239382130433458,6128
3256230062,6.11008,1.9615134955099363,3737
3256314544,6.068281938325991,1.955617443068509,12194
3256325687,5.975608855339806,1.9424196149859283,2507
3256399602,8.197695417789756,2.2189529546087825,6376
3256463190,5.897660829959515,1.931182343975487,5473
3256580332,8.943340969767442,2.2969030778536372,13777
3256820064,12.311178247734139,2.5886041519852254,3810
3256955099,2.25,1.1786549963416462,5634
3257111964,11.7,2.5416019934645457,2426
3257138073,5.230769230769231,1.829499797210902,14106
3257629816,3.5548208155339807,1.516186191965382,14204
3257638112,4.525567010309278,1.70938586843842,3293
3258223234,11.575192127659575,2.531725994410604,1170
3258276615,8.266923076923076,2.2264514018172243,10413
3258290320,4.556680074820144,1.7150008210767107,1870
3258971881,5.7282,1.9063076487448751,13551
3259397869,7.685972222222222,2.1617093361132986,13553
3259861603,9.23076923076923,2.325399770760217,1159
3260488619,12.771068852459015,2.622569931547973,3158
3260698957,5.954356846473029,1.9393683475513734,9339
3261589524,8.53977412731006,2.255469808797312,11876
3261925607,2.6363636363636362,1.2909841813155658,988
3262644939,0.0,0.0,316
3262651554,15.723232440944882,2.8167989167788514,3271
3263232092,6.319498064516129,1.9905417552008675,13717
3263579347,12.832861371191138,2.6270470202413003,7967
3264093772,2.8043706122448984,1.3361505669208553,3464
3264610212,7.267094999999999,2.11228317767663,14605
3264714532,11.4564,2.522234547053978,2633
3264751577,3.4854718965517244,1.5008437065983369,4564
3265298365,9.997421351211965,2.3976608227,14616
3265542218,3.16568,1.4268795275985988,6542
3265786687,6.3046001249999994,1.9885043038002044,13157
3266033134,11.01785370967742,2.4863933532363363,6251
3266371517,0.6056886902654869,0.4735527550570646,10937
3266478948,25.106477601479288,3.262183467500826,379
3266709295,11.300508339493671,2.509640589938496,830
3266726294,9.32030303030303,2.334113123023777,8513
3266984973,6.974925882352941,2.0763023548788735,6979
3269919322,7.046880000000001,2.085284438663095,268
3270076693,9.288912766666666,2.3310668850475627,10162
3270392771,11.052822272727273,2.489298846017301,6944
3270934332,9.0,2.302585092994046,14552
3270967887,5.4457134246575345,1.8634153245485492,265
3271276726,6.9428544578313245,2.0722727141583475,6591
3271375665,9.24655926517572,2.3269419677845176,6876
3271504880,5.7282,1.9063076487448751,6012
3271992297,8.925461227547771,2.295103296782945,4094
3272264170,4.982006172839506,1.788755992109515,8554
3272289691,6.518648133333333,2.0173863522977284,5244
3273320714,13.417990266666665,2.6684767509000857,12016
3273354023,9.959683544303799,2.3942234074081075,12248
3273685725,3.6823076923076923,1.5437910850442962,14018
3274312643,7.491489391304348,2.1390644138307344,1300
3275310411,6.333257399219766,1.9924198099847463,8020
3275766373,1.14564,0.76343787617538,6774
3276133243,4.938608322580645,1.7814748167967307,9568
3276326374,8.808745684695053,2.283274404515017,8089
3277635940,8.469807692307693,2.248108599949314,7574
3277690389,0.0,0.0,2489
3277844480,5.179907862407862,1.8213033623629675,12785
3278286844,11.70083550802139,2.541667779333788,5542
3278289595,7.482003614457831,2.13794669718504,6819
3278355851,6.838649692832765,2.059066586471455,7155
3278480880,9.82,2.3813962734183356,4327
3278541192,6.14968237037037,1.9670679319947297,1970
3278560741,9.10377358490566,2.312908976335682,10716
3278862123,5.24897774757143,1.8324178899822798,13581
3278910813,9.848101265822784,2.383990066130758,6179
3278925061,4.644628099173554,1.730704313974049,12454
3278959448,9.0,2.302585092994046,13167
3279373217,5.5093698876404495,1.873242660082803,7829
3280266317,12.312020454545456,2.5886674206270603,11470
3280374819,10.57032,2.44844319855864,1349
3280646216,5.103305454545454,1.8088305022108462,5575
3281000127,9.150341685649202,2.3175073685319485,2571
3281108753,1.048418256880734,0.7170679133183141,7339
3281559768,4.48936170212766,1.702811983211559,3755
3282325421,9.126306216867471,2.3151366137449783,9145
3282723788,6.173268776978417,1.9703614470931219,11398
3283164613,11.57670255,2.5318460984712803,3406
3283332356,5.754163512747875,1.9101591314345938,5177
3283377672,6.184782608695652,1.971965262802646,10734
3283425917,3.9168502702702703,1.5926681365263005,3028
3284295715,6.5100961538461535,2.016248269135645,10989
3284746244,7.785701325000001,2.173125550552819,7443
3285487977,6.671932433920706,2.0375685307019897,1953
3285708328,3.157030223390276,1.4248009307252532,12590
3285774884,11.99,2.5641798306825083,13027
3286055673,336.59001039130436,5.821832172210857,6851
3286389097,11.476921588785046,2.5238806649485332,9347
3286896450,5.383474025974026,1.8537124673382173,1697
3286919801,3.7222899999999997,1.5522938514323257,12174
3287062061,9.119967151435407,2.3145104179484592,2500
3287095229,10.645937031484259,2.4549573665210613,2699
3287627101,3.1882352941176473,1.432279474361714,6180
3287787777,6.977777777777778,2.076659898717959,4689
3287939198,7.876275,2.1833819870149176,13736
3288041117,3.4926470588235294,1.5024420734355433,756
3288353490,7.642857142857143,2.1567332159814825,8634
3288710255,26.583227372528615,3.317207884102359,7020
3288787576,3.0,1.3862943611198906,12175
3289162326,4.972855090909092,1.7872250527676252,3915
3289456544,12.22016,2.5817429372247336,3619
3290180107,3.62873417721519,1.5322834348688332,4806
3291779746,0.0,0.0,2079
3291815188,11.0,2.4849066497880004,3312
3291957525,1.0202963396303901,0.7032442034406337,8456
3292066243,5.126739,1.8126626345009451,12990
3292464089,1.1479289940828403,0.7645041193417773,441
3292472138,1.5594999999999999,0.9398119269155009,4030
3292716257,0.06913344827586207,0.06684845893445976,10612
3292861724,9.144717631578947,2.3169531396305882,2379
3292988477,1321.29,7.187120360953828,480
3293019818,11.20530082191781,2.5018703509740203,14475
3293029040,6.314090441403105,1.989802685169346,3954
3293484551,0.0,0.0,2482
3293670426,4.301553962264151,1.667999978010429,12349
3293681177,7.433333333333334,2.132192107065365,2490
3293907031,3.4369199999999998,1.4899604420336403,934
3294411012,7.141580311111111,2.096984302585585,6624
3294732476,0.0,0.0,3743
3294871116,6.6898432727272725,2.0399004026502117,7251
3295145187,4.846524075235109,1.7658473094782565,12435
3295807724,2.64258,1.292692221783584,993
3295844728,6.826665,2.0575364933445743,2906
3296596352,4.383318260869565,1.6833049611581654,1967
3296696634,5.998214285714285,1.9456550144704365,2869
3297343298,6.8738399999999995,2.063545872274451,13589
3297602796,4.917300852272728,1.7778804078088901,12440
3297721008,7.344106741935484,2.1215555102743022,6811
3298191664,0.0,0.0,12037
3298861303,3.713154,1.5503573229859466,3763
3299026574,0.035946868099941895,0.035315856904322415,4409
3299171573,0.0,0.0,10621
3299471682,7.538186673913043,2.1445486519891275,12933
3300224643,3.735647181818182,1.5551183977243495,12624
3300978127,6.019502450199203,1.948692339485895,12547
3301018404,4.6182231428571425,1.726015447162957,1232
3301589345,10.0,2.3978952727983707,7572
3301920298,0.0475609756097561,0.04646458172595661,9000
3302217687,4.386595263157894,1.6839135087351074,10065
3302733420,9.50207294117647,2.3515726606473155,6314
3303998828,0.0,0.0,626
3304092039,9.611596824770643,2.3619474431650196,12960
3304101037,3.263157894736842,1.4500101755059984,2321
3305026285,7.138509306930693,2.096607031417072,5887
3305117173,8.32857142857143,2.233081887227072,2472
3305573312,8.916053072758038,2.294154966393195,1297
3305674619,3.682414285714285,1.5438138499286886,2667
3306162657,6.569136716129032,2.0240790208048107,1102
3306436530,1.2297297297297298,0.8018803806964109,6467
3306671192,8.271,2.2268912486248453,8792
3307214415,4.363122896619719,1.6795464353861345,2517
3307587021,5.725301487804878,1.9058767553833817,8074
3307623793,8.90863343283582,2.293406441036534,9793
3308031017,6.180455028571428,1.9713627555049023,1352
3308185267,9.850370370370369,2.3841992149218716,11718
3308348764,8.01948,2.1993866827453203,11586
3308537980,2.9166666666666665,1.3652409519220583,8396
3308596445,3.775072303559436,1.5634091159247412,5150
3308732551,6.415584,2.003583731760293,7486
3309765663,5.933962790522479,1.936431481012852,469
3310022933,9.559357757522124,2.357012458012135,12906
3310084968,4.209302325581396,1.6504459361614774,11343
3310137096,6.920958004588909,2.0695121586866096,5441
3310139613,196.44684477876106,5.2854694077557065,6601
3310333584,9.887636363636364,2.387627866888831,5380
3310495399,9.406541103370786,2.342434560686948,4428
3310533724,6.160861914893617,1.968630352902649,7014
3311231509,4.841692857142857,1.7650206276335678,11205
3311253366,4.630217391304348,1.728148054426446,6432
3311405076,7.052161356521739,2.0859405468864654,910
3311497930,10.426240512000001,2.435912509616878,13102
3311502777,20.0,3.044522437723423,659
3311529650,5.707359830412371,1.9032054056579712,12640
3311643165,4.682483081896552,1.73738829951119,4813
3311709742,6.376238787878789,1.9982638593580966,5328
3311923244,9.201878502673797,2.322571870262382,12798
3312013191,11.71053607079646,2.542431261400562,9127
3312533759,5.517390609137056,1.8744740825092985,7519
3313121986,5.762798634812286,1.9114368036134224,6826
3313228468,390.6341255950413,5.970328050871388,10367
3313333784,6.510061737826088,2.0162436864913995,13449
3313491679,7.4896215,2.1388444174684422,10833
3314152221,4.0021178684210525,1.6098613964363016,13137
3314450371,9.316086956521739,2.3337045172702857,14619
3314584923,134.35661576470588,4.90791289380708,1485
3314741601,1.5569620253164558,0.9388198449341834,12943
3314943471,2.2501250125313286,1.1786934609961268,676
3315556648,12.892587272727274,2.6313554081552506,11104
3316140611,10.996762295081968,2.4846368046399037,8584
3316449338,6.947878359468438,2.0729050200264605,26
3317097064,9.8181348,2.3812238740852267,11247
3317739420,8.063432835820896,2.204247948491316,5504
3318037347,10.485549132947977,2.441089648054038,6899
3318407736,5.8868480000000005,1.9296135057512664,11226
3318499974,6.66,2.0360119837525,8607
3319092661,3.2481480694736846,1.4464831396112876,9819
3319497187,10.373822752293577,2.431314465177248,214
3320657575,6.3442092366412215,1.9939121437403864,6340
3321134766,8.121189099876696,2.2106001793454264,14477
3321371505,9.179090909090908,2.320335705473735,3131
3321539915,5.7282,1.9063076487448751,5213
3321795513,7.351432659574468,2.1224331001422283,2202
3321800855,6.1768707482993195,1.9708634591314305,4644
3321903983,9.909452736318407,2.3896296369295,6906
3322619283,7.2533315625000006,2.110616944588489,4290
3322669008,6.676606991150443,2.0381776515107926,11838
3322953423,4.2847547142857145,1.664826206567892,7302
3323291663,0.0,0.0,11872
3323347252,0.0,0.0,7544
3323526727,11.981481481481481,2.5635238404703156,14437
3324265373,7.491882631578947,2.139110722687908,7827
3324733685,11.70388469130435,2.5419078278974943,12001
3325090823,5.610092783505155,1.8885976906039834,10522
3325101320,5.7282,1.9063076487448751,577
3325165597,9.0,2.302585092994046,11
3325805228,0.0,0.0,7709
3325947394,5.9233168125,1.9348949629628514,12567
3326150446,4.155809100000001,1.6401240595660593,829
3327221016,7.44666,2.133771096958589,10634
3327317803,9.982417582417582,2.3962955923932547,9982
3327653555,4.742416744186046,1.7478801572933516,13530
3327813549,10.014848484848486,2.3992442248123096,11817
3328216707,3.574821111111111,1.5205675965665266,1617
3328298224,8.629464285714286,2.2648275945341165,8868
3328353342,7.583224911659192,2.1498097067104993,4129
3328356951,8.969155263157894,2.2994958525163245,5812
3328929989,6.112807714285714,1.9618970623880487,12864
3329053673,2.651351351351351,1.2950973323219286,9611
3329085259,5.7282,1.9063076487448751,9104
3329124443,6.972254008810572,2.075967264463439,11921
3329562470,6.211538461538462,1.9756823073889835,2655
3329621313,3.3491176470588235,1.4699729847692349,14297
3330141344,4.698588232091691,1.7402184655826942,12416
3330232491,5.17186757231405,1.8200014780675593,9261
3330346569,9.858856153846155,2.3849809824250574,1583
3330350380,7.586734693877551,2.1502185349602887,3322
3330458745,7.838463648648649,2.1791130661436444,7935
3330837460,17.937526524822697,2.9411454839193105,1306
3330873257,6.66,2.0360119837525,2687
3331339744,5.863330308433735,1.926192791638184,6244
3331677843,8.30886311418685,2.2309669693519285,10799
3331763012,7.3862057113342905,2.1265881787761467,4952
3331779353,7.097222222222222,2.091521067334437,12242
3331797051,2.11,1.1346227261911428,5569
3332346906,4.524957988826816,1.7092756435426566,2246
3332503767,10.524752475247524,2.4444971114501235,13771
3332992459,6.302020558951965,1.988151098752895,12545
3333225839,5.633961870967742,1.8922021929906683,14329
3333391734,6.188297911504424,1.9724544137364244,630
3333487737,7.659259259259259,2.158629183033639,14203
3333703268,4.430214255319148,1.69197859086891,8144
3333815278,6.356726745,1.9956150980828216,14135
3334141444,1.9473684210526316,1.080912711568709,13434
3334595580,13.019437909814325,2.6404447887780815,11424
3334865442,9.980586552,2.3961288546910153,246
3334897367,6.0508474576271185,1.9531478163555438,14499
3335222211,10.644594594594595,2.4548420890415517,13206
3335302024,4.640741368421053,1.7300155051730017,4989
3335426421,11.576993684210526,2.5318692468951003,1963
3335491140,6.9704653950000015,2.075742884447361,1581
3335687734,10.784583243243244,2.4667921724402047,1574
3335745094,9.274590163934427,2.3296738728650914,12603
3335876888,7.348462285714286,2.1220773645042215,12907
3335930767,4.412101453287197,1.688637456120864,7822
3336347406,8.687481750000002,2.2708345108067234,3551
3336681238,8.074074074074074,2.205421344540398,6393
3337451804,1.8510133884297522,1.0476745059664228,13802
3337612094,4.2111289473684215,1.650796520846101,12256
3337954353,7.458549222797927,2.1351776722457005,4124
3338053581,6.444091990483743,2.007420696372072,4559
3338117685,6.09171845038168,1.958927687816139,3901
3338231129,8.02721088435374,2.200243447553471,10662
3338744855,4.855057483443709,1.7673058148398648,6034
3339303952,2.837813692307692,1.3449028534962917,6981
3339395209,10.598031914893618,2.4508354212088364,3719
3339762315,10.59915611814346,2.4509323470301148,6790
3339819156,10.16227455882353,2.4125397497006653,2798
3340064306,3.0070527586666667,1.3880559981924012,9881
3340761314,11.381111590909091,2.5161720524751594,13775
3341796974,3.355728991304348,1.4714919880995456,8151
3342024327,7.035532994923858,2.0838733311430238,7271
3342476406,9.567460317460318,2.357779498302509,4159
3342804615,9.070360468920393,2.309596502407613,4405
3343062880,7.125471642857143,2.0950037748827093,2653
3343112398,10.0,2.3978952727983707,10174
3343264228,11.166131780129032,2.498656007676857,4793
3343392972,5.662671428571429,1.8965205195281365,3748
3343536064,6.0,1.9459101490553132,9150
3343546887,4.484010322580645,1.7018366440069481,13914
3343665073,3.81641325,1.5720295120495003,8297
3343707574,13.781375294117646,2.6933679622139226,12538
3343730131,2.107938144329897,1.1339595302255943,8078
3343802005,9.41945208,2.3436744514493784,10801
3343946167,1.0507095,0.7181858308333469,1991
3344244091,4.023928636363636,1.6142122245195574,7010
3345373420,0.19123881300047102,0.174993784966709,10186
3345451400,12.060549846863468,2.5695962245595467,1058
3345807048,11.5172445,2.5271072535896404,13538
3346158170,6.689277899343545,2.0398268778528377,9454
3346356205,6.337275572093024,1.9929675982595954,10078
3346609098,3.3108186206896555,1.4611278212750667,5992
3347226953,5.857927487573964,1.9254052805777089,3803
3347619116,10.2728,2.422392744398758,3324
3347913123,4.992805416494845,1.790559652484869,2931
3348857410,4.371739130434783,1.6811517165054695,259
3349823387,0.41025641025641024,0.3437715391028244,7397
3350005559,11.088888888888889,2.4922867570856226,837
3350532779,10.201204262295082,2.4160212959400242,2083
3350774821,10.450303867403315,2.438016268285949,7902
3351291114,1.3760036671802773,0.86541994492525,4226
3351457499,10.0,2.3978952727983707,5420
3351696000,7.057142857142857,2.0865590094487,9471
3352039065,4.08302025,1.6259056223246244,1628
3352235146,6.281794871794872,1.9853773801440229,1401
3352877742,4.801821244019139,1.7581718758518152,10362
3353310220,5.7282,1.9063076487448751,13237
3353645958,6.606450000000001,2.028996571573997,2175
3353815680,0.0,0.0,4858
3354234341,4.205057857142857,1.6496308176906207,1547
3354341418,10.778944736842107,2.4663135932975973,5565
3354590111,6.235554857142857,1.9790070478329642,14107
3354617229,9.8485,2.384026821581289,11597
3354775488,10.028711573604062,2.4005020153458236,9151
3355479593,8.576206896551724,2.2592815737607554,1572
3355777171,9.325032258064516,2.3345712631099658,2797
3356333431,5.28516,1.838191299156521,2405
3356506662,8.76059104265403,2.278352956240439,6748
3356790108,5.418528274111676,1.859188850629609,1487
3356879541,7.322176505683564,2.118923819862815,12196
3357336941,4.9528125,1.7838637969508802,11592
3357391251,8.794364330434782,2.281807151938337,6680
3357634623,10.57032,2.44844319855864,12808
3357738533,6.450795592682927,2.0083208176538703,701
3358055269,1144.49436,7.043591578267287,10448
3358384499,8.714285714285714,2.2735975561207935,11135
3358432068,9.396473044303796,2.3414666182742194,3119
3359755651,5.578947368421052,1.8838747581358606,8924
3360940094,9.935140327868853,2.3919814869562073,10999
3361607443,4.202689894736842,1.6491757792897435,1675
3361770886,7.5501816867469875,2.145952532634821,1512
3361985373,9.729499090909092,2.3729968725062367,9554
3362122536,4.380668325806452,1.6828125905861084,12247
3362224492,7.528257624489796,2.143385076217878,13839
3362419934,3.802341166836735,1.5691035420968331,13311
3362740200,4.489247311827957,1.7027911444514643,10075
3362856430,7.690140845070423,2.1621891468640726,3426
3363408047,9.180851063829786,2.32050860918295,972
3363943859,6.432098765432099,2.005808290636382,6220
3364468091,2.57769,1.2747173407516852,6193
3364625830,7.417533559322034,2.1303168588965895,3387
3364711438,4.488676175806452,1.7026870927111395,12341
3365313603,5.613087846889952,1.8890506925737411,3231
3365317068,5.164908952741021,1.8188733680954159,4780
3365501230,28.54640587155963,3.3859621077427096,13808
3366289508,12.0,2.5649493574615367,49
3366299226,8.594444444444445,2.2611842272564684,4382
3366767023,6.612643546875001,2.0298104895905777,8524
3366889177,1.3914893617021278,0.8719163357495322,4443
3366934967,6.7118228775,2.0427545899153468,10257
3367122739,9.942508710801393,2.3926550861348144,6402
3367175047,5.438050966057441,1.8622258492878787,399
3368035585,1.553294573643411,0.9373845149339548,4238
3368424356,6.382356621621622,1.9990929130618533,2195
3368595978,2.638888888888889,1.2916783847450415,5771
3368909272,3.847298507462687,1.578421540991797,13898
3369229756,7.037127342781222,2.08407172367159,10704
3369614820,0.0,0.0,7199
3370410045,10.57032,2.44844319855864,10998
3370522981,3.694480776699029,1.5463875158521923,2893
3370595183,6.909090461538461,2.0680127892691202,5950
3370677322,9.5984126984127,2.3607042444722905,13262
3371922402,0.57282,0.4528701865048898,13219
3372254669,6.7109375,2.0426397755138646,667
3372842633,6.990000000000001,2.0781907597781832,14463
3373750368,3.8035714285714284,1.5693596888666899,10129
3373984415,6.992855999999999,2.0785481427178025,12190
3375937021,10.040322580645162,2.401554259683412,6260
3376107409,8.63372881355932,2.265270358918269,9135
3376512677,3.6036875800256083,1.5268576301787007,14473
3376602102,0.0,0.0,10516
3376927896,17.1846,2.90057508204636,9691
3377015258,8.486222222222223,2.2498404535168843,4787
3377539385,18.379591836734694,2.9642205451848316,4717
3377563413,8.779686879496403,2.2803074671227788,812
3377963766,2.4567313913043476,1.240323457979802,3992
3378009220,5.734989648033126,1.9073162728207789,9682
3378114937,10.539888000000001,2.4458095556602393,12953
3378933846,6.1265822784810124,1.9638317756726689,12819
3379284398,11.105610561056105,2.493669027866986,8525
3379870501,9.20532319391635,2.3229094659138076,6873
3379933262,7.428571428571429,2.1316272948504063,5577
3380470188,8.788415300546449,2.281199574241662,11154
3380528982,5.145623383707202,1.8157401835533191,8253
3380803728,0.0,0.0,13741
3380947476,7.049170000000001,2.085568980524663,4808
3381812558,2.4705882352941178,1.2443240998495033,10659
3382061863,3.008878681318681,1.3885115716207082,4939
3382195692,2.1442238804347826,1.1455670808214238,6250
3382245305,2.6026785714285716,1.281677616414909,13642
3382454408,6.735356341463414,2.0458015516728083,4638
3382500346,0.03402891089108911,0.033462735938189936,10517
3382606508,2.5146272477064224,1.2569334734676205,13991
3382636711,5.6164772727272725,1.8895630942862438,12852
3382847048,6.183720930232558,1.9718174842309735,4368
3382887706,10.449752287499999,2.437968095486748,8003
3383025198,5.32951728,1.8452239741644847,10756
3383724790,8.514450867052023,2.2528117867392363,1212
3383868632,7.318689574468085,2.1185047393594667,7074
3383913569,5.3274730284697505,1.8449009508393177,12394
3384406301,7.70873786407767,2.16432687382916,12910
3384688709,12.794726844274809,2.6242864064057763,7469
3385311580,9.214285714285714,2.3237873006446486,7562
3385402625,9.83341,2.382634877565618,4239
3385420432,0.05091243555213544,0.04965877305961044,12181
3385530867,6.377837837837838,1.998480619783825,2966
3385881669,5.957575757575758,1.9398311029789312,13259
3386036188,0.0,0.0,9164
3386775236,3.8161764705882355,1.5719803498992,2576
3386864227,6.9341368421052625,2.0711745694988917,13060
3387295441,3.015151515151515,1.3900750839597968,776
3387516453,8.073059360730594,2.205309512735316,11653
3387728721,11.89161,2.556576712176964,4034
3387805495,5.600200676156584,1.887100054048413,9096
3388069273,5.366666666666666,1.8510760463844744,9810
3388540327,5.793814432989691,1.9160125559991243,651
3388812195,8.245874086363637,2.2241774072993534,4999
3388981400,2.002372927536232,1.0994029518569848,7495
3389302539,8.707317073170731,2.2728799385801297,4465
3389549808,10.107559642105263,2.407625925348083,12442
3389636133,4.429430417647059,1.6918342329829836,7232
3389656761,2.6881417241379313,1.3051227334098792,1647
3389851646,3.26056338028169,1.4494014004295808,902
3390288228,5.747766233766233,1.9092115217846466,5699
3390294348,9.456331236897276,2.3472076549419225,8480
3391119103,5.338437822580646,1.846632337863739,10845
3391266053,2.4740484429065743,1.2453206121392424,3308
3391343817,10.0,2.3978952727983707,8849
3391390355,9.186868686868687,2.3210995072596767,290
3391673614,0.0,0.0,9743
3391908357,9.772710280373833,2.377016110426307,12117
3392432244,1.693281098901099,0.9907601897044644,11935
3392747229,10.275061124694377,2.422593306632972,6361
3392812205,1.9094,1.0679468743572245,6105
3393009689,9.785180722891567,2.378173036575233,6516
3393347177,9.466818790035587,2.3482101382203124,10782
3394675321,0.08941020250082993,0.08563645117127007,3933
3394751752,5.178750063488373,1.8211159959143097,8878
3395148642,16.115336,2.839974903691286,10447
3395811341,5.261746031746032,1.8344590650306578,13687
3396420539,11.19732479447853,2.5012166485529206,7841
3396566906,5.531293125,1.876604952014099,14586
3396592211,0.0,0.0,11240
3396607586,9.249030000000001,2.3271830669599827,3477
3396701915,0.4341525475285171,0.3605741155492302,1656
3397334940,0.5478042000000001,0.43683728137941985,6459
3398314400,0.20138203124999998,0.18347258681300163,4760
3398755414,10.49973826923077,2.4423242759128856,11473
3398850363,5.945805000000001,1.9381378802163198,9992
3398897269,4.804296774193548,1.758598466415183,1610
3399037833,11.526516710526316,2.5278477342923624,5959
3399486719,10.417027027027027,2.4351058399531054,1444
3399697064,7.828539999999999,2.1779896555314453,7705
3399749228,4.877527978723404,1.771136261730992,1603
3400281770,5.627111111111112,1.8911689793924418,5392
3400381270,3.7462428,1.5573533155756294,5941
3400609661,7.762,2.170424189391707,5488
3400650067,7.0,2.0794415416798357,8901
3400951347,8.691743119266055,2.2712742981938336,11656
3401020258,6.786671739130434,2.0524135207211267,13173
3401380472,10.0,2.3978952727983707,13072
3401386892,8.631268436578171,2.265014934330081,1268
3401478050,5.958654242201836,1.9399860996451626,12744
3401769585,523.4264110169493,6.262305114879411,11248
3401852164,11.368506984126984,2.5151534826064035,4240
3402032574,8.876538670212767,2.2901621133544254,11618
3402583830,2.3240125714285713,1.2011726590042724,9083
3402658184,6.157550192307693,1.9681677705129001,12961
3402828944,6.327057272727273,1.991573971815391,1404
3402899816,3.557072487804878,1.5166804190687448,3817
3403743215,9.591836734693878,2.360083585055262,14639
3405225350,9.341463414634147,2.33616138852765,3378
3405726548,0.0,0.0,7782
3406330790,9.81,2.3804716316511167,14112
3406440778,9.882599385245904,2.387165126977473,4725
3406729114,8.885200562983815,2.291038746045865,1746
3406897319,4.624515000000001,1.7271347221509121,3733
3406906218,10.2763908,2.422711230331331,7798
3407472934,9.009819967266775,2.3035666078773573,12033
3407660377,6.4530213759213755,2.008619503991697,8025
3407887594,8.236363636363636,2.223148262346011,7085
3408081233,8.287621686486487,2.2286825121369396,5690
3408120344,8.414179104477611,2.242216968130201,8567
3408574808,7.92774,2.1891632833511063,6654
3409999282,9.376851851851852,2.3395775419337626,13385
3410483278,0.0,0.0,10117
3410624320,13.151729166666668,2.649836819214402,14558
3411001270,5.893397196428571,1.9305640254014336,7408
3411251309,6.7272727272727275,2.044755983691946,1849
3411349044,7.049251546153847,2.0855791114749076,1573
3411649224,11.94666375,2.560838129471776,14031
3412105310,3.3814858064516127,1.4773878920817525,2770
3412196441,8.975461476510068,2.300128225015093,14183
3412654952,4.44,1.6937790608678513,14090
3413199464,5.589,1.8854015919316829,8599
3413334466,8.25026472295082,2.2246521698122126,10260
3413473676,1.650952380952381,0.9749189644719934,13857
3413563504,3.6197132266666667,1.5303326310170198,10135
3413827891,0.0,0.0,11111
3414221445,3.4369199999999998,1.4899604420336403,11252
3414708551,5.857142857142857,1.9252908618525775,9333
3415354964,7.223896666666667,2.107044143783028,5350
3415432395,0.5684367988032909,0.45007945379997666,10604
3415975441,9.243985291428572,2.326690732513188,4341
3416118650,7.0072364383561645,2.080345687611209,9797
3416120861,1.6521739130434783,0.9753796482441617,10749
3416442129,4.377215486400001,1.6821706726057157,7998
3416576701,6.60645,2.028996571573997,9497
3416931950,2.7028112901265824,1.309092339284423,7264
3417088819,9.27659574468085,2.3298690519425143,4017
3417514769,5.725099605252101,1.9058467365681218,4006
3417517143,4.498218404907975,1.7044241133825746,5084
3417569026,0.0,0.0,13559
3417611698,10.831874123893806,2.4707970867357663,3395
3417831840,10.507095,2.4429638016515107,13868
3417985936,0.0,0.0,9576
3418102254,11.067298996363636,2.4904992318041868,2963
3418312974,7.35885125,2.1233210073678705,9303
3418649311,5.455846932515337,1.8649862213488038,13112
3419021708,7.884024917647059,2.1842547108061696,3835
3419139154,10.0,2.3978952727983707,12382
3419459355,3.6452181818181817,1.5358383424906021,9087
3420000810,6.512417857142857,2.016557365644191,2038
3420459276,4.580472,1.7192733606294923,1923
3421368652,8.351579214285714,2.235545228962215,12937
3421637732,8.194910858995138,2.218650163500879,1381
3422370723,5.953340874524716,1.939222245447272,6928
3422406072,1.7184599999999999,1.000065543498897,8068
3422485637,2.9208942765957446,1.3663197595689014,14207
3423327708,22.692307692307693,3.1651504255120377,9844
3423407982,8.436192084848484,2.2445525179351504,1727
3423736580,10.093171004494382,2.4063296941695156,2118
3423808967,6.941230588235293,2.072068249173807,5278
3424173495,35.10251851851852,3.5863626279612815,7179
3424582269,4.99,1.7900914121273581,13971
3424846691,9.195652173913043,2.321961371957184,381
3425060199,19.48603351955307,3.019743362230571,8035
3425194928,4.160550458715596,1.6410432518494313,9593
3425235491,8.670118657777778,2.2690405801011675,13026
3425330265,0.796821008984105,0.5860189973780895,11475
3427736932,0.0,0.0,3362
3427839263,5.29543165467626,1.8398242361821615,5190
3427908526,12.16140923076923,2.5772890045690025,6934
3428155832,81.87264078821656,4.4173049809903215,195
3428511257,10.598259091042047,2.4508550084909912,12583
3429668971,8.55496183206107,2.2570605831328265,2776
3430216940,8.92584075949367,2.2951415342694528,13315
3430330593,2.73120576,1.3167314414720694,5637
3430537422,2.208092485549133,1.1656765192486556,10173
3430776368,7.0,2.0794415416798357,14423
3431498192,6.194448837209303,1.9733097338205963,209
3431822718,7.119836319018405,2.094309996214062,13366
3432392608,1.409834,0.8795578654622006,4538
3432663117,310.6810159615385,5.7419802800790505,8371
3433282840,8.796878571428572,2.2820638218209153,7102
3433669029,6.9740835,2.0761967204368177,3847
3433733933,8.213998455944056,2.2207238989365523,3568
3434055307,13.941176470588236,2.7041209229623204,748
3434056779,4.795454545454546,1.757073911240165,1370
3435182009,5.27223528,1.836132795099623,6472
3436584725,6.6655320731707315,2.0367339258533805,3555
3436870218,0.9909675,0.6886207014932803,13949
3437273216,6.364801922218155,1.996712155081533,3714
3437827676,6.494897538461538,2.0142224608088872,2526
3438917137,0.0,0.0,6272
3438988248,10.0,2.3978952727983707,8745
3439339070,9.998686131386862,2.397775823063341,4361
3439657448,0.6962174940898345,0.5284007685874982,217
3439668312,12.647923076923076,2.6135873545173696,5085
3439762373,9.473410692325057,2.3488397304139195,3170
3439986142,2.98375,1.382223586749409,671
3440066706,6.8738399999999995,2.063545872274451,7492
3440159351,4.30790895,1.6691979629694118,4855
3440879201,5.690724815724816,1.9007222114291116,4387
3441206073,5.526859390243903,1.875925876636276,4022
3441291514,11.8783971,2.5555512641740545,12891
3441604407,12.552255,2.606552954143534,6406
3441664950,9.4,2.341805806147327,4073
3441797186,19.393630874127904,3.0152226400492874,4606
3442002350,5.552087272727273,1.8797836664753778,8523
3442457277,7.561224,2.147243170585667,6820
3442494401,6.627785842541437,2.0317976121659553,8736
3443029949,12.502011209210526,2.602838652808234,13646
3443215806,12.458834999999999,2.5996357677217907,8944
3443351028,5.394055,1.8553686524148552,10726
3443614221,4.642857142857143,1.7303905228517629,11204
3444055387,9.431222200488996,2.3448034434024314,3353
3444275363,7.576516961860466,2.149027882579361,13756
3444526623,7.081529122807018,2.08958110250004,8994
3444592715,5.47690215,1.8682423327839,9205
3444621676,9.724618604651162,2.3725419028438743,7576
3445206939,9.269744657534247,2.3292021606843725,5503
3445339776,6.083333333333333,1.957744606702316,6323
3445665449,7.827586206896552,2.1778816144930886,5393
3446351354,2.64258,1.292692221783584,4332
3446431720,7.136585365853659,2.096370603780284,10959
3446820722,6.480122324159021,2.0122491453498643,9120
3446902597,2.5034968421052635,1.2537615674737606,1700
3447033269,12.633507853403142,2.61253057528183,1520
3447101779,5.996623846153847,1.945427725015239,2884
3447319978,5.187499434782609,1.8225310365465393,12530
3447388697,10.626519434628976,2.4532886469864947,13925
3447943894,9.34063025210084,2.3360808200371306,13110
3448066141,10.775427294117646,2.466014927491862,9217
3448366254,0.0,0.0,11520
3448371037,0.4827586206896552,0.39390428570708846,13602
3448622189,1.32129,0.8421230656310843,8802
3448884097,4.20353982300885,1.6493391291862864,8712
3449294704,0.6475356521739131,0.49928062732664,1735
3449308027,18.590395750000003,2.9750394333858856,7812
3449786259,6.845571894303798,2.0599492827381494,1743
3449869514,4.667137258064517,1.7346840974808135,9715
3450113000,0.8436018957345972,0.6117212101423798,1318
3450293964,2.29375944,1.192029599337584,9055
3450310773,8.696969696969697,2.271813434327292,1853
3450334590,5.15538,1.8173264961547242,12506
3450391982,20.0,3.044522437723423,8938
3450641932,12.200909090909091,2.5802856977442756,3444
3451638667,4.3181815384615385,1.6711314288424632,9574
3451669962,11.582912392638036,2.5323397342266993,8951
3452747418,7.319640718562875,2.1186190710356714,7279
3453142917,1.803001333333333,1.0306907478633562,8271
3453462894,10.405405405405405,2.4340874013917873,4736
3453939891,11.489971346704872,2.5249260300359655,12858
3454114722,13.401655714285715,2.6673431801309735,3154
3454134284,12.013864590747332,2.5660152961275693,11869
3454467088,4.220748957995227,1.6526408701456325,14149
3454912210,3.641797226277372,1.535101624493439,8196
3454946713,15.05404180327869,2.7759606436226942,8931
3455045504,4.532580787801779,1.7106543952407516,9125
3455480042,14.254686346153846,2.7248867572331577,12880
3455694085,7.793488372093023,2.174011489863621,6142
3456305877,10.27307447368421,2.422417092417243,1199
3456438960,0.0738255033557047,0.07122750928836778,2086
3457793263,8.149801057659575,2.2137321367187752,7087
3458032651,5.8234633333333345,1.9203671630952135,11432
3458179586,10.992688571428571,2.4842971783837444,3883
3458899419,14.417661873417721,2.7355137271582275,3414
3458956680,3.1323252380952384,1.4188402601866843,14337
3459610516,1.2137348038834952,0.7946810456683061,13629
3459781705,6.742574257425742,2.0467342237040516,2264
3459902620,2.76905311778291,1.3268238075215626,12414
3460162892,5.661786086956521,1.8963876298228441,11577
3460376573,8.38622340425532,2.239243018948685,4578
3460763377,4.363841895348838,1.679680489844994,1666
3460825363,6.194444444444445,1.9733091232434277,120
3460840010,0.0,0.0,6766
3461106874,4.272586910016979,1.6625211168796954,8843
3461125831,2.6293671,1.2890582804584951,2579
3462062023,7.526315789473684,2.143157356065944,10949
3462275069,43.720098280098284,3.8004230265210452,3654
3462986530,0.8461538461538461,0.6131044728864089,14053
3463014682,8.949186991869919,2.2974908384723025,12026
3463188042,13.212900000000001,2.654150002919839,1584
3463211188,6.218401237864078,1.97663349318546,11965
3463397344,10.631775348837209,2.4537406074029082,7429
3463892023,3.5896719999999998,1.523808561824099,8779
3464117140,5.040843214756258,1.7985436072949352,6921
3464154318,4.323529411764706,1.6721365066496643,8855
3464432122,11.875770359640361,2.5553472785183065,1114
3464471505,5.599758293103449,1.8870330261047155,4086
3464613218,8.619047619047619,2.2637452596777816,8911
3464683036,5.7282,1.9063076487448751,10748
3464921424,7.475675675675675,2.137200375832028,148
3465064757,12.056497142857143,2.569285875227905,5679
3465148568,3.246376811594203,1.446066104419808,13746
3465736344,12.515029367088607,2.603802352651585,12850
3466375762,6.144421726618705,1.9663318741133151,5811
3466737614,8.88755868544601,2.2912772683930744,6483
3466775236,6.382851428571429,1.9991599364249255,8629
3467283471,10.369813608247423,2.430961914334091,1338
3467507770,11.79496402877698,2.549051658257818,13705
3467535303,8.358565737051793,2.236292045527129,11394
3467814489,12.707532467532468,2.6179454968894653,4385
3467906489,7.391221052631579,2.127186046556139,1524
3468030365,8.101311428571428,2.2084185161693464,12970
3468254819,8.167211896103897,2.2156331938105467,10779
3468430437,4.298592255813953,1.6674411731663572,1382
3468475309,6.518743438914027,2.017399028110583,6933
3468826889,9.0,2.302585092994046,2852
3468887884,107.34333386893354,4.685305202037388,842
3469736006,4.6938775510204085,1.7393914837107392,13711
3469747050,9.01834862385321,2.3044182740757067,4040
3470406536,14.76113076923077,2.7575468311725473,5960
3470464995,9.186781609195402,2.3210909591917535,2715
3470669007,3.077899014084507,1.4055819082567507,6118
3470684142,4.96,1.7850704810772584,12774
3471200473,8.661764705882353,2.268176313308504,9278
3471269645,12.35143125,2.591623588837533,10852
3471517342,5.577777777777778,1.8836969645537407,4421
3471867221,3.9914447478260873,1.6077253964805662,14310
3472418672,8.31892191818182,2.2320469479919187,11789
3472775865,7.791907514450867,2.1738316977615137,10371
3473292444,12.714285714285714,2.618438042412523,7047
3474036349,6.517039398496241,2.017172363434256,2544
3474848530,6.700391760680035,2.0412712055757902,14042
3475107783,6.69430303030303,2.0404801888291573,12753
3475175235,11.437306,2.5207005043731114,13591
3475356108,2.763272727272727,1.325288985007556,6710
3475398420,3.9542830645161295,1.6002524680129664,10854
3475721680,5.715133339354839,1.9043636867184623,8957
3475963544,13.28323135135135,2.659086216421463,14466
3476356582,7.698529411764706,2.163153978242335,14376
3477610484,4.995716855072463,1.791045356822552,3648
3477858258,6.3250883392226145,1.9913052147925419,11837
3478443484,5.242424242424242,1.8313686073231008,9842
3478806043,7.40625,2.1289754768021125,10747
3478816927,9.708471611583013,2.371035167607839,964
3478853994,4.768545994065282,1.7524200546680226,2896
3478875797,6.0794291052631575,1.9571932696046277,12628
3479028554,1554.5454545454545,7.3495815377336,7775
3479075239,5.2170683076923074,1.8272984624702555,13871
3479230687,9.8,2.379546134130174,10181
3479309546,5.0,1.791759469228055,1429
3479565130,8.738206981132075,2.2760570125286765,13162
3479675919,3.474697715702479,1.4984387998815525,4112
3479747507,5.411764705882353,1.8581345381729277,6936
3479802904,2.675531914893617,1.3016978609377208,2245
3479946090,6.344827586206897,1.993996335722951,7797
3479955067,7.7172413793103445,2.1653028322862284,11689
3480159866,6.263823896103896,1.982906397627349,742
3480536409,7.550955414012739,2.146043021034712,8024
3480660953,10.733870967741936,2.4624796140005563,5019
3480860214,12.698840467058824,2.6173111918111673,6286
3481105754,2.187130909090909,1.15912111055361,13355
3481120273,9.100104940677966,2.3125458139593715,5314
3481758099,2.598684210526316,1.280568281575705,12078
3482128529,16.836983957480314,2.881274052180141,1872
3482257989,10.786308679245282,2.46693857640411,1143
3482303222,2.22971523364486,1.1723939703897355,6848
3482547291,28.414536279069765,3.3814889834146515,13266
3482615254,10.714107441176472,2.4607938796569835,14368
3483218318,2.4575994000000003,1.2405745332396967,5720
3483687515,3.5132743362831858,1.5070229070060308,10328
3483873710,2.838980794520548,1.3452069132764122,5733
3483982618,1.183,0.7807000775678068,10421
3484053116,3.0,1.3862943611198906,12622
3484135283,8.039007954545454,2.201549428840829,5483
3484372773,3.0062111801242235,1.3878459518113095,9092
3484652952,4.098063515625,1.6288607648062845,2427
3485349406,1.156447924528302,0.7684623886705783,6275
3485439874,9.2,2.322387720290225,2676
3485670374,0.0,0.0,3182
3485704148,5.33272644,1.8457308606436391,3633
3485715695,4.071975545454546,1.6237303956435194,8867
3485772336,12.17165332300885,2.5780670449306555,4825
3486337114,8.701810840404042,2.272312552663676,8377
3486903948,11.281280742857144,2.5080762123015887,12626
3487148502,5.238548387096775,1.8307475250457645,4785
3487335414,5.425423714285714,1.8602625763555756,453
3487594130,4.642370270270271,1.7303042379113978,13506
3488120802,9.45,2.34660197841082,14633
3488235255,8.212179815668202,2.2205265014887523,7319
3488307511,8.891162608695653,2.291641692688855,10209
3488703255,10.881366202898551,2.4749713075664634,11312
3488706311,2.6323591368421053,1.2898823371397403,12678
3489629034,9.433561320754716,2.3450276604687756,384
3490266693,13.388929925806453,2.666459155785855,7248
3490279174,23.133115384615387,3.1835849796585567,12677
3490620508,158.23346668474576,5.070371469186608,4147
3490748801,3.6179514900662255,1.5299512063440481,2919
3490805414,5.681818181818182,1.8993901334204204,13524
3490922107,5.755341097256857,1.910333465660157,7267
3491002521,6.875425531914893,2.063747219050532,13747
3491643619,0.0,0.0,7513
3492102700,10.423786447362668,2.4356977120894063,7651
3492230964,6.569278301298701,2.0240977262200754,6403
3493682600,12.505119047619047,2.6030688022830346,10696
3494324166,6.889503046875,2.065533147687187,4557
3494363090,10.0,2.3978952727983707,7423
3495156635,6.04,1.951608170169951,10481
3495346534,6.966911414233577,2.0752968912493746,7571
3495469236,9.048546264,2.3074279736939554,3738
3495620728,8.004654594928825,2.19774162086049,12834
3495697851,7.616071428571429,2.1536292300438915,3404
3495796887,6.130434782608695,1.9643722118950486,3725
3496014122,4.5,1.7047480922384253,12920
3496221837,6.261209444613051,1.9825464051291908,3258
3496272177,9.706293706293707,2.3708317653977766,11109
3496326343,13.026666666666667,2.640960279761345,6114
3496638052,17.462206123404258,2.9157257302442465,13484
3496869099,3.219298245614035,1.4396688217112656,14258
3497015958,7.815803999999999,2.176546019858517,6794
3497145079,7.329264705882353,2.1197751816803136,5895
3497242298,10.498972285714286,2.442257664916157,5398
3497380141,7.806042236842106,2.1754381036929553,8464
3497560676,0.0,0.0,1161
3497629533,7.608586034482759,2.152760081316151,2651
3498896807,5.930704542857144,1.935961473670163,12528
3500158406,3.675455451523546,1.5423265807811442,5277
3500425960,13.96745194,2.7058779728551414,7729
3500691786,5.768114275862069,1.9122225068927698,9338
3500764568,0.0,0.0,12522
3501061884,8.49491423745583,2.250756311833339,13558
3501225522,5.603784,1.887642818072951,13460
3501400020,8.995145631067961,2.3020995382382083,3637
3501740695,2.813664596273292,1.3385905631626793,9481
3501751479,8.25,2.224623551524334,14230
3502276914,64.56284368421053,4.183009128227971,136
3503020054,10.21964808258317,2.4176665344139865,10094
3503638848,0.34285714285714286,0.294799540220645,8472
3503912629,7.855817142857143,2.1810745473676407,13531
3504086316,9.16512,2.3189622522245985,3323
3504285633,10.31076,2.425754485041046,4551
3504481781,6.0739515775280895,1.9564192456267098,4329
3504494538,9.625462427745664,2.3632532364747556,10058
3505127459,4.528096540540541,1.7098435502312086,13
3505976069,8.694348605042018,2.2715430976845923,13121
3506110060,4.333333333333333,1.6739764335716716,14453
3506115475,6.552256842105263,2.0218464380775463,2184
3506212023,7.022483164556962,2.082247995471404,1412
3506496652,0.0,0.0,11502
3506896139,5.902484016393443,1.9318813491937679,14277
3507180724,5.562650468619246,1.8813945562063912,9707
3507457844,7.5521052631578955,2.1461774822482442,1694
3507677527,5.681818181818182,1.8993901334204204,12054
3508081883,6.0118695,1.9476043559331495,2342
3508405735,5.665364043956044,1.8969245723875092,673
3508751722,8.544342,2.255948518185444,8916
3508812973,5.071618181818182,1.8036251563339374,7051
3509098181,8.896697101449275,2.292201075358735,2577
3509178203,7.96875,2.1937463129598944,9112
3509294206,9.7350759,2.3735165016364435,2293
3509724372,6.550586636029412,2.02162526037878,4216
3509929439,9.626363636363637,2.3633380488213085,8085
3509988691,8.229051283487298,2.2223562570441735,5216
3510081583,0.0,0.0,2747
3510488752,7.434877857142857,2.1323752354120993,9045
3510586448,22.642601886792452,3.1630502493745034,8788
3510731047,11.159310344827587,2.49809515986614,125
3510743188,3.1818181818181817,1.4307461236907244,5605
3511013073,9.87664275,2.3866176230379814,9056
3511269601,9.3375,2.33577806034981,6604
3511334022,7.7750280904522615,2.1719099705379468,6090
3512282782,10.22673031026253,2.418297569656325,5386
3513654519,7.136363636363637,2.0963433524824393,3303
3514046990,12.760667076923077,2.6218143107576575,2981
3514388974,8.348101265822784,2.2351732495044128,9399
3514922528,4.0,1.6094379124341003,13454
3515167946,7.0,2.0794415416798357,6116
3515357472,8.715254237288136,2.273697252048297,2859
3515718984,9.259663106796117,2.328220003608603,3338
3515820817,5.769230769230769,1.9123874570166697,4932
3516133918,10.284722727272728,2.423449839943081,13022
3516267415,5.4653541672240795,1.866457792969899,14105
3516459588,0.023663638284386224,0.02338799441861862,12149
3517826222,6.199077457627118,1.973952886927424,7954
3518141920,0.0,0.0,2462
3518263089,9.024837551020408,2.3050657686743485,12700
3519069451,6.450592885375494,2.008293611154591,7095
3519167991,7.154404897959184,2.098558259524194,7207
3519488258,0.0,0.0,3768
3519511747,12.315068493150685,2.588896363312048,14239
3519818471,3.6683629820051418,1.5408084710423897,4904
3519872323,4.116959064327485,1.6325603298549545,14298
3520100104,7.0,2.0794415416798357,13563
3520204166,8.35443406779661,2.235850462738115,1510
3520733403,4.495908720293398,1.7040039463930077,3756
3521041845,11.570606804647822,2.5313612954742197,9818
3521072277,5.37021644557377,1.8516334479037835,8820
3521455004,2.180877192982456,1.1571570056031673,4063
3521457811,5.2659242105263155,1.8351260971051615,5381
3521779468,7.060883265306122,2.087023136780669,2617
3522351469,6.303244745553539,1.988318735092108,9350
3522846788,9.2358171,2.3258930498299697,11003
3523141868,3.0,1.3862943611198906,11069
3523334135,10.422222222222222,2.4355607756848454,9171
3523616452,7.5073891625615765,2.140935099104891,3518
3523647612,0.0,0.0,2790
3524399133,0.704917,0.5335164291986472,1813
3524729448,0.023163295574288725,0.02289909844819058,3015
3524883708,4.932616666666666,1.780465374817797,13321
3525207286,0.0,0.0,11553
3526007174,3.4598328,1.4951112765400127,2916
3526237723,5.31496062992126,1.8429215214079233,3449
3526324236,1.6043713692946058,0.9571913291142642,12786
3526440448,11.923364140480592,2.5590368468509834,6262
3526804741,9.333333333333334,2.3353749158170367,7989
3527936009,0.6372549019607843,0.493020999132484,908
3528618915,1.532722222222222,0.9292947014538293,13199
3528777755,22.021500000000003,3.1364285619006687,10987
3529042895,5.482014388489208,1.8690313244776462,12316
3529163884,8.041590909090909,2.201835144439356,7931
3529276032,9.042683486238532,2.306844358056609,13974
3529466505,8.662708865288357,2.2682740297511566,11254
3529916102,4.437167910447761,1.6932583206090719,7297
3529989863,8.424480644295302,2.2433106277622414,10837
3530803564,3.2792803501522845,1.4537848529683886,8496
3531184587,6.380530973451328,1.9988455836464063,2946
3531890801,4.357384630434783,1.678475913917171,11020
3532074676,4.685606984126984,1.7379378909185275,5396
3532228752,7.616071428571429,2.1536292300438915,956
3532558044,4.144915723824452,1.6380089889428087,1657
3532805168,0.0,0.0,9646
3533269381,9.083259298892989,2.3108765535232396,12076
3533688874,8.367392778947368,2.2372348055510627,9190
3533748877,0.051259774109470024,0.049989229868904125,6791
3533862276,5.368421052631579,1.8513515664303006,13367
3533900216,0.0,0.0,1085
3534042278,7.5495207667731625,2.145875230707966,6100
3534082844,7.683145321100918,2.161383827216348,9531
3534163267,7.5489492857142855,2.145808384837273,1471
3534167677,7.063896103896103,2.0873968273045587,3490
3535177022,9.30728041935484,2.3328504823746585,599
3535736142,7.258926126479751,2.1112945701802404,1477
3535906138,7.3884297520661155,2.1268533458791468,4272
3535956259,4.58256,1.7196474525472347,12032
3536185563,6.517418666666668,2.017222816622374,11981
3536215412,8.0,2.1972245773362196,10677
3536340039,5.823105088757396,1.920314659848252,7916
3536525217,8.266532307692309,2.226409232753473,2685
3536690373,6.083099347826087,1.9577115729086245,3283
3537333336,11.433794605263158,2.520418136912507,12385
3537441861,9.16512,2.3189622522245985,2262
3537535981,3.888888888888889,1.586965056582042,452
3537839610,7.3182931084337355,2.1184570785495733,4331
3538408961,3.777729421935484,1.5639654173158781,9858
3538795691,3.09375,1.409461420401425,7050
3539049763,8.847125748502995,2.2871796104190194,3317
3539086441,7.1891891891891895,2.102814892865145,5096
3539322948,7.914285714285715,2.1876551263200685,8367
3539745178,8.370563225806452,2.2375732039215714,6684
3540016983,5.357881136950905,1.8496951672762512,10893
3540181239,3.9700214132762315,1.6034241486055398,11083
3540245811,3.844803501945525,1.5779066876462886,10648
3540489742,10.0816875,2.4052939711664933,2488
3540515577,8.717948717948717,2.27397455895278,14029
3540545993,9.65932539310345,2.3664351327861652,12995
3540844056,9.16512,2.3189622522245985,14407
3541006143,6.464682857142857,2.0101829461158585,13587
3541103483,10.99150381232877,2.484198383387289,13181
3541716219,6.8738399999999995,2.063545872274451,8874
3542494518,8.973132064285714,2.299894683514518,5201
3542518255,8.804583333333333,2.2828499634198436,1108
3542703813,9.38907969924812,2.340755225562301,10822
3543117162,9.494925454545454,2.3508918502979137,5224
3543854834,9.89585254054054,2.3883822159584343,12668
3544446984,8.990000000000002,2.3015845926604626,13685
3544466654,1.34209044,0.8510438809969618,7972
3544998114,0.04492600422832981,0.04394607355879323,11062
3545044772,7.210629921259843,2.105429646618463,2632
3545536027,3.056603773584906,1.400346114575541,2491
3545839953,0.0,0.0,6651
3545850267,6.910194827586207,2.0681524120181076,11150
3546208978,0.44830272,0.3703923328868471,10390
3546266505,4.932120534521158,1.7803817434423381,6917
3546599224,16.162667605633803,2.8427365368517243,9098
3547756198,4.289489302325581,1.6657217010067988,13523
3548209800,7.014848727272727,2.081295912180689,11253
3548466810,8.27949152542373,2.2278067527779495,9028
3548886470,2.711459082248521,1.3114250829285479,6229
3549242511,5.292667329545455,1.8393850395761124,4175
3549440214,6.415584,2.003583731760293,4673
3549480116,9.570144242424243,2.3580334461867873,7958
3549636292,7.88820875,2.1847255387851927,4437
3549641041,8.01948,2.1993866827453203,6652
3549665447,6.351267527272728,1.9948727510466566,2811
3549789497,6.8738399999999995,2.063545872274451,14294
3549968107,0.0,0.0,6369
3550488595,11.90026052356021,2.55724750678852,4589
3550656450,3.08957170212766,1.4084402462651702,6478
3550801807,7.7514792899408285,2.1692227477877264,12735
3551087783,7.965986394557823,2.193438128283716,8832
3552058327,7.710208000000001,2.1644956711762897,3179
3552229231,3.978,1.6050282039454002,6427
3552291968,10.0,2.3978952727983707,5109
3552750692,5.040816326530612,1.7985391562134336,5092
3553010422,135.375,4.915408444153235,3993
3553076305,4.839405096774193,1.764628924660621,4138
3554156883,4.057171637383178,1.6208073620761947,3805
3554908015,8.846449453125,2.2871109285904194,2660
3555157741,6.925914545454546,2.0701377131626257,11737
3555405452,12.428352792857142,2.597368351699169,5378
3555428951,7.563161953727507,2.1474695090647247,1156
3555704400,0.1755485893416928,0.16173492318556626,7253
3555813551,4.146125714285715,1.638244143076453,11962
3556391886,9.223446956383928,2.3246838034866637,6952
3556950288,7.723830967741936,2.166058472606275,7528
3557097226,0.0,0.0,14530
3557435594,6.592741935483871,2.02719278249217,4667
3557507745,3.017274179104478,1.3906036077415709,7701
3557702212,1.2721970187945562,0.8207472131180191,6762
3558108513,9.646287425149701,2.365211232803333,12498
3558544964,180.26066433505565,5.199936129714565,2511
3558938149,6.179509034042553,1.9712310010623257,2494
3559028128,27.08235294117647,3.3351413698485137,13377
3559098492,0.372333,0.31651221122431633,947
3559490112,12.064862650602409,2.569926386142912,257
3560077489,2.973684210526316,1.3796936770885386,13763
3560350988,4.218038181818182,1.652121504015895,4247
3560610808,9.920125940199334,2.390607503235542,3196
3560917536,6.287698604651163,1.9861878040875813,8569
3561029932,3.4369199999999998,1.4899604420336403,130
3561125160,7.568661746651786,2.148111564832914,13342
3561125581,5.090397796721311,1.8067133992472415,13540
3561234048,5.611304347826087,1.8887809638711408,3492
3561486587,5.848651323529412,1.9240517458133308,13784
3561630861,10.384615384615385,2.4322629163025784,5115
3562176310,11.352711111111113,2.513875562149193,14548
3562360411,2.2953433960843372,1.1925103798487557,9021
3562390594,10.953331888549618,2.481010058640182,7915
3562603181,10.296949655172414,2.424532747257249,303
3562627319,7.397846153846154,2.1279752627141275,11075
3563083574,8.027142857142858,2.2002359117300507,9987
3563150656,1.2522985917721519,0.8119512910850906,10651
3563379391,3.830680711111111,1.574987391711677,10379
3563411420,7.003880597014925,2.0799264986960364,10067
3563659526,10.534646739130435,2.44535526602719,3769
3563916166,11.0,2.4849066497880004,1265
3564493832,5.83196493442623,1.9216123239242433,10524
3564985021,9.402615846153846,2.342057298189191,10375
3565290011,11.506666666666666,2.526261835469914,243
3565442340,10.57032,2.44844319855864,9756
3565628666,6.534992479591837,2.0195578340145017,5167
3565719948,2.175438596491228,1.1554457634312756,1973
3566082790,7.86126108631579,2.181689089286975,3072
3566635425,3.6666666666666665,1.5404450409471488,1070
3567165274,7.772125909090909,2.1715791839741665,3588
3567599499,14.388848099999999,2.733643097746145,7390
3567740000,9.325503343409363,2.334616887625864,11480
3567922002,2.6389913023255813,1.2917065284995437,4958
3567932954,9.04,2.306577114263583,9872
3568262517,10.992008297872342,2.4842404527507194,10673
3568272605,6.223736252459016,1.9773723055449446,549
3569170729,6.76643625,2.0498114040814857,6636
3570126284,7.68372404973357,2.161450474649516,8953
3570172233,5.027468737864078,1.7963271444755957,146
3570542698,5.64493576731794,1.8938550258006475,4621
3570661840,8.901960784313726,2.292732796551034,13893
3570895488,5.690011999999999,1.9006156678605013,1169
3571526284,3.3120581123595505,1.4614153104081726,4867
3571612930,8.446132137931034,2.2456053601471013,14272
3573168103,4.010380622837371,1.6115118848332295,6497
3573228886,0.8113184210526316,0.5940549895376915,4270
3573970357,9.863636363636363,2.385421098573195,13387
3574247246,6.135902361904762,1.9651387127155993,5467
3574866533,5.763628611643331,1.9115595229120168,3921
3576378464,10.7362155186722,2.4626794045671074,6062
3576620050,7.537035967741937,2.14441387117871,11438
3576821622,14.06769143478261,2.7125528114400375,13620
3577273021,3.5129307234782607,1.506946770290143,10376
3577398570,6.434405228571428,2.0061185805550834,8009
3577457654,9.57098743718593,2.3581132143633368,5036
3577673871,1.6087367323943662,0.958866093586802,13744
3577818667,5.868434025,1.926936136291842,5326
3578318389,13.650077915632755,2.684445653922159,9004
3578436414,7.068965517241379,2.0880252853712276,3117
3578758496,6.615384615384615,2.030170492673053,619
3578790311,7.73189297260274,2.166982181695808,181
3579051883,3.375,1.4759065198095778,14579
3579156210,7.869376359375,2.1826044848728077,2602
3579444471,6.570582352941177,2.024269993544786,14266
3579487270,4.142956903898459,1.6376281871929141,4121
3579579076,11.89161,2.556576712176964,1193
3580099228,7.5,2.1400661634962708,13985
3580749315,4.3610696,1.679163507413617,11637
3580963930,7.75,2.169053700369523,5087
3582644449,6.40633668161435,2.0023359421135787,9284
3583356800,11.89161,2.556576712176964,5491
3583668639,3.1085032,1.4130587772618701,12972
3583724521,2.8366676949557523,1.3446042020819147,8752
3584136100,6.987482573726542,2.0778756380081957,2191
3585061855,7.227392016393443,2.1074690770325395,6004
3585158381,5.801324503311259,1.917117373113634,5157
3585200930,3.5,1.5040773967762742,9535
3585416094,3.75379914893617,1.558944119188988,3150
3586454996,10.51063829787234,2.443271677136423,13399
3586482908,8.910533333333333,2.293598164586343,11295
3586623086,7.9541481873727085,2.192116909533592,734
3587028150,1.0,0.6931471805599453,6109
3587136006,4.982054391143911,1.788764052634476,10294
3587509181,6.69571929328622,2.0406642383331035,1294
3588144270,9.466604210526315,2.348189637081127,7040
3588302403,9.925698924731183,2.391117713739123,4366
3588412017,7.072204725000001,2.0884266450934152,9465
3589017978,8.35143633738602,2.2355299504741764,1966
3589199153,7.861128655214724,2.181674144225615,9762
3589494366,5.476666666666667,1.868205974721239,9899
3589799600,8.510468571428571,2.2523931467870946,14478
3589814856,5.725348668493151,1.9058837707599954,6765
3589987693,7.5667690206185565,2.1478906510938156,10668
3590009865,3.7004172,1.5476512707339953,6026
3590462712,4.392586436170213,1.685025128113345,3304
3590508959,7.745220727272727,2.168507348549142,9363
3591390338,8.007578904382472,2.198066323455474,7938
3591597692,3.1762547191011237,1.4294148446734942,12623
3591942732,8.210713753846154,2.220367344967589,5808
3592244407,7.7782656421514815,2.1722788530719317,8840
3592246139,9.938994850393701,2.3923339143809565,9567
3593125901,5.945805000000001,1.9381378802163198,7447
3593142209,11.737971627906976,2.544587424588158,14618
3593780973,6.498146341463415,2.0146558355230204,7314
3593886569,11.468500280898876,2.5232054862924995,10452
3594239409,3.325894191176471,1.4646188684190942,7173
3594381489,7.892919228557739,2.185255367789698,11963
3594926947,5.925299354838709,1.935181279274647,6898
3595590719,7.0,2.0794415416798357,10550
3595903262,9.909675,2.3896500102170384,3785
3596164189,7.417894402173913,2.1303597259805462,3240
3596263063,7.590599384615385,2.150668510583442,3498
3596527231,7.806243654822335,2.1754609761334183,4400
3596847215,3.5479083333333334,1.5146674203055133,943
3597440161,11.911354166666667,2.5581070922056024,2313
3597471748,4.931559781651376,1.780287210741649,1799
3597814202,0.20645156250000002,0.18768345815726434,8530
3597989414,3.96387,1.6021856784418196,13455
3598220815,9.04381694117647,2.3069572154399287,14400
3598382639,4.217165149544863,1.651954179576182,13459
3598693809,0.0,0.0,6215
3599074382,0.0,0.0,486
3599116033,4.75,1.749199854809259,4463
3599239054,0.22978452722063036,0.2068389729168824,874
3600123642,9.569342727272728,2.3579576150984503,802
3600521427,8.0,2.1972245773362196,2833
3601255133,2.1666666666666665,1.1526795099383853,8639
3601316078,2.9056603773584904,1.3624268797132473,6613
3601643160,3.3488194444444446,1.4699044161853605,6334
3601882904,7.00473,2.0800326169604197,10856
3602154852,6.754385964912281,2.048258614243148,621
3602202042,5.3452469135802465,1.8477060150790525,7181
3602308506,6.199876354285714,1.9740638528586787,10691
3602453040,6.256666666666667,1.9819205865783465,2039
3603691472,4.711553816793892,1.7424911086798887,13655
3603769823,2.1935794183445187,1.1611423624575896,4790
3604154125,10.031578947368422,2.4007619732804466,807
3605451034,2.3275862068965516,1.2022471783584663,9309
3605554779,6.00920603773585,1.947224433253321,11673
3605588810,3.0,1.3862943611198906,12259
3605590544,2.119419982122905,1.13764708137352,13018
3606007795,13.081289403141362,2.6448469234646392,9167
3606367432,4.601853956824513,1.723097606670266,8848
3606418875,4.418897142857142,1.6898923155692094,2442
3606874868,5.8618421052631575,1.925975934154496,1211
3607157593,6.219188571428571,1.9767425603601996,10441
3607275815,5.8914537000000005,1.9302820497085442,4707
3607618714,9.951686746987951,2.393493485220258,11512
3607760348,9.723573943661972,2.3724444903474446,1545
3607839254,5.545561739130434,1.8787872228951803,7643
3607923183,6.63265306122449,2.0324354993039053,1107
3608022027,8.707272727272727,2.2728753702736695,1337
3608742299,10.08171796875,2.4052967206311497,1067
3608758440,12.880544746153847,2.6304882011495767,8415
3608811807,9.567642162162162,2.3577967061397573,2860
3609103904,9.99,2.39698576841553,1567
3609201415,6.292952112676057,1.986908417776789,1219
3609284021,7.136160714285714,2.0963184120277734,8942
3609597977,6.260517575757576,1.982451117722255,2737
3610003932,2.6429066177777782,1.292781884367604,8546
3610056431,4.6746203571428575,1.7360036637099734,2599
3610467021,7.429552055440415,2.1317436336435134,10387
3610504024,6.10330470967742,1.9605601278252995,12266
3610980775,3.7264935064935063,1.5531835970314127,5729
3612013983,10.756808510638297,2.4644325204890625,13375
3612036594,7.339187001934236,2.1209657298365316,8974
3612336084,3.141632024634334,1.4210899190062019,10952
3612620259,3.635796625,1.5338080558784926,6246
3612949834,5.29943066740947,1.8404592590613846,7125
3613015354,9.931664275466284,2.3916635573368685,7120
3613319109,0.0,0.0,10942
3613858806,7.47475,2.13709115430635,3195
3613978733,8.008674242424242,2.1981879178884776,12832
3613995802,7.5,2.1400661634962708,5912
3614408795,7.0,2.0794415416798357,42
3614598954,8.822441840707965,2.2846697514055077,11767
3614977387,6.201238390092879,1.9742530098559532,5225
3615540776,10.502156862745098,2.442534571065469,8116
3615556655,6.5932371000000005,2.027257995872901,476
3616068639,7.144354245,2.0973249565291647,9633
3616431891,7.92,2.188295946591918,10853
3617786541,5.005357411764707,1.7926519727890207,1184
3617796273,0.0,0.0,5619
3617822599,8.82816705882353,2.2852524527667564,2677
3617838156,12.432105263157894,2.597647756489462,9659
3618167750,8.608247422680412,2.262621836182208,10496
3618192900,7.759107272727272,2.1700939902491543,7214
3619163945,6.083544303797469,1.9577743903243048,1685
3619581512,0.9631937722419929,0.6745726227211047,12604
3620206081,9.56360347826087,2.357414458541183,13433
3620481285,1.0,0.6931471805599453,4692
3620581693,3.9583800769230773,1.6010790899977512,5683
3621217016,60.81389533678757,4.124128182827442,11304
3621264067,5.6928585134210525,1.9010410644091902,3057
3621468477,1.9222457627118645,1.072352417495919,6644
3621485059,8.369565217391305,2.237466693614653,13911
3621581042,2.253092,1.179605928677526,12886
3621858881,8.960541428571428,2.2986314304173754,5338
3621864424,10.534783663366337,2.4453671366484855,7866
3621969842,10.0,2.3978952727983707,10931
3622063767,7.371584699453552,2.124843197459116,9035
3622332146,5.153031,1.8169448059384132,11740
3623569396,7.807198115454545,2.1755693547962136,8324
3623599263,19.10030544198895,3.0007350110684237,7049
3624792520,6.502961252513968,2.015297776284492,12994
3625341611,10.444444444444445,2.4375044108934163,9488
3625735354,8.467024598965072,2.247814665534112,9708
3625905148,1.1671153846153846,0.7733969673828307,12336
3626042464,9.283756211538462,2.3305655835157433,496
3626222804,15.194835000000001,2.78469236424166,7968
3626241883,9.22711934117647,2.3250429509820028,1715
3626292482,6.167250034482758,1.969522043313079,9739
3626321530,1.2962962962962963,0.8312975190407624,8154
3626453651,7.291180285714286,2.1151923336467076,8614
3626712209,5.09433962264151,1.8073604096705347,7041
3627333386,6.512058947368422,2.016509588968946,6387
3627677818,3.9705882352941178,1.6035381903069121,13731
3627746212,9.249030000000001,2.3271830669599827,413
3627940861,2.1923452609271523,1.1607558381890721,14141
3628046780,8.965384615384615,2.2991175495465823,2940
3628676124,0.1899853,0.17394095410596336,6035
3628904205,7.373221538461538,2.1250387015443755,5445
3629067607,9.885061728395062,2.387391365630014,5218
3629501958,13.353115660457691,2.6639670378343268,8983
3629524553,11.253948024948025,2.505848172818054,4372
3629735373,0.13104171305903398,0.12313907802684927,10707
3629813081,12.9600525,2.6361998580721404,1484
3630008610,10.734489863013698,2.462532356948934,1015
3630152456,7.523662032786884,2.1428460645515623,6860
3630990590,2.68690768,1.304788079611152,572
3631055518,8.901321315789474,2.292668214476079,295
3631510378,30.0,3.4339872044851463,13176
3632178472,3.4369199999999998,1.4899604420336403,4258
3632251307,14.999,2.772526220286575,7602
3632448179,1.6343816512866016,0.9686484870111979,7710
3632513795,4.713232560000001,1.7427849860729225,7747
3632665689,13.72,2.6892071133007303,2270
3632701141,13.395175384615385,2.6668931077075553,3525
3633183931,9.483975903614459,2.3498479870623394,14237
3633931064,25.120689655172413,3.26272770739705,11322
3634005973,5.033514313636363,1.7973296458890862,891
3634403148,5.771304347826088,1.9126937342196904,2648
3634593539,9.881081081081081,2.3870256005614667,14527
3635389126,14.24309189189189,2.7241264097265265,3960
3635592555,6.13773953271028,1.965396134168264,7145
3635802214,6.528445883441258,2.0186886305292187,12827
3635991868,4.421905033425415,1.6904472358779739,9768
3636057458,6.762156100558659,2.049260143612654,9794
3636468098,4.641797970731708,1.730202803844335,2914
3637191558,9.516679518344308,2.3529625223479353,4052
3637207343,7.069046815642458,2.0880353607633393,11108
3637552339,6.465333333333334,2.010270082818537,4215
3637560010,10.729109999999999,2.4620737859590274,7716
3637621755,3.4369199999999998,1.4899604420336403,6018
3637878466,5.459480029411765,1.8655488237518196,3514
3637880815,8.27306603773585,2.2271140732998864,4573
3638055539,1.006578947368421,0.6964312557611353,9467
3638158437,3.9885244444444448,1.6071401635186744,11483
3638495807,11.123794838709678,2.495170037137968,1138
3638815790,3.7201768623853213,1.551846269739797,12362
3638887590,8.035846285714285,2.2011995871412626,523
3639227143,11.577464788732394,2.5319067038351837,5902
3639724074,9.39141925925926,2.3409803943636565,8351
3639991731,0.0,0.0,10702
3640285057,10.533688524590165,2.4452721898511363,10030
3640344861,5.7452991044776125,1.908845833298855,7537
3640564007,9.84515873015873,2.3837187804242626,2864
3641288548,13.626879387042255,2.682860889958754,4506
3641307085,8.780415430267063,2.280381960677001,12756
3641733581,9.825,2.3818582738885534,12998
3641876479,5.945805000000001,1.9381378802163198,3656
3642949457,8.831460674157304,2.285587516625475,14565
3643347796,8.244187524115755,2.2239949782422643,2153
3644049162,4.143049915094339,1.6376462721888743,8218
3644601365,8.93288590604027,2.295851060812702,6033
3644632856,6.4423076923076925,2.0071809744483544,5449
3645068339,7.79513316211878,2.1741985187365036,9648
3645126948,6.606450000000001,2.028996571573997,6635
3645484748,14.679614076923077,2.7523614021782405,5410
3645553337,13.141242937853107,2.6490955588579452,6817
3646006909,1.8155339805825244,1.035151934750884,4398
3646459725,11.4564,2.522234547053978,1706
3646595551,26.248796680497925,3.3050093616203995,3872
3646724660,1.862010686746988,1.0515244151409104,2994
3646959340,6.169752457627119,1.9698711292773383,5430
3647005132,10.080244265625,2.4051637267101618,11171
3647044275,6.287243114285715,1.98612530087153,13999
3647262111,3.571054054054054,1.519743824712646,8934
3647663176,9.229755178907721,2.325300647996593,12377
3648338468,6.588434947368421,2.026625370852843,6747
3648395603,8.406081981059604,2.2413564993109,2883
3648797684,3.7436550000000004,1.556807935610812,6967
3648923249,6.366655625,1.996963820985696,4395
3649221706,3.9759036144578315,1.6046069851644347,6057
3649434007,3.4048626923076926,1.4827090880300606,12968
3649578276,7.796666666666667,2.174372861847123,4256
3650408904,3.851260056818182,1.5792384767353016,9381
3650991821,0.0,0.0,6354
3651126641,5.851095927272727,1.9244086288600775,8043
3651188913,7.529431119617225,2.143522667558286,6589
3651517673,11.39155245283019,2.517014986648156,7084
3651528608,0.0,0.0,11807
3651575165,0.088190989272944,0.08451667463928689,3368
3651988532,5.220849424778762,1.8279064608964006,12365
3652087373,10.662625247883918,2.4563893054841914,12605
3652090629,5.705357142857143,1.9029067804690403,14034
3652934519,11.533713128834355,2.528422064101146,10465
3653021848,9.107838000000001,2.313311162488137,5610
3653193921,1.4798448,0.9081959775734793,9267
3653377392,0.024351585014409222,0.024059812428632844,3364
3653847465,11.551377825,2.529830446404247,8521
3654398290,6.94982491807229,2.0731499055397444,5691
3654753343,3.884590586718246,1.5860854716893755,3230
3654778075,499.94310375000003,6.216492529266569,14247
3654794676,3.7685009485714285,1.5620319889613,7175
3654822603,7.653879601744187,2.158007729265908,4895
3655402879,9.725151515151515,2.372591592001146,632
3655539578,10.096799628169013,2.4066567449589957,3134
3655654040,9.048121520547946,2.3073857036562884,10353
3655768339,8.0,2.1972245773362196,2854
3655967176,13.703125,2.6880600562257078,3861
3656397832,0.0,0.0,6025
3656465136,6.773701898734178,2.0507464857640354,6842
3656641786,4.58256,1.7196474525472347,12447
3656999919,7.800102127659574,2.174763326832679,11416
3657193331,7.0,2.0794415416798357,10022
3657203892,9.668359107025607,2.367282267829104,83
3657214834,11.546179775280898,2.52941621886257,4976
3657836234,11.64268395,2.5370787039946836,4439
3658282642,5.6705361199999995,1.8977002345085034,13508
3658334212,3.2857142857142856,1.455287232606842,7444
3658340361,3.423925973534972,1.4870275311539454,10087
3658985110,10.0,2.3978952727983707,5383
3659286538,8.455556413793104,2.246602549008533,8330
3660275060,9.414580529729731,2.3432067983118117,10672
3660791908,7.386027996291561,2.126566987198944,7475
3660804593,2.954776857142857,1.3749241791836402,13011
3661356163,5.088701298701299,1.8064348075357046,10572
3661543231,3.4369199999999998,1.4899604420336403,6410
3661736494,8.186118545454546,2.217693490833891,4823
3661739219,2.0047158620689656,1.1001830084646351,6120
3661974514,7.296842762834645,2.115875052415994,8755
3662121243,0.0,0.0,1008
3662412800,0.0,0.0,14143
3662461004,7.296650740778443,2.1158519081569303,6543
3662974135,2.9830603448275865,1.3820504546816716,1415
3663104037,11.987672886695279,2.56400066811309,915
3663411107,8.429809358752166,2.243875879977826,6463
3663435585,16.192934016,2.8444984863893636,2641
3663828575,11.144350874035991,2.4968641130254103,2527
3663829575,5.358070153846154,1.8497248963764876,3004
3664659058,6.711373886863271,2.042696367143023,7682
3664777606,6.889583571428572,2.065543354178288,1969
3665199618,9.716049382716049,2.3717425599879114,229
3666095008,9.12893282134063,2.315395964373517,4998
3666528822,13.912953716900617,2.7022302122353357,8579
3666749041,4.8315171,1.7632771894948354,4394
3667107756,8.520984615384616,2.2534982694409544,3622
3667524052,7.144261241970021,2.0973135371387257,13897
3667929283,1.9819349999999998,1.0925724186536039,4662
3668572623,7.831214622754492,2.1782925615266957,13891
3668602961,9.917324573684212,2.3903509378888947,12816
3668606692,0.9909675,0.6886207014932803,14505
3668712665,9.299107142857142,2.332057206318714,3291
3668961422,12.40114706456693,2.595340305126591,11945
3669848202,4.9299445408891005,1.7800148606706399,12844
3669994862,8.602015113350125,2.2619729840869023,5227
3671088407,3.0437943087414756,1.3971834365465108,10630
3672027692,9.330884207407408,2.3351378755388295,5790
3672164255,0.0,0.0,8288
3672195269,9.809619238476953,2.3804364079481566,7509
3672468206,4.694056578947369,1.7394229253971647,12228
3672515349,3.811459800911854,1.5710005309860788,4008
3672817571,7.844947911764705,2.1798464385909835,7401
3672851132,9.271929824561404,2.329414915203222,7713
3673194360,7.7953488372093025,2.1742230405307947,14585
3673514946,0.05565862348178138,0.054164859802008844,11393
3674001986,9.163921,2.3188442928972117,9442
3674034314,476.4329004923077,6.16842362751737,9244
3674109500,4.084391380645161,1.6261753331818776,13465
3674184569,11.19217391304348,2.500794263363836,3133
3674266750,10.284722727272728,2.423449839943081,10567
3675569788,7.832780044692736,2.1784698059124437,7268
3675799959,4.654096119402985,1.7323802593750364,7591
3675830949,8.2944336,2.229415683329645,6803
3676991703,11.125743520312499,2.4953307562063616,12871
3677205036,5.225709566666667,1.8286874224679102,5791
3677476066,5.895704627368421,1.9308986999858804,9725
3677566035,93.44791409836066,4.548048508985391,6060
3677823760,4.952810981595092,1.7838635418773159,4005
3678213206,9.42328,2.344041766063254,2269
3678397443,6.389335917312661,2.0000378685829605,11428
3678521682,1.0408780800000001,0.7133801466196644,8488
3678645060,14.200210793357936,2.721309295740146,4953
3678725113,3.0476555801104976,1.3981378444005204,11422
3678798909,4.166666666666667,1.6422277352570913,481
3679007334,7.561224,2.147243170585667,5820
3679527360,11.745255821370968,2.5451591099193727,3859
3679632727,8.666666666666666,2.268683541318364,7129
3679899539,7.98547698630137,2.19560960578265,9136
3680034284,5.170587610619469,1.8197940701118165,10718
3680072020,8.583106267029972,2.260001784419412,12941
3680325265,17.1731436,2.8999448779002934,9032
3680490341,4.72080056,1.7441087536404516,9558
3680877311,4.766680714285714,1.7520966488359595,6856
3680930335,7.339447700534759,2.1209969912203555,1123
3681624280,5.330711440333661,1.8454126216784565,3754
3682047653,0.0,0.0,2561
3682110143,5.5369127516778525,1.8774649976970759,1191
3682614891,7.629370629370629,2.155171574205426,7262
3682760559,3.6818181818181817,1.5436865348713198,13615
3682880839,4.2709090909090905,1.6622028506951387,8899
3682983130,3.6505362371681414,1.5369825327715514,10610
3683179990,5.311388888888889,1.8423557615068018,10712
3683409508,10.379679144385026,2.4318292336069485,10780
3683497802,5.0,1.791759469228055,6414
3683793027,5.059573902439024,1.8016394844802652,6568
3685046008,6.87384,2.063545872274451,9961
3685138152,3.554899285714286,1.516203419757111,7312
3685324729,8.01948,2.1993866827453203,2698
3685639116,4.150597377049181,1.6391127034922122,11397
3685912498,3.1326518609154927,1.418919297990785,1758
3686023911,2.383433908045977,1.2188911428939149,7733
3686345767,8.871819244247789,2.289684157052918,5061
3686446199,5.121212121212121,1.8117601359347244,6081
3686588310,6.415597,2.0035854848236534,10914
3687539128,5.907395008787346,1.932592578103444,11162
3687973853,0.46683568281938326,0.3831074839026278,444
3688059206,5.566731455172413,1.8820162132970726,9332
3688173547,0.0,0.0,1782
3688440761,10.056485,2.4030171336463724,4074
3688688066,8.236863467468563,2.2232023764542,12092
3688700830,9.215150769230771,2.323871987752516,3151
3688838264,8.735505,2.275779512157712,6080
3689085597,6.890687647058823,2.065683285313408,13986
3689391268,4.6480464687500005,1.7313097276269964,4184
3689692958,5.0,1.791759469228055,7344
3690100756,7.763579727272727,2.170604466141645,13688
3690346017,9.594735,2.3603571796094442,6276
3690442021,10.87088746535433,2.4740889712315286,5194
3690534117,10.233814029850747,2.4189283397495,2347
3691004243,6.0,1.9459101490553132,7556
3691202798,52.67792597273209,3.983001855045395,8439
3691317980,5.194018771331058,1.8235841121132672,1202
3691401594,6.606450000000001,2.028996571573997,9355
3691598736,4.833333333333333,1.7635885922613586,9579
3691849149,14.1085566,2.7152612455801077,4312
3692047951,10.88358,2.475157615340018,5346
3692096921,7.09375,2.0910921588998113,12521
3692487741,5.545304878048781,1.8787479801025988,11462
3692678916,7.125005055432373,2.094946350422669,9077
3693436069,9.616666666666667,2.362425093350063,10591
3693462887,5.0,1.791759469228055,8036
3693539625,2.64258,1.292692221783584,12916
3693939990,8.867511019108282,2.2892476452614403,1451
3693998205,8.742115027829314,2.276458242728862,12838
3694415996,15.061971830985916,2.7764544799972017,9232
3694444284,6.72972972972973,2.045073898175628,7324
3694488463,8.782533936651584,2.2805985442148984,12292
3694786406,8.30848586102719,2.2309264422972745,13609
3694833057,10.266365688487584,2.4218217994244737,5249
3694888307,9.564825870646766,2.3575301692139523,629
3695428526,8.121769285714286,2.2106637858971183,7838
3695544898,7.007904255319148,2.0804290858124665,1141
3696243615,3.884070306122449,1.585978951337815,5973
3696440742,8.545555555555556,2.256075659313746,6209
3696810683,10.202640225,2.416149484895067,10374
3697020787,5.0731394142857145,1.8038756730632257,1733
3698434841,11.735909822866345,2.5444255485859384,4009
3698602197,8.073546092220829,2.2053631570922856,5631
3699064676,3.5782026342217486,1.5213064831593224,7370
3699246648,8.221234567901234,2.2215089296784405,714
3701385695,8.0,2.1972245773362196,4791
3701501014,11.32421076923077,2.5115656829275785,12384
3701732973,8.12032967032967,2.2105059514953784,13489
3702408254,0.8141514418604652,0.5956178332471082,7912
3702660932,8.639892915254238,2.2659100001846393,3576
3703050279,6.627465806451613,2.031755654668664,1818
3703097677,0.0,0.0,8489
3703605833,2.9789634633027524,1.3810213490208167,1149
3703705203,8.797555555555556,2.282132921456339,1606
3703785102,7.152509189189189,2.0983257558428225,8162
3705276301,5.082726850251256,1.8054530905413209,872
3705733083,10.166900924369749,2.412954128244638,14630
3706231168,3.333098591549296,1.466282896145184,2911
3706231859,8.129417376923076,2.211501878432999,3226
3707296509,8.157894736842104,2.2146163200480884,10407
3708091240,5.404624277456647,1.85702027280945,14088
3708447473,0.0,0.0,12231
3709190902,6.673862755102041,2.0378201072632223,7738
3709497086,7.92774,2.1891632833511063,12674
3710147522,6.288567391304348,1.9863070097407238,10493
3710327241,7.9067105263157895,2.1868049843500135,2945
3711068418,5.8839732,1.9291959852562994,12007
3711364780,9.732694684796044,2.3732946606954557,12637
3712826213,2.9582414273504276,1.3757998426294689,6900
3713476573,2.535187903448276,1.2627664530838785,4567
3713601500,106.01804295188285,4.672997445964719,1775
3714025877,5.172889781659388,1.8201670883454066,1063
3714062611,8.102167171052631,2.2085125358345605,2855
3714321429,8.922875816993464,2.2948427801902325,1340
3714364277,9.356060000000001,2.3375718556152654,5951
3714390041,10.859557611940298,2.4731340920256812,2738
3714417176,7.845141730526317,2.1798683512851005,240
3715492069,0.0,0.0,11989
3715518242,0.0,0.0,9093
3715671465,8.01948,2.1993866827453203,4300
3715819924,4.5111452359550555,1.7067724483834659,12079
3715985586,10.205825301724138,2.4164337593128566,12857
3716161683,6.431704995836802,2.0057553069450322,3724
3716739749,872.3081081081081,6.772288423824209,13086
3717986921,11.032795031055901,2.487635841408836,13962
3718025698,4.684394666666666,1.7377246424947987,2013
3719801621,9.221864951768488,2.3245290487315686,4935
3720237208,9.980825688073395,2.3961506325321476,9250
3720251799,8.5,2.2512917986064953,1065
3720569208,4.110169491525424,1.6312325722615206,11140
3720751747,9.0,2.302585092994046,4861
3720848353,4.947019867549669,1.7828902314872752,4090
3721136486,3.572337164750958,1.5200244887845689,1043
3721179889,3.8688826229508195,1.5828644698963927,5890
3721188629,3.648346414440433,1.5365115465573507,9747
3721244790,10.247126762589927,2.4201126971496856,5591
3721753030,8.159278849120879,2.2147674473248937,12996
3722157177,4.921452697297298,1.7785818068501655,3253
3722200386,8.315068493150685,2.2316333570217615,8018
3723567550,6.071125807643312,1.9560197045219958,3858
3724156439,9.072508383233533,2.3098097703722753,3447
3724627179,11.574405000000002,2.5316633987629813,8865
3724649159,6.984984179104478,2.0775628003380846,3962
3724816129,5.971098265895954,1.9417727827893518,5440
3725207183,9.31931695135135,2.3340175709784092,4410
3725298324,9.8959115625,2.3883876328635716,1176
3725834611,13.1996871,2.6532199291531686,6668
3727173248,3.852589641434263,1.5795125091380584,4401
3727263392,3.6120689655172415,1.528676555789642,757
3727664924,7.159235668789809,2.0991504965484262,4472
3728023597,9.865531914893618,2.3855955692420916,3673
3728912415,8.215555555555556,2.220892877482016,5559
3729116908,5.606554864864865,1.8880623175171127,9069
3729428059,2.1316576086956522,1.1415624518128227,1596
3729495932,9.309088636363636,2.333025898036703,2668
3729516501,2.0219449043109727,1.1059006321525753,11839
3730166214,9.736856060606062,2.3736823144392605,9379
3730836951,7.01415873015873,2.0812098186260815,1540
3730855756,4.053122701986755,1.620006409012521,9999
3731159934,3.3448275862068964,1.468986076965004,14099
3731216451,3.1735657009345792,1.428770754591496,10114
3731352665,2.0,1.0986122886681098,12386
3731427167,10.08985090909091,2.4060303575470123,1718
3731459516,0.0,0.0,1528
3731726121,9.678231707317073,2.368207249347815,3565
3731930501,9.281546829268292,2.330350718480758,7153
3732509924,11.89161,2.556576712176964,2346
3732867097,4.4817073170731705,1.701416606647422,912
3733072574,2.3468834688346885,1.2080296050215504,4892
3733463600,12.60204,2.6102197814931314,3899
3733613629,14.923995862068967,2.7678271452830363,12370
3733737695,2.3222990255874674,1.2006570208630092,9283
3734240765,6.475356521739131,2.0116118133553065,14388
3734396011,10.781290714285715,2.4665127404968032,10559
3734583605,11.059273422562141,2.4898339425987284,6643
3734676906,17.895321111111112,2.938914331158826,4301
3735016476,5.716138712446352,1.9045133930291547,9632
3735082864,0.027450980392156862,0.027080958602670614,10020
3735401666,10.052117263843648,2.402622017197033,6113
3735425943,0.0,0.0,2185
3736308417,6.644580378082193,2.0339969494615464,1192
3736431162,10.368596335877863,2.430854846832563,12141
3736524223,1.14564,0.76343787617538,9826
3736691407,9.540562248995984,2.3552308859974787,11286
3737023303,5.261904761904762,1.8344844138943963,13159
3737334332,3.2774536263736262,1.4533578854334808,5798
3737483788,6.348551149732621,1.9945031713081969,13915
3737678605,3.4254636,1.4873750413336533,13126
3737986250,4.673828125,1.7358640442465039,4207
3737991064,574.287700052514,6.354870263582485,6455
3737995688,8.266666666666667,2.226423732028482,8516
3738616726,8.01948,2.1993866827453203,7824
3738709406,4.447084628571428,1.6950805350114162,5245
3739351912,7.190626818181818,2.1029904295128916,14089
3739526724,6.188200076117983,1.9724408032748881,4364
3739536296,12.511293103448276,2.603525861932716,8727
3739702851,1.350013695652174,0.8544211560761804,9886
3740401946,9.839348325358852,2.383182876617544,121
3740438840,0.0,0.0,1938
3740765699,5.462247857142857,1.8659772227705456,1559
3741039975,7.840339708333332,2.179325304455689,7142
3741236101,8.031710360655739,2.2007417582038205,6915
3741428482,8.020462105263158,2.1994955639444282,4922
3741465555,9.056754966887418,2.3082445447315414,6956
3741831726,9.872282501886792,2.3862166608643447,9430
3741975443,0.0,0.0,405
3742657952,0.01667625071880391,0.016538728843305657,12524
3742900761,4.148236046511628,1.6386541407634416,3890
3742963565,11.755796356862746,2.5459857845223173,2659
3743166460,5.851851851851852,1.9245189590739957,5543
3743379456,11.418472057125891,2.5191850461617173,12783
3743527745,14.137554585152838,2.7171787148283055,5928
3743749413,0.057206537890044575,0.05563008788517927,2381
3743914773,8.881612459893049,2.2906757028859963,3094
3743958970,5.291047894736842,1.8391276537741152,8305
3744013653,4.71578947368421,1.7432324283333944,3347
3744657008,9.203955254237288,2.3227754151501236,12618
3744710541,7.979297052154195,2.1949215999799923,7393
3744952273,4.139086886956521,1.6368754152336797,12760
3745310485,3.899735474157304,1.589181218793489,11756
3745332572,7.39222570212766,2.127305765647451,7132
3745389519,6.542877333333333,2.020603718420997,3177
3745823548,11.67539890909091,2.5396630210996363,6883
3745833035,8.344460431654676,2.234783700519841,11004
3745837637,2.29128,1.191276546864698,13045
3746272426,5.8545573529411765,1.924913738054258,2320
3746631717,5.403545341246291,1.856851796556398,1816
3746959722,4.241088548089888,1.656529214943455,1954
3746993799,4.450370769230769,1.695683637412663,2548
3747430887,5.885616183206107,1.9294346246475231,7626
3748070091,5.898496240601504,1.9313034517069716,315
3748152172,15.85548,2.8246758264769087,7803
3748196749,9.507466666666666,2.3520861155548833,12965
3748325446,5.411276303754267,1.8580583624626643,11907
3748366461,2.464864864864865,1.2426736318423452,949
3748906900,0.0,0.0,8277
3749199772,0.0,0.0,7399
3749339679,6.8738399999999995,2.063545872274451,11210
3749484167,11.968083376205788,2.5624912137931655,2546
3749633049,6.416666666666667,2.0037297199441397,10536
3750985598,9.664187771362588,2.3668911906886234,14589
3751201352,5.496315789473684,1.871235214589397,8588
3751268864,60.25462093862816,4.115039290475059,9408
3751665251,7.372517074468085,2.1249545650353627,10781
3752029276,4.533461142857143,1.7108135045343433,12389
3752471051,8.02989490909091,2.2005407293867436,4805
3752516146,12.29546028169014,2.587422644756863,10313
3752615506,8.875162337662339,2.2900227499090082,10773
3752645725,3.619180909090909,1.5302173969709263,9669
3752710196,6.8738399999999995,2.063545872274451,9197
3753082434,10.311679370057144,2.425835764521354,14432
3753896116,2.5981308411214954,1.280414499825878,11964
3754080784,10.51175634746922,2.443368804269806,6736
3754157331,4.892446229508196,1.7736712305439506,11561
3754261674,3.96387,1.6021856784418196,14222
3754280070,5.91914,1.9342914844498478,7939
3754363162,13.282608695652174,2.6590426219955154,1007
3754509322,0.0,0.0,7888
3754552524,10.211741341558442,2.416961563250348,12427
3755351922,4.346116568181818,1.676370422226822,3599
3755444120,22.496713302127656,3.156860551884934,877
3756468522,0.0,0.0,4709
3756526398,13.212900000000001,2.654150002919839,1245
3756861083,7.120481927710843,2.094389503115709,4419
3757178004,3.488372093023256,1.5014900732113232,14214
3757954123,11.456400000000002,2.522234547053978,9658
3758167184,10.382641718418768,2.4320895387022263,2301
3758169265,2.861923076923077,1.351165265869863,3275
3758339196,8.307977900000001,2.230871871135551,6083
3758503137,0.9785330948121646,0.6823557089271809,6123
3759254951,12.196523076923077,2.5799533916321895,5255
3759258432,4.928954423592494,1.7798478776645659,6887
3760135156,4.447460943396226,1.6951496181727947,3193
3760185798,10.28,2.423031246069913,11170
3760300215,8.16630625,2.215534397049618,3739
3760865421,5.91914,1.9342914844498478,7489
3761828143,1.46039983521334,0.9003238713765171,12924
3762272991,1.5457943925233646,0.9344427398134513,6836
3762449574,9.11111111111111,2.3136349291806306,12417
3764060918,1.5605966438781853,0.9402402953511889,337
3765148874,6.2289208633093525,1.97808976684375,3287
3765504105,8.072044709897611,2.205197675312936,942
3765599795,8.086583606557378,2.206798996680734,14424
3765709625,8.076988704318937,2.205742497114823,4949
3765927858,6.589505828728607,2.0267664810835075,14611
3765966218,7.574479338842974,2.1487902727062838,2413
3766388437,2.3257575757575757,1.2016974904888005,778
3766798107,0.5294117647058824,0.4248831939652659,8229
3766901438,83.63448584444444,4.438341817647059,10378
3767020791,6.70091320754717,2.0413389202101553,5165
3767230950,4.683054736842106,1.737488893949421,11183
3767325564,10.297515606936416,2.42458284375279,9566
3767413292,5.390185615384616,1.8547633157585843,4821
3767782468,5.565094322033898,1.8817668750596068,8781
3768085660,5.7282,1.9063076487448751,12415
3768333257,6.224644,1.9774979594281228,5991
3769087773,1.692632850241546,0.9905194696822718,6396
3769737936,763.7829928378378,6.639592124091712,3971
3770200173,4.624515000000001,1.7271347221509121,5587
3770303346,5.7282,1.9063076487448751,7806
3770532879,8.385786802030458,2.2391965026491363,7893
3771010735,3.317517958333333,1.462680690458728,1644
3771017349,2.7128431372549016,1.3117979274010636,4636
3771073274,7.1857848461538465,2.1023990945772155,341
3771554498,9.786756756756755,2.378319155473406,10380
3771647665,10.188295165394402,2.414868157311549,8179
3772412190,9.720930232558139,2.372197927303086,12911
3772623112,10.129089218181818,2.4095623306885834,4694
3773812463,5.853481481481482,1.9247567686328988,9071
3775030297,3.235,1.4433833281040176,11443
3775699060,4.47375,1.699963939133471,2785
3775890968,1.245532316076294,0.8089426049256414,695
3776028565,8.993987053941908,2.301983617538135,3614
3776531753,5.826962068965517,1.9208797823881196,8890
3776600857,9.367628571428572,2.3386883144532145,10420
3776652414,4.643938530909091,1.7305821428804253,4164
3776787923,19.00782173262032,2.9961232837305634,6240
3776885145,0.7157726315789474,0.5398634932071246,5723
3777050867,2.6082695233555766,1.2832283010055783,6617
3778285083,11.8363706,2.552282594753542,1566
3778876242,5.084202379120879,1.8056956379991123,2150
3778924594,13.98094887029703,2.7067793185594606,9196
3779226798,9.952052330097086,2.3935268661063147,12421
3779421606,9.0,2.302585092994046,11605
3779430340,7.5307021182266025,2.1436716697488327,887
3779708995,7.108260869565218,2.092883402414205,8366
3779902318,3.5,1.5040773967762742,6905
3780392251,8.915230421052632,2.2940720013439453,6163
3780555223,4.452619069767442,1.696096056501691,5747
3781124559,3.2242800000000003,1.440848832085804,11173
3781259302,5.7740256,1.9130955335440338,7002
3781400265,8.634592684310018,2.265360026381143,2580
3782360215,14.718609899999999,2.754845354337827,7044
3782630029,7.877187133757962,2.1834847426072512,10350
3782656287,9.73794,2.3737832643520607,7538
3782870952,6.306413632566371,1.9887525422326326,880
3782880318,6.44193140077821,2.007130412034353,5072
3783164289,5.328125,1.8450039837468672,166
3783167875,4.730384516129032,1.745782634256837,1738
3783223301,10.574891937716263,2.4488382640942703,11868
3783546206,8.281617966101695,2.228035881396391,9784
3783686313,12.427476838732396,2.5973031178831167,13757
3783786172,0.10453116357821465,0.099420958580236,14487
3783787017,3.2356924,1.443546809427349,232
3783833513,14.014107765957446,2.7089902768230294,6466
3783840416,10.566844235294118,2.4481427499214017,9484
3783911226,0.47685654135338346,0.3899158704320984,11774
3784439524,9.458149779735683,2.3473815576882107,13549
3784453252,2.992198987341772,1.3843422037354207,5111
3784521160,8.529913663366337,2.2544356581671865,6231
3785249226,5.004809365384616,1.7925607090471192,9383
3785254497,3.6478483980997627,1.5364044024298469,11677
3785718293,2.0,1.0986122886681098,13922
3786057794,3.5551948051948052,1.5162682971288866,4604
3786089168,10.158491392405063,2.4122007679235202,3970
3787352451,6.168674698795181,1.9697207977490319,12075
3787952598,8.178787878787878,2.216895156566711,2005
3788193897,8.01948,2.1993866827453203,7477
3788236420,19.209130434782605,3.0061345040070635,11692
3788458813,7.419384615384615,2.130536739524485,8685
3788591907,4.341381428571429,1.6754843140054856,9534
3788613028,4.2451946625,1.6573123550775732,4296
3788643129,9.910998317460317,2.3897713004671317,3112
3788694969,7.9411764705882355,2.1906671767900603,11616
3788888754,3.974612195121951,1.604347416842984,10365
3788938785,9.16512,2.3189622522245985,3451
3789087325,5.079365079365079,1.8049002627891133,11242
3789537962,6.668697883258499,2.03714683346488,7706
3789587062,8.752178153571428,2.27749066042591,282
3790008172,9.670103092783505,2.3674457271960865,12722
3790194381,5.62079625,1.8902156421721164,8193
3790466909,5.7282,1.9063076487448751,12717
3790565854,9.862466086956521,2.385313368557318,13008
3790752997,5.768397647560976,1.9122643746502175,8862
3790865819,8.350923482849604,2.235475106642545,645
3790869995,421.45219638242895,6.046076295738916,2469
3790893804,10.259622641509434,2.4212231089625256,13116
3791044985,0.0,0.0,7580
3791978370,5.643578863636363,1.8936508037752404,14591
3792382922,2.65192,1.295253056687748,5011
3792639578,5.930371764705883,1.9359134574636372,2524
3793209883,5.46969696969697,1.867129271202199,8568
3793309348,0.1396739178082192,0.13074218447968178,9038
3793582512,9.666666666666666,2.367123614131617,13879
3793699558,3.929054054054054,1.5951470941987254,7727
3793753019,1.2835101253616201,0.8257137877743691,2203
3794001663,8.0,2.1972245773362196,10844
3794252925,0.2600734482758621,0.2311700115468877,6084
3794318402,10.540042816216218,2.4458229713171105,6052
3795272910,4.24,1.6563214983329508,7964
3795325117,10.435858620689656,2.436753911729717,1893
3795988844,8.107715713636365,2.2091219348944646,5704
3796158446,5.431034482758621,1.8611354090973962,8321
3796178095,7.0,2.0794415416798357,2323
3796186868,5.603072983354673,1.8875351442112729,6378
3796542470,9.912037037037036,2.389866495251966,4107
3796851633,8.419322303149606,2.242763143659491,10488
3797177215,11.4564,2.522234547053978,9569
3798217437,13.363904571428572,2.664718432748658,5877
3798255318,6.294363636363636,1.987101945320344,8200
3798516944,8.12992125984252,2.2115570702369953,7965
3798850717,2.0161062931034484,1.1039666925961222,10587
3798995857,1.005758126219909,0.6960221071054223,2181
3799087466,7.34503064516129,2.121666229385221,13837
3799319795,9.430555555555555,2.3447395327480796,563
3799400183,5.661616161616162,1.8963621220227793,7323
3800197111,5.902221265822784,1.9318432823802691,11859
3800388684,0.0,0.0,9662
3800577514,3.741382509090909,1.5563287617645527,6249
3800759496,8.97188872,2.299770006353158,14243
3800816708,8.0,2.1972245773362196,10551
3801120768,7.728385320714286,2.1665803952091647,0
3801351058,7.83505,2.17872676506521,404
3801390550,0.0,0.0,3411
3801654924,8.758549554874042,2.2781437782003273,4407
3801902980,11.4449436,2.5213144038687476,12730
3802298542,6.220125572519084,1.976872345069153,13761
3802589909,12.586865960264902,2.6091035879005897,12212
3802667691,7.290601478048781,2.115122521165276,3044
3803067511,2.64258,1.292692221783584,6078
3803068786,6.105263157894737,1.9608357992719891,6672
3803528061,7.794038035714287,2.1740739959385174,6914
3804036334,8.3899036,2.2396350269267917,14260
3804247382,5.787952988235294,1.9151494216313345,6175
3804345476,8.140350877192983,2.2126987739188166,6089
3805005200,5.428195453315292,1.8606938539648463,8057
3805641841,0.0,0.0,14201
3805733589,13.835249042145595,2.697006041073774,11291
3805747504,4.038529518518519,1.6171142773137,2868
3805863180,10.119819999999999,2.4087291016410646,10627
3805885197,6.286832298507463,1.9860689246326642,5905
3806641434,7.598516129032258,2.151589645236399,7103
3806716846,7.108175454545455,2.0928728680380875,11381
3806978382,6.339622641509434,1.9932874300663246,11124
3807075236,9.7012987012987,2.370365108055788,10483
3807688638,9.11190055319149,2.3137130028220727,6473
3808496451,6.6829,2.038997080051736,1246
3809394872,6.410256410256411,2.0028650419827856,7507
3809408528,5.572727272727272,1.8829288563663484,13447
3809991700,14.303815922330097,2.7281022039899536,10534
3810078121,3.6465296069868995,1.5361206198849595,5256
3811380255,8.451612903225806,2.246185404531921,1345
3811688174,2.421435143884892,1.2300600957682102,7315
3811763017,8.466984609230769,2.2478104414171947,11331
3812447200,60.300905505660374,4.1157946145404125,9607
3812805297,0.0,0.0,8627
3812986939,9.501829655350553,2.351549494873735,1825
3813144217,7.950238021978021,2.1916801265675487,13513
3813463103,0.9743589743589743,0.6802437757240375,9652
3813538235,4.390476190476191,1.6846337280456596,13883
3813722097,10.0,2.3978952727983707,8323
3814394067,1.3355048859934853,0.8482280930124231,984
3814594359,6.656716467391305,2.0355832322422156,2639
3814895244,7.7607118953488365,2.1702771682386826,5377
3815085182,6.914037894736842,2.0686381312682762,2291
3815198830,11.40284012195122,2.517925488477696,9227
3815341428,1.135699611111111,0.7587942797061226,14331
3815986221,9.056609126213592,2.308230042863713,9644
3816708736,7.828539999999999,2.1779896555314453,10342
3816918047,17.019649122807017,2.891462780448278,1346
3817159421,5.051393307692308,1.800288544320171,6855
3817436432,4.354201087500001,1.6778815027604388,13330
3817881770,8.974179999999999,2.299999753883084,7503
3817910360,2.87512704,1.354578446784039,5582
3817957035,8.082542752293579,2.206354192208509,11714
3818494119,9.066198595787363,2.3091831375244745,2812
3818996635,5.191963999040589,1.823252322162092,7825
3819230613,3.0479406323185017,1.3982082659483948,9808
3819805364,9.381,2.3399772122111084,3049
3819890963,5.152391373913043,1.8168408475259186,526
3820334125,2.5997142857142856,1.2808544772331247,5065
3820381435,5.7282,1.9063076487448751,11556
3820539657,10.35319111111111,2.4294988595746796,9079
3821585148,10.839725883116884,2.4714604774240767,7740
3821762704,9.202020202020202,2.3225857597007153,13742
3821964835,5.572538860103627,1.882900190134451,1569
3821967120,11.0,2.4849066497880004,2620
3822018365,7.260066861702128,2.111432682137187,10876
3822604458,7.0677175384615385,2.087870609372694,9258
3822691655,7.521287957746479,2.142567498165967,4265
3823229230,0.0,0.0,10207
3823388731,5.142728093947606,1.8152689584555612,8363
3823436357,0.7943262411347518,0.584629598349352,262
3823452208,7.9785642857142856,2.1948399904356783,7460
3824279452,9.958763742021278,2.394139477896948,10919
3824373263,3.029850746268657,1.3937293396074089,8987
3824395944,5.453982149044586,1.8646973277512295,4429
3824557764,7.470744911434016,2.1366184518374647,3515
3824618231,10.844696969696969,2.4718802543115252,1213
3824718694,8.348837209302326,2.2352519729254587,2160
3825010646,5.936085498742665,1.936737566210609,892
3825671063,8.62406015037594,2.264266228691909,3145
3826689017,5.589570239616613,1.885488132369166,4101
3826762827,8.363636363636363,2.236833715431265,7917
3827731697,8.76865671641791,2.2791789659589887,1432
3828003011,4.361896601273886,1.679317756016103,5626
3828229371,6.828845346534654,2.0578150338073873,4235
3828747060,0.0,0.0,1238
3828790102,5.28516,1.838191299156521,5942
3829384676,159.55240153846157,5.078620378620235,8088
3829418930,5.882684144818976,1.9290087131898124,8733
3829715872,3.7842857142857147,1.5653367377508,9587
3829804077,3.088503711340206,1.4081790623705421,5064
3829902418,7.451612903225806,2.1343572992759507,5081
3830335275,9.386011372549019,2.340459840409879,8240
3830337592,6.679428363636363,2.0385451125712137,9199
3830372704,5.4293373913043474,1.8608714833756919,10221
3831002895,12.669992696941613,2.6152031164958918,13567
3831202088,6.3538002325581395,1.995217218049709,127
3831259124,4.55111,1.7139979077610095,10966
3831623962,4.137153934426229,1.636499216857895,12909
3832417008,10.767567567567568,2.4653472361562225,1208
3833381853,4.693815312244898,1.7393805528266244,7859
3833961061,3.5599956900000005,1.5173216783504095,3014
3834339571,7.213164795918368,2.1057383298092,11071
3834451710,4.241463414634146,1.6566007369441569,2611
3834523694,5.931372549019608,1.9360578526123018,5566
3835036810,6.9771921182266015,2.0765864846588595,509
3835376957,6.751381215469613,2.047871048836635,6164
3835476658,8.018089330024814,2.19923248569665,6812
3835903293,4.6915000000000004,1.7389738337831344,7121
3835909396,8.014860483870969,2.198874380536743,9746
3836263107,4.416099487179487,1.6893759045659842,6824
3836285375,5.617158469945355,1.8896660436543435,1995
3836840255,3.948120545454546,1.5990078166939798,1027
3837231507,10.946069454545455,2.4804023083351896,173
3837764834,3.8437527272727277,1.577689777169215,4223
3838813716,6.035541195476575,1.950974616602007,4344
3838972522,10.007817371937639,2.398605690568048,2064
3839432884,11.738509485094852,2.5446296484090674,2818
3839445331,4.651898734177215,1.7319915478495322,8487
3839666423,10.142864482758622,2.410799336343169,4685
3840695576,7.129833807028754,2.095540481410897,10631
3840865079,9.42718515,2.344416352435075,13151
3841371731,0.0,0.0,5349
3841423394,8.3292,2.2331492662740517,13694
3841437713,4.923358778625954,1.7789036492617538,5552
3841472219,55.84317391304348,4.040296141097162,6364
3841626430,9.021915,2.3047741951605163,1941
3841721866,5.979684230769231,1.943003676606151,689
3841867340,5.646368571428572,1.8940706260276328,7252
3841897757,11.277049017073171,2.5077315857844584,6150
3842178099,3.8028169014084505,1.5692026002422013,14170
3842660019,10.559212048192771,2.4474826990000618,9934
3842929501,9.53388638490566,2.35459733544253,13170
3843969025,5.535942343465909,1.8773165361396484,9172
3844177335,9.984957802325583,2.396526864438716,14358
3844501019,9.898245155709343,2.3886017813849785,12585
3844902242,10.149489138461538,2.4113936796781514,1492
3845282615,0.0,0.0,10431
3845743497,10.0,2.3978952727983707,11362
3845783295,5.068181818181818,1.8030590244819884,14524
3846661807,9.305681818181817,2.3326953759753155,11716
3846924035,7.183860860215054,2.1021640270648008,11752
3847263711,11.773027522935779,2.5473357228329037,2461
3847350053,5.357142857142857,1.8495790401168812,11766
3847580097,6.5610859728506785,2.023014827077641,12091
3847603671,6.87918120240481,2.0642239901466812,8080
3847647272,4.141735961538462,1.6373907581550795,12795
3848180827,11.614457831325302,2.534843603073939,2273
3848235280,5.03251012145749,1.7971631963370247,12018
3848448181,8.361740364963504,2.2366312096331904,4657
3849761345,11.821487215575885,2.551122452219397,5802
3849851196,9.185949818181818,2.3210093019022526,1940
3850135682,6.223684210526316,1.9773651012231996,11943
3850193321,48.42230992034758,3.9004019400660432,8517
3850516876,9.129032258064516,2.3154057814231073,6677
3850961412,5.519110444067797,1.8747379316715391,231
3851027099,1.0,0.6931471805599453,294
3851147195,9.305929648241207,2.33271942359137,10051
3851241935,9.399553571428571,2.3417628794018115,8542
3851461585,9.263317714285714,2.328576151437234,4084
3852141734,9.79896907216495,2.37945067329291,521
3852201776,5.0,1.791759469228055,12699
3852232965,4.604082680412371,1.7234953821868324,12009
3852734114,9.65040594375,2.3655980082130457,1639
3852819546,3.951487118644068,1.599687959470044,10555
3852887970,5.931207408000001,1.9360340271743057,11813
3853297511,8.43102058252427,2.2440043179922227,4508
3853422656,7.205133298701299,2.104759970443154,1826
3853587115,7.75,2.169053700369523,2084
3853958921,7.377202500000001,2.125514028211244,7334
3854053311,0.0,0.0,5519
3854280319,5.7282,1.9063076487448751,4404
3854335671,4.103448275862069,1.6299164437776412,14484
3854845597,6.06916343902439,1.9557421474512333,8169
3855205936,0.34247814290021106,0.29451726637465,8122
3855677616,4.345238095238095,1.6762060888989405,13762
3855804955,7.92774,2.1891632833511063,12127
3855915809,8.633089005235602,2.265203943350325,3103
3856675815,3.5295688243761996,1.5106267527079147,6008
3856758587,4.58256,1.7196474525472347,13585
3856789729,11.253860841121496,2.5058410580386785,12877
3857155930,5.114155251141552,1.8106066158746716,847
3857192095,4.403846153846154,1.6871109507523185,2312
3857398233,1.8597035504998276,1.0507179657879593,6717
3857702933,0.2707876363636364,0.23963689434766922,10983
3858905244,10.668454266666666,2.456888983941024,6581
3859005016,6.202720771881461,1.9744588396249974,7257
3859038540,7.336145379672898,2.1206009248388904,7552
3859247544,5.636363636363637,1.8925641683500207,12982
3859817652,5.133174603174603,1.8137124956947552,4195
3860048281,5.766157951807229,1.9119334150176315,4758
3860140779,4.58256,1.7196474525472347,2111
3860208718,8.305263157894737,2.2305801710371025,3237
3860806257,6.046774383396227,1.9525699778533971,6780
3861145957,1.142757551917949,0.7620935751952409,12061
3861332900,5.2,1.824549292051046,7833
3861628690,10.72730495049505,2.461919879276159,8225
3861674288,4.58256,1.7196474525472347,13809
3861982920,11.968281702127658,2.5625065070635427,5409
3862501153,7.759298121827411,2.170115778659212,2630
3862671519,10.041020408163265,2.4016174648533775,5613
3862773555,4.8371466666666665,1.7642420929689635,7351
3862943194,2.713309005405405,1.3119233943029436,9837
3862995025,4.273302752293578,1.6626568744687884,3692
3863243474,8.826086956521738,2.285040783343136,12210
3863329174,7.2530562347188265,2.1105835844391234,6683
3863795877,8.59193685483871,2.2609228345966543,10153
3864084300,6.805786163522013,2.05486527452233,7363
3864090876,13.462992125984252,2.6715931196666562,10193
3864341517,4.364342857142857,1.6797738815614756,5046
3864397184,12.60204,2.6102197814931314,633
3864867787,4.734588056872037,1.7465159183366017,5993
3864940711,11.010750000000002,2.4858020821021327,9255
3864963938,7.163264842105264,2.0996441921552487,4965
3865049325,9.088898916967509,2.3114357022430845,13778
3865538306,20.0625,3.0474942081125804,12676
3865714347,6.201764705882352,1.974326094029608,3503
3865727094,3.7714285714285714,1.5626457509273415,9230
3865993483,3.493150684931507,1.5025541672357527,11090
3866024353,11.033050253164557,2.487657051726251,10249
3866399742,4.919426910638298,1.7782396385745236,2232
3866440642,5.675541136363637,1.8984502701185377,5989
3866781465,10.568182619117648,2.4482584518683623,11759
3866848987,11.145339805825243,2.4969455411343833,12659
3867005272,9.588607350096712,2.3597786448368923,9341
3867181359,6.571679210526317,2.024414867225968,134
3867365870,6.685446009389671,2.03932841166171,9400
3867968980,4.140873,1.6372229094031303,668
3867980050,19.53331288343558,3.02204858593429,5662
3868065644,7.677728873239436,2.16075984388733,14577
3868197964,7.029055741935483,2.083066929753548,484
3868392426,5.44179,1.86280645180579,14134
3868707918,10.616202053816794,2.45240085237131,8787
3868734898,8.45823370062893,2.2468856532237655,6216
3868848710,2.1198461021917807,1.1377836743842298,13046
3869387900,3.7802700489130436,1.5644970404960519,5106
3869487726,9.795571177504394,2.379135973868953,5825
3869530123,3.5867616085409257,1.5231742431593944,10088
3869571217,0.10869565217391304,0.1031842362352308,13743
3870099023,6.685025817555938,2.0392737364586884,723
3870347825,13.212900000000001,2.654150002919839,9432
3870910625,7.0734954407294826,2.088586528618934,11955
3871209042,8.304878048780488,2.230538784020204,13477
3871497346,4.218038181818182,1.652121504015895,10571
3871638059,8.864776119402986,2.288970444782488,250
3872125792,6.412087912087912,2.0031121691309606,13172
3872186233,4.489996925441968,1.702927695492497,10905
3872434721,9.49,2.3504224224082058,4817
3872569699,3.9521109466019424,1.599813939533974,6660
3872613405,10.819933333333333,2.469787371804122,11447
3872701199,7.754350282485875,2.1695507519601547,6864
3873331548,9.5393624,2.3551170479247854,10220
3873516123,0.0,0.0,4841
3873717452,9.047142857142857,2.3072883012646135,7069
3873778513,6.577721186440678,2.0252125194202977,4956
3874220687,5.830034666666667,1.9213297492164747,12180
3874469758,5.742114655870445,1.9083736228776544,6439
3875014248,5.63442867830424,1.8922725568128602,730
3875780550,9.610646666666666,2.361857899559039,6480
3876012993,3.4193839452395767,1.4860003074703916,7843
3876139233,6.715919699248119,2.0432856879452803,5636
3876390375,10.0,2.3978952727983707,674
3876450358,8.173621621621622,2.216332150678835,12805
3876546476,1.9930348760330578,1.0962878813362693,11816
3876839895,4.535675207823961,1.7112135474873256,11176
3876889793,4.153225806451613,1.639622888772498,4202
3877132416,0.12560077270446562,0.11831691330009667,10139
3877215988,10.015,2.3992579802543066,3539
3877245722,3.221052631578947,1.4400845357060283,2127
3877282338,10.147727272727273,2.4112356450871566,3894
3878281903,10.04371212121212,2.401861227195403,11276
3878659280,3.7599451303155007,1.5602361409322467,4213
3879057019,3.0,1.3862943611198906,6320
3879640845,0.0,0.0,3550
3879996049,1.5328548060301508,0.9293470484252481,1174
3880243564,5.779289351351352,1.9138722810238789,9349
3880619226,12.60204,2.6102197814931314,1422
3880889061,3.894906279126213,1.5881951295532601,4903
3881456310,5.266968311688312,1.835292714853229,9493
3881484134,8.342988505747126,2.2346261695571585,7372
3881733004,14.050346185714286,2.7114009933033763,1269
3881993108,7.501824000000001,2.140280728710803,406
3882531779,6.148345934693878,1.9668809921381467,6943
3882569590,4.097109327731093,1.6286735805551973,9121
3882604891,8.219185106658133,2.2212866504366757,10219
3882656904,5.971607932011332,1.9418458914252752,4169
3883764979,8.514851485148515,2.2528538921290333,1434
3884382905,5.260591836734694,1.8342747232525123,14003
3884547623,9.090520186046513,2.3115963876497574,14415
3884597343,5.1324672,1.8135971485834113,7474
3884659181,8.7412332,2.2763677215494833,5757
3884834625,8.974179999999999,2.299999753883084,10880
3884904257,1.055343251231527,0.7204428662293217,12708
3885321214,5.030853913043479,1.7968886114998797,8759
3885573701,6.581065333333333,2.025653735073351,4365
3886113259,29.78664,3.427080829641976,11185
3886139515,3.96387,1.6021856784418196,8395
3886326508,10.132232712765957,2.4098447482929632,3985
3886534940,7.728571428571429,2.1666017171222363,9317
3886538104,9.530155531914895,2.3542430963990917,10678
3887151636,0.0,0.0,6737
3887255370,4.407482707692308,1.6877836810022029,9103
3887865582,5.736193693693694,1.9074950315286414,3535
3888090713,6.432613783783784,2.0058775847246717,1594
3888695470,5.511457297297298,1.8735632863602403,8417
3888712791,6.963343125,2.0748489022628247,1376
3889552321,4.446174285714286,1.6949133962577292,10492
3889611290,7.6376,2.1561247664507937,7646
3889810999,0.11041009463722397,0.10472940172081646,9006
3890025409,6.47879172413793,2.0120712447321716,2205
3890477715,2.29128,1.191276546864698,13978
3891126170,0.8867924528301887,0.6348782724359695,10916
3891505620,4.648401379310345,1.7313725634078072,4783
3892062695,9.573333333333334,2.3583351080985375,4794
3892188775,138.3051344606414,4.93666673912042,2530
3892492512,4.007394847058824,1.6109157892477515,6603
3892633461,5.290322580645161,1.8390123540786005,10902
3892709461,3.72333,1.5525140593179283,931
3892869237,5.816326153846154,1.919320639592005,13728
3892889707,7.391304347826087,2.127195972975736,8385
3894039905,6.307322250970246,1.9888768935158756,9786
3894592373,10.937281875,2.4796664333886,7808
3895071334,4.977064132231405,1.7879294996208261,2060
3895079502,6.103583333333333,1.960599351567347,5807
3895273245,5.375695384615384,1.852493165035374,4473
3895274671,7.852815497032967,2.1807355436835096,5128
3895483273,7.683948451025058,2.1614763159119526,10472
3895529124,3.832686545454546,1.5754025336221493,1638
3895721809,9.571428571428571,2.3581549441488563,14566
3896179594,189.0458345744681,5.247265277670562,14102
3896719832,10.78249411764706,2.466614880570732,6715
3897867916,2.507490304347826,1.2549007687277434,7272
3897881690,2.807363542857143,1.3369369661054564,13265
3897945658,0.0,0.0,12599
3897989485,4.6874335714285715,1.7382591044600375,2897
3898024065,9.288750215827339,2.3310510862817386,3715
3898087377,9.384745762711864,2.3403379758258893,2706
3898090899,23.934164383561644,3.2162389266483697,4291
3898351343,0.7166419706036744,0.5403700398479427,3536
3898714138,8.502732240437158,2.251579361512862,4591
3898848525,10.260377358490565,2.421290135337429,6145
3899103612,6.547650833333333,2.0212363669415114,2908
3899295441,7.613147142857143,2.1532897734712972,775
3899432707,8.09327889570552,2.207535557746584,3545
3899620377,3.7155891891891892,1.550873868870053,14154
3899871248,8.682745263157894,2.2703454626470614,9177
3900411132,8.23665570086331,2.2231798830025333,1440
3900525324,6.759885000000001,2.0489675144976873,8660
3900536291,2.8194070080862534,1.3400951770832452,13410
3901229754,6.0606060606060606,1.9545308920992204,1189
3901392004,4.760629563573883,1.751046767966651,506
3902637193,3.83541125,1.5759661821650657,508
3902644206,12.159863157894737,2.577171527506842,3647
3902922022,7.906264694444444,2.1867549273700972,10644
3902994065,2.5583756345177666,1.2693041582966016,13505
3904116655,10.120760012307693,2.4088136329174734,2691
3904378347,5.57679894939759,1.8835481451120673,2468
3904542588,0.08955223880597014,0.0857668217574251,2670
3904879054,4.521186428571428,1.708592769906493,6712
3904960354,10.609622608695652,2.451834289470509,13605
3905350300,1.8800895522388061,1.057821388191793,12186
3905704022,3.8517206896551723,1.5793334234015628,9213
3905914377,12.98392,2.637908098073017,688
3906436618,8.57896551724138,2.259569602565627,14394
3906500322,6.390269575070821,2.000164212653495,13547
3906726675,9.324236666666668,2.334494205524911,12240
3907231862,0.0,0.0,3709
3907291277,6.035522222222223,1.9509719198258233,954
3907538221,7.872301258741259,2.1829342055965992,8891
3907618361,14.137387387387387,2.717167669537741,713
3907763908,7.091603053435114,2.090826863904961,7296
3907838501,5.584995,1.8847935758935135,11213
3908254172,9.616875,2.3624447163914386,6719
3908264275,2.844117906976744,1.3465441636284678,11125
3908821241,0.0,0.0,11084
3908859752,7.3860103626943,2.1265648844614136,13613
3909361722,2.012090420168067,1.1026343294631746,3683
3909740286,7.482375478927203,2.137990537807486,11750
3910077205,3.7736539466806063,1.5631120382094332,1225
3910170953,7.610191082802547,2.152946511317946,13822
3910275002,0.841786561886051,0.6107360580932865,1762
3910311254,6.732484076433121,2.0454301662711356,3348
3910665443,7.067880794701987,2.0878908449086913,552
3911135403,26.4258,3.3114841762007483,5616
3911812765,12.25907770700637,2.5846824278142817,754
3911866325,11.60456944,2.5340594021826304,10062
3911893429,6.393433255813954,2.0005922083765717,7604
3911928497,5.377594655172413,1.8527910129734582,8625
3911931083,1.125,0.7537718023763802,9717
3912578850,9.092973568281938,2.3118394954364834,6398
3913432639,4.483331338582677,1.7017128247588909,7244
3914039610,12.27874213836478,2.58616442106558,142
3914420041,7.832914509803922,2.1784850292155267,9102
3914587466,6.3135178909090905,1.9897244016275255,10653
3914768658,0.13168724279835392,0.12370965432602289,3780
3915391917,6.8623836,2.062089817465462,4068
3915416490,8.883533747368421,2.290870114549971,416
3915607294,13.747679999999999,2.6910857822791594,12451
3915634103,3.645348837209302,1.5358664689528216,9822
3915804584,11.312129957142858,2.5105849518043653,12746
3916069529,0.9705816595533499,0.6783287578261609,13983
3916467454,9.69047619047619,2.369353269458886,1441
3916552945,2.624754885155982,1.2877866681324408,10404
3917641618,12.310555609756097,2.588557375319101,13626
3917794844,3.977916666666667,1.605011463481187,8991
3917826897,8.925925925925926,2.2951501145065274,8696
3918656108,35.88581314878893,3.607827009607403,13068
3919503803,13.051409000000001,2.6427226754490896,11165
3919794778,2.935185185185185,1.369957941800197,9456
3920127196,5.133333333333334,1.8137383759468304,11539
3920257147,4.734105960264901,1.7464318465832356,11025
3920636548,6.951904761904762,2.073411492660918,4862
3921877375,8.896245306122449,2.292155423194686,2912
3922247793,2.242857142857143,1.1764547754320438,7481
3922346585,11.4564,2.522234547053978,7667
3922361424,10.205975853658536,2.416447194371767,14179
3922649188,0.0,0.0,11015
3922688572,1.5975897247706423,0.9545839861360031,13941
3922800324,10.344174500000001,2.428704352252561,5403
3922936254,6.156338659793814,1.967998489819262,7608
3923001619,1.8590037295046296,1.0504732178180332,7531
3923843047,8.770694907446808,2.279387590183121,2718
3924522939,8.475272258064516,2.248685484916037,13643
3925101571,7.44666,2.133771096958589,8762
3925215403,3.945566286215979,1.5984914754475317,971
3925781647,9.709086021505376,2.371092542023079,5116
3926483298,6.87384,2.063545872274451,11132
3927159161,12.858983035714287,2.628933617023162,5715
3927436967,5.420376168224299,1.8594767091667113,12635
3927507018,9.923664122137405,2.3909314563552995,30
3927545343,4.291507936507936,1.6661032594102805,2476
3927556780,10.382362500000001,2.4320650082065494,7708
3927630504,4.998966186770429,1.7915871521773963,11272
3927930352,8.816935294117647,2.284108985481333,13419
3928216344,6.864231406451613,2.0623248084612174,9526
3928265356,5.609363072432433,1.888487291041185,2075
3928267668,2.6506964705882354,1.2949179632515417,3143
3928417950,0.051059206952743075,0.049798424230804376,11705
3928527694,9.333059407894737,2.3353484065522565,2148
3928667282,6.63013698630137,2.032105798778893,6094
3928736779,11.4564,2.522234547053978,7890
3929256090,13.2129,2.6541500029198386,5611
3929720067,9.408293460925039,2.342602936520345,7986
3930052474,8.71434554973822,2.273603715633699,10025
3930125814,3.2900121,1.4562895534487685,13424
3930151537,7.5365069680851065,2.144351903998379,10338
3930160200,0.8639688848314607,0.6227080234370904,14178
3930330901,4.528593000000001,1.7099333527815965,2624
3931350213,10.5513444,2.4468018284624478,4203
3931389478,7.5898650000000005,2.1505830199238893,7233
3931459605,7.965121032098765,2.1933416074789336,9181
3931504196,2.5,1.252762968495368,14433
3931812739,8.616658291306354,2.26349683336427,5955
3932085619,7.7928246043165466,2.173936003003165,10671
3932229487,7.684344473684212,2.1615219188576122,1728
3932240462,0.20161290322580644,0.18366474034042232,6768
3933527813,5.25085,1.8327174545011484,10848
3933581903,7.868421052631579,2.182496770625976,5809
3934475033,3.8647732500000003,1.5820201061242183,9529
3934775866,4.876384742951907,1.7709417331851072,12142
3934821326,11.4,2.517696472610991,3174
3934880386,7.037502857142857,2.0841184450402355,286
3935238930,7.915343915343915,2.1877738277268195,14043
3935285408,3.6227536231884057,1.530990549878034,5614
3935528982,4.105436785714286,1.6303060083315313,11878
3936981011,7.535877982300885,2.1442782194151957,1809
3936996724,0.0,0.0,8918
3937573032,4.447947299999999,1.6952388955258284,2813
3937590816,6.8623836,2.062089817465462,10751
3938054518,5.613636,1.889133578270412,12952
3938899405,3.388888888888889,1.479076094570857,9835
3939774355,0.0,0.0,5499
3940236481,6.002431714285715,1.9462574764852596,7061
3940564253,3.348161664275467,1.4697531498638612,7106
3940625920,8.602907777777776,2.262065946129328,5306
3940675898,5.089969431818182,1.806643062303327,12931
3940683785,0.21359223300970873,0.19358474907266526,1804
3941445981,11.215284090909092,2.502687961983999,5698
3942100206,5.941443285714286,1.9375097191379835,5160
3942831632,10.5144,2.443598425966324,9866
3943250836,8.800472222222222,2.2824305704566643,6924
3943550134,7.0572711235955055,2.0865749289171713,8839
3943609407,6.8738399999999995,2.063545872274451,6051
3944045802,13.093145619335349,2.6456885528981577,10616
3944132775,10.621829268292682,2.452885163155462,5615
3944362407,11.768847272727273,2.5470083975853037,5730
3944501744,2.137536231884058,1.1434378524020796,9402
3944599099,10.126315789473685,2.409313094269697,9010
3945181489,0.0,0.0,5674
3945473051,9.733917141984733,2.3734085545134347,4116
3945782598,5.784530430163934,1.9146450838416464,10652
3945894023,0.44878048780487806,0.3707221596642914,1866
3946753225,5.535304659498208,1.8772189656525995,5140
3946973048,12.96002153110048,2.6361976396754785,865
3947624227,9.720895112195121,2.372194651428719,13579
3948030531,9.434138260869567,2.345082955506232,4833
3948138662,8.477759472817134,2.248947945803795,9254
3948273442,10.72623994532374,2.4618290610073834,10864
3948311444,7.9938045,2.1965359513989053,13191
3948773383,29.25689976964286,3.4097242500263674,1
3949414551,8.715432115384615,2.2737155610357678,8407
3949872924,10.658536585365853,2.456038665787148,8228
3949994857,3.1109242058823527,1.4136478708404896,4038
3950091014,6.8738399999999995,2.063545872274451,3087
3950884441,7.221346153846154,2.106733961334669,6305
3951020615,18.333333333333332,2.9618307218783095,8587
3951170334,7.388613861386139,2.1268752936459014,2129
3951376063,10.057450855263157,2.40310448627958,6349
3951727661,10.901603671193017,2.47667315332299,2251
3951974483,10.447557902222222,2.4377764236033426,10119
3952969295,7.306637333333333,2.1170548739447472,722
3953314673,0.6454577586206897,0.4980186182244083,8705
3953624419,4.325778620689655,1.6725589207542313,620
3953798536,7.44101910801187,2.133103048713257,5235
3953877314,6.447479674796748,2.007875676470559,11118
3954953211,8.973363713754647,2.299917910598766,8758
3955941669,8.142857142857142,2.2129729343043585,11102
3955976180,3.9502017310696096,1.5994283295016238,11856
3956298293,8.636363076923077,2.2655437632585427,9437
3956499513,9.134135217391306,2.315909449908387,11461
3956729857,8.917414054054055,2.2942922072789615,11862
3956869217,7.763495821727019,2.1705948917496736,938
3957023634,0.3881553398058253,0.32797577210907003,11369
3957173888,8.712854347826088,2.27345019871691,5371
3957198221,14.356477780301557,2.7315373902454136,1513
3957553194,7.516812756799061,2.142042181274688,13700
3957676557,6.022222222222222,1.9490797238165924,10299
3957933953,1.1222772713907674,0.7524896967787352,8270
3957975925,4.58256,1.7196474525472347,12278
3958570744,5.27891156462585,1.8371966477241157,14517
3959129882,8.670719409660107,2.2691027027331265,816
3959394056,2.08040481,1.1250610201672602,1674
3959676167,9.37617855609756,2.339512655433691,10626
3959900292,12.558898744769873,2.6070430657017076,8398
3960210382,4.77031251724138,1.7527262414867912,433
3960914634,7.983050847457627,2.195339562640448,7715
3960948496,8.373801649484536,2.2379187396313007,8224
3962114086,6.995918367346939,2.0789312073998136,1817
3962361383,11.853157121879589,2.5535894715829257,9877
3962954143,5.3544303797468356,1.8491522672247078,11151
3963149179,1.7853519146341463,1.0243742261267965,10467
3963537679,7.679172318750001,2.160926169142965,8451
3963609517,0.0,0.0,11156
3963925494,8.468907950963223,2.2480135838603568,6014
3964418923,6.010165282442749,1.9473612788630832,6902
3964482937,6.313902406944444,1.9897769763163788,6190
3964483810,7.6953125,2.1627840873559276,6605
3964908124,6.988657243816254,2.0780226910642208,5815
3965333405,7.975204057971014,2.1944656703800574,5505
3965419329,8.30188679245283,2.2302172604905683,14557
3966002784,6.961740767263426,2.074647665301962,11675
3966309635,5.921336666666668,1.934608910899531,2369
3967034432,8.405493314058548,2.2412939136962438,4130
3967108938,7.101346965517242,2.09203033989257,8248
3967539898,9.400558728813559,2.3418595286286292,10372
3967774303,15.3,2.791165107812717,12614
3967858070,8.085227272727273,2.2066497177958024,6203
3967966086,4.5711036,1.7175931671680489,10470
3968373281,6.304459102902374,1.9884849976839885,2036
3968792747,8.763261617647059,2.2786265267345573,13758
3969237310,8.412270857142857,2.242014248303024,7548
3969605566,11.581395348837209,2.532219163152919,10938
3970865503,7.75968992248062,2.170160507344714,2891
3970933732,10.40351461085973,2.4339216070842395,4093
3971043033,7.666666666666667,2.1594842493533726,9059
3971256040,9.364083969465648,2.338346364699621,1663
3972188923,8.955734406438632,2.29814870741575,8651
3972549925,6.863636363636363,2.0622491411394632,8888
3972598923,8.430933852140077,2.2439951216616416,1402
3972838449,7.29120987654321,2.115195902592877,6045
3972857363,9.983434285714287,2.3963881636537305,14403
3973162845,7.3882352941176475,2.1268301639239797,4503
3973231339,3.7691133815028905,1.5621604137247906,5885
3973825490,5.115279857142857,1.8107905337734982,7851
3974373159,7.0,2.0794415416798357,3564
3975411189,4.1307583098591545,1.6352534669445677,13422
3975657466,15.0,2.772588722239781,6505
3975964982,0.0,0.0,12040
3976082973,5.74809534008683,1.9092602932274865,6274
3976368500,1.6976010084033613,0.9923628626403358,1964
3976474767,8.75090909090909,2.2773605207564085,5604
3976761892,6.041666666666667,1.951844884575128,2037
3977516327,2.7544110638297874,1.3229314323906463,2382
3978039393,7.367650344827586,2.1243731216536195,1842
3978234643,5.9,1.9315214116032138,1224
3978426955,6.446293636363637,2.0077164101233627,13947
3979000848,2.52082720875,1.2586959644870424,6980
3979347808,1.5778049946902653,0.9469382595653233,850
3979359910,1.971566511627907,1.0890892587569516,6339
3980110678,6.412022076923078,2.0031032869565997,4959
3980714716,7.358120414814815,2.123233571054607,11296
3981002207,17.99655217965654,2.944257498471212,8086
3981080062,11.4564,2.522234547053978,13430
3981123687,9.0,2.302585092994046,3700
3981213844,5.460856720827179,1.8657619283244382,68
3981488652,1.9201255783367557,1.0716266216351578,5772
3981643621,4.805323333333333,1.7587753127086796,1719
3981649622,9.441866666666666,2.3458233659609133,4442
3981708290,5.08432392,1.8057156142684052,1331
3981875535,11.543035714285713,2.529165588386464,2880
3982290635,8.341884615384615,2.2345080108352193,12648
3982870274,5.84894955,1.924095290149801,8214
3983265730,3.258576512455516,1.4489349524343103,9152
3983387308,9.21951219512195,2.32429885321783,4882
3983876477,6.957923669724771,2.0741681203182205,3827
3984420993,3.810790438961039,1.5708614030409085,12840
3985144071,5.499072,1.8716593974783253,13794
3985198566,9.741935483870968,2.3741552854952976,8966
3985607624,0.0,0.0,1301
3985694855,6.9624999999999995,2.0747430208982816,11028
3985742543,8.140987272727273,2.212768396342441,3066
3985759523,4.58256,1.7196474525472347,10642
3986727890,0.1943073529411765,0.1775663963685748,4085
3987035484,9.25020767152174,2.3272979660154407,9783
3987052459,4.541934375,1.712343604977678,2688
3987479499,4.714285714285714,1.742969305058623,3173
3987729978,5.285160000000001,1.838191299156521,12598
3988708391,3.2804276315789473,1.454052918522957,10544
3990213720,5.779999999999999,1.9139771019523042,9667
3990475574,9.325301204819278,2.3345973108011817,9543
3990900473,7.129963898916968,2.0955564830722424,9075
3991073782,3.24191744680851,1.445015395040468,13226
3991392401,8.732582448979592,2.2754792719774657,9248
3991702943,10.995897647058824,2.484564728594513,1517
3992155130,125.31918931034484,4.838811952180948,13229
3992451901,9.249030000000001,2.3271830669599827,14072
3992487372,6.781662068965517,2.05176994891703,664
3992582475,8.062710483870967,2.20416824571753,13823
3992665229,5.259568392452831,1.834111235842542,7037
3993007205,2.7824812941176473,1.3303802212927713,13268
3993191271,2.5,1.252762968495368,7794
3993266602,8.01948,2.1993866827453203,12086
3993344764,1.6963350785340314,0.9918934726171061,3082
3993446616,3.0387563717948716,1.3959368158204137,4674
3993524900,6.228938571428571,1.9780922164621462,10358
3993981208,9.080216535626537,2.310574744121476,9308
3994196229,9.423076923076923,2.344022282858219,2848
3994248050,3.1554054054054053,1.4244099940424029,11350
3994314170,8.967765297029704,2.299356416124807,11617
3994631761,7.16025,2.0992748057616066,7254
3994698438,6.856919909090909,2.061394660567962,7714
3994777910,1.0408163265306123,0.7133498878774648,13811
3995611738,6.502384291891892,2.015220875606577,5814
3995826887,6.1135960591133,1.9620078907942924,14010
3995839950,0.0,0.0,5282
3995983803,6.47470297029703,2.0115243820721247,10936
3996876723,5.207454545454546,1.8257509158529635,14613
3996949529,7.528491428571429,2.1434124910647423,3209
3997260634,6.382851428571428,1.9991599364249255,10442
3997381089,8.666630860663506,2.2686798372422117,5752
3997570238,0.16806722689075632,0.15535044001916243,2331
3997698234,8.573331146551723,2.2589812270876246,980
3997705064,10.573310104529616,2.44870159402493,4039
3999504442,0.5849768899408284,0.46056982674397506,2750
3999525139,10.31076,2.425754485041046,12019
3999661103,0.8664026,0.6240128347802637,14165
3999793495,8.173170314529914,2.216282953293988,153
3999993695,4.429292929292929,1.691808909867228,1717
4000240593,2.8854929577464787,1.3572498632209102,9604
4000768762,6.851376470588236,2.060688862994654,11305
4001461978,5.024026448275862,1.7957558809719951,13543
4002889549,9.078542479338843,2.3104086568846274,7362
4003924094,6.645226989130435,2.034081530128012,948
4004187863,7.528395061728396,2.143401191600085,1655
4004413236,10.612601280000002,2.452090825738092,14545
4004758909,11.995139176201373,2.5645753780169698,8049
4005071326,9.87879737704918,2.386815700120646,1100
4005772783,4.718832891246684,1.743764744580877,7205
4006482988,3.9055777941176473,1.5903728830456898,2250
4007219993,9.385045147058824,2.340366804652167,9528
4007524979,8.315129032258065,2.231639856051876,13966
4007776392,9.03448275862069,2.3060274371850187,9242
4008946208,8.76,2.278292400425001,4816
4009396280,10.0,2.3978952727983707,920
4009921911,4.228650137741047,1.6541531449050224,1500
4010325039,8.393351800554017,2.2400021837927575,6043
4010356638,10.054201385774647,2.402810571607218,5510
4010464162,8.435928461538463,2.2445245800773574,9589
4010508571,7.133812153846154,2.0960297132727224,122
4010701041,5.090122025316456,1.8066681185188436,12885
4011186798,7.75,2.169053700369523,10337
4011237352,6.63042948541114,2.032144132756907,3641
4011746332,8.86021505376344,2.288507979103209,11446
4012430616,6.606450000000001,2.028996571573997,9750
4012565191,6.9062637735849055,2.0676553280397822,11284
4012625867,3.442063492063492,1.4911190189458357,9158
4013051318,7.023699473684211,2.082399596529051,8943
4013160229,10.28875,2.4238066545828714,13578
4013401230,6.376085960869565,1.9982431403172902,4180
4013491027,4.738915480539111,1.7472702518073089,374
4013554015,3.600582857142857,1.5261830035427935,13833
4013698845,5.871455884244373,1.927376002886561,5450
4014002167,3.977427076923077,1.6049131063060667,9169
4014230028,0.9369369369369369,0.6611078268153286,8561
4014452949,2.8855885269512194,1.3572744593353463,5632
4014520458,7.709705346534655,2.1644379609620668,6572
4014543752,5.254545454545455,1.8333084721409274,2176
4014748237,8.4958753,2.2508575253761562,5806
4014822093,9.828191382636657,2.3821530463868306,9503
4015578006,10.926747743243244,2.4787835873136093,10480
4015827799,9.843308731578947,2.383548182977713,4960
4016285913,5.428856088095238,1.86079662010503,4675
4016751452,4.934419,1.7807691294196737,7786
4016999280,0.0,0.0,1257
4017457670,7.1352612080536915,2.096207849320072,1118
4017692779,4.58256,1.7196474525472347,3702
4018004362,0.0,0.0,11146
4018820285,3.276030450867052,1.4530251144814674,9710
4019305524,8.183142857142858,2.217369505206761,6996
4019566841,1.040704680422748,0.7132951797881512,6621
4019753988,12.19650371681416,2.5799519245697664,2236
4019920832,1.0,0.6931471805599453,3626
4020172485,4.501881126760563,1.705090056809251,13536
4020173880,1.2194218367346938,0.7972467280620987,14172
4020219350,0.0,0.0,5286
4021011607,15.840676153846154,2.8237971596616966,7945
4021613718,3.5341258181818183,1.5116323016301383,13286
4022280841,5.7282,1.9063076487448751,3942
4022908517,9.642698782647585,2.3648740967367226,6311
4022943594,8.831021890909092,2.285542885104828,7376
4023591535,5.117238009638554,1.81111068904059,3927
4023660051,6.952462352941176,2.0734816106395355,5315
4023683080,2.7704086191780823,1.3271833826363568,907
4023916812,9.777444827586207,2.377455508404171,2853
4024044661,7.92774,2.1891632833511063,1390
4024179488,8.152507994923859,2.2140279395353755,3102
4024881375,7.631724923076923,2.1554443603346423,9282
4025061179,9.464285714285714,2.3479680988418634,1695
4025734447,4.529411764705882,1.7100814382137879,9761
4025833789,9.135593220338983,2.316053310044912,10211
4025992256,10.31076,2.425754485041046,7913
4026717696,6.592828453608248,2.0272041772731577,9855
4026994108,12.632734530938123,2.612473851479971,1527
4027225332,4.041301775147929,1.6176643374523156,2363
4027597418,7.55,2.145931282948669,7677
4028077808,3.4580894347826088,1.494720296400536,2601
4028349195,6.491124260355029,2.013718887781048,6862
4029131788,9.249030000000001,2.3271830669599827,5045
4029715036,5.229166666666667,1.8292425624827955,2056
4029906088,7.6903353057199215,2.1622115237711053,14220
4030532369,8.794471764705882,2.2818181208668205,1223
4030811384,6.061046511627907,1.9545932716287742,8872
4032082167,11.408557741935484,2.5183863750522324,5651
4032359032,8.073529411764707,2.205361318729281,12176
4032478760,7.92774,2.1891632833511063,7235
4032839200,799.5104564457831,6.685249594744691,7227
4033860483,10.451428571428572,2.4381144882812413,9572
4033863342,7.7560975609756095,2.169750321783971,10817
4034342098,6.412812672413794,2.003209945210109,5146
4034720522,9.434444444444445,2.345112299480303,13124
4034815037,7.8129680769230765,2.176224281839668,11464
4035242462,3.4517081499999995,1.4932878764576598,12105
4035559118,2.4185733333333337,1.2292233100454795,7300
4037016260,0.009252731092436975,0.009210186808621172,14009
4037063100,9.623395500000003,2.36305869164235,5741
4037169833,6.174805423728813,1.9705756426338998,9486
4037611191,3.1818374223021584,1.4307507246654387,1646
4037688654,16.11565445026178,2.8399935096537545,7127
4038104558,8.88543918918919,2.291062885497939,2470
4038170020,8.030150753768844,2.2005690620590665,2434
4038866783,6.737724356435643,2.0461076335755592,6421
4039511130,6.2310291318327975,1.9783813679266158,1378
4040087552,4.125,1.634130525024472,10083
4040599290,6.378620689655172,1.9985867227239864,4459
4041090718,9.437891428571428,2.345442591612366,4420
4041436876,8.660277777777777,2.2680224032745344,12649
4042370585,4.543099066666667,1.7125537426695634,5318
4042386723,4.512811739130435,1.7070747904901777,12465
4043330579,3.75093578313253,1.5583416056184933,9625
4043835859,9.491525423728813,2.3505678287788765,1094
4044095207,15.0,2.772588722239781,14507
4044804518,3.906178754957507,1.5904953811606004,9367
4045714906,3.88,1.5851452198650557,6243
4045916465,2.29128,1.191276546864698,8467
4046821738,4.788504893617022,1.755874036066592,2894
4047136438,2.404255319148936,1.2250262135237684,11719
4047594354,8.257238753117209,2.225405813382292,11351
4047656146,13.74195862422998,2.690697756103952,9719
4047717213,10.57032,2.44844319855864,7788
4047735290,6.164075466371681,1.9690790182540485,1115
4048346418,10.470290135593222,2.4397602259907796,10647
4048741861,2.789281609195402,1.3321764521026882,11628
4048812910,5.2719471,1.8360868487013133,14093
4048855676,3.8776182988505745,1.5846570472139478,3934
4049134828,3.4554931142465755,1.4941377426192302,11548
4049620281,5.510640938310412,1.8734379057997215,8894
4049623333,9.750366972477064,2.374939890965629,10203
4049736877,8.11875,2.2103327332889586,2324
4049813818,8.568181818181818,2.25844319976412,7546
4050925652,16.644901960784313,2.8704469009080182,6547
4051128356,8.745454545454546,2.276800975838331,9186
4051219416,8.588385,2.2605524701255892,5999
4051241946,8.01948,2.1993866827453203,1310
4051520428,0.8197451085972851,0.598696441059484,8729
4052837389,6.004219047619048,1.9465126885803445,11433
4053553622,7.610322857142856,2.1529618156626094,9390
4053825266,7.711153846153847,2.1646042558165868,13555
4053947079,6.536585365853658,2.0197692101934375,9502
4053950664,11.230965,2.5039708509199037,11049
4054115529,3.5990786029411765,1.5258559797231424,11534
4054188212,4.667137258064516,1.7346840974808133,84
4054495895,7.63862676056338,2.156243630434095,5848
4054893552,5.7282,1.9063076487448751,7871
4054968430,6.814721081309149,2.0560092730649564,11931
4055192856,11.001780952380953,2.485055051474338,9749
4055228017,3.96387,1.6021856784418196,10785
4055690189,0.0,0.0,12315
4056117889,6.903239802443991,2.067272776979497,13078
4056375265,9.80873797752809,2.380354879001202,10956
4057636476,2.9125316455696204,1.364184644158065,3491
4057715012,8.434536164383562,2.24437701644445,9331
4057889719,5.142828861838101,1.8152853627408305,14116
4058316332,4.118679846833579,1.632896563389029,14418
4059338627,7.27876448275862,2.113693740205058,2674
4059446330,8.279085545722713,2.2277630016110876,6999
4059869121,7.919608984615385,2.188252109825651,5520
4059914762,7.146735028125,2.097617236941117,11202
4059926650,10.796949029126214,2.4678409411863225,1858
4060645803,6.449477893961709,2.008143948588234,1076
4060764142,4.791684761904762,1.756423227135522,10079
4060781500,2.29128,1.191276546864698,3165
4060952930,11.724211948051948,2.5435066310927072,6658
4062402973,2.8942484210526316,1.3595007007684086,10246
4062768659,6.96931,2.0755979143993657,12584
4062833131,5.1297313432835825,1.8131509224434321,12110
4063239251,10.231281225,2.4187028517350715,3238
4063318910,50.360024571428575,3.9388601377972567,9570
4063560467,5.119998750000001,1.8115618922758479,354
4063623068,8.020427507462687,2.1994917284572417,13631
4064021390,0.0,0.0,1270
4064434947,7.179458418367347,2.101625940399256,10412
4064471876,7.608695652173913,2.1527728147653855,12258
4064473472,5.836279245283018,1.9222436136412464,12956
4064485056,9.434816725452812,2.345147976930058,3513
4064700180,7.522315471698113,2.1426880728973767,11755
4064887275,1.4639175257731958,0.9017525734281279,7629
4065342922,9.539306358381502,2.35511173054738,6234
4066113909,9.0508365,2.3076558648721877,13842
4066587287,12.634835625000001,2.6126279608526812,5847
4066632089,5.018867924528302,1.7948991892327228,11149
4066917762,7.543942311864407,2.1452225303065156,7152
4067466663,6.476190476190476,2.011723367624885,3388
4067891613,5.650433046357616,1.8946819723005888,2928
4068284076,3.303225,1.4593647415900626,2563
4068575514,3.370875048,1.4749632288791161,6713
4068587234,9.837837837837839,2.383043514662345,6367
4069260812,9.453900709219859,2.346975182371114,14404
4069489402,6.8854726077777775,2.065022156193678,14030
4069772723,10.174290766123779,2.4136156723668956,8940
4069991349,6.73224404494382,2.0453991238257156,4072
4070112881,10.125154549624062,2.409208720056849,14454
4070203342,5.592592592592593,1.8859466842877561,10950
4070279172,3.29850835316516,1.4582680679049087,905
4070327122,8.448248181818183,2.2458293467357255,7781
4070510602,5.512195121951219,1.8736765916959417,1805
4071507204,9.853770434108526,2.3845125250682253,7988
4071668337,6.157815,1.9682047668016822,6786
4072152171,7.726890756302521,2.1664091502046374,3246
4072529821,8.595634779661017,2.261308284609666,10918
4072945651,3.3496464646464648,1.4700945693027392,6500
4073424923,1.148936170212766,0.7649729151312009,914
4073731005,9.305882352941177,2.332714834446075,5987
4074346090,6.606450000000001,2.028996571573997,2534
4074458463,9.26709018229665,2.3289436519829994,8910
4074463256,2.9347826086956523,1.3698556347767308,10984
4074532147,6.180277988135594,1.971338099321177,12475
4074703154,6.0,1.9459101490553132,1023
4074923764,7.714406718750001,2.1649776007797885,11741
4075187499,3.962005,1.601809892927304,12471
4075463694,4.6795687500000005,1.7368753055548902,4111
4075697057,2.299252677165354,1.1936959813611208,5974
4075813953,0.0,0.0,14175
4075946436,5.929375,1.935769621544479,204
4076176241,9.547,2.3558414592944774,385
4076601843,7.239444090361445,2.1089328768835705,223
4077155683,9.693876923076923,2.369671327490508,13360
4077218056,0.010833639368343738,0.010775375923075387,12012
4078652422,814.2923580547111,6.703546770455197,8763
4078796630,1.5102593659942365,0.9203860808706319,14567
4079171507,0.0,0.0,6468
4079821006,8.04,2.201659174404085,3750
4079926055,9.9823432,2.3962888195066006,6872
4080773347,7.02133506,2.082104874358605,4678
4081030235,9.0,2.302585092994046,2271
4081473367,0.0,0.0,10006
4081829944,7.041180674157303,2.0845759224290314,8360
4081870791,10.57032,2.44844319855864,11829
4082308985,7.447270909090909,2.1338434198648994,2665
4082635938,2.284313725490196,1.1891577185407953,2315
4082645816,8.0,2.1972245773362196,6879
4082850127,7.969669565217391,2.193848837623771,10215
4083308735,14.162292571428571,2.7188115938091437,10168
4083328499,1.306822429906542,0.835871006097726,4328
4083743560,0.0,0.0,14077
4083871071,5.608506268656717,1.8883576477900972,12492
4083936019,1.9555092000000003,1.0836709541179093,12241
4083996343,1.9980750827586207,1.0979704436491982,9935
4084072253,4.418748087431694,1.6898648085928707,14554
4084750306,9.391020845070422,2.340942052938214,10071
4084873796,4.676229508196721,1.736287193328237,6763
4085124966,5.29887581314879,1.8403711751174203,1722
4085279813,5.3615952,1.8502791635126155,12373
4085433064,9.011228059701493,2.3037072690890126,7731
4085546054,2.6912637724832216,1.3059688851853832,14177
4085889847,27.62697272727273,3.354349375736391,6878
4086236908,8.81578947368421,2.28399225991743,788
4086314983,5.700631367610064,1.9022017559288298,6496
4086331170,8.041644310344829,2.2018410506008665,13575
4086472551,7.849755555555555,2.1803898377971955,3597
4086787320,6.909090909090909,2.068012845856213,12444
4086905286,6.712372995611284,2.0428259217521623,6705
4086936893,42.3482138410421,3.7692654991721875,6165
4087188467,7.772592796754911,2.1716324065617654,1323
4087263211,8.564742268041236,2.258083657212011,5536
4087347939,5.594772048192771,1.8862772212342027,14022
4087617880,9.46875,2.3483946290253397,2887
4087799046,9.224038628571428,2.3247416758529464,10625
4088150768,9.49504854368932,2.3509035786729826,6847
4088413586,8.710992432432432,2.2732584843340256,7159
4088619504,3.0586854460093895,1.40085913941392,11188
4089015032,7.2636390075949375,2.1118650483359938,12234
4089252942,0.0,0.0,1371
4089295854,5.0,1.791759469228055,6011
4089834498,10.638085714285713,2.4542829712430767,12337
4089839358,9.717313915857606,2.3718605566947657,14522
4090084494,6.417167834101382,2.0037972907984427,7038
4090326463,7.2727272727272725,2.1129642337184795,12541
4090688064,9.438074496644294,2.3454601302569036,13040
4091080696,6.852941176470588,2.060888133784088,12781
4091144149,6.606450000000001,2.028996571573997,11840
4091626084,6.85918185319149,2.061682511098636,7672
4091735262,7.0,2.0794415416798357,12432
4091803295,9.200630914826498,2.3224495727720758,13518
4091920898,2.5172924952350697,1.257691516151185,7636
4092116956,1.901508652173913,1.0652308266099295,7427
4092122329,0.20518925373134328,0.18663661164891207,9722
4092218574,9.8066784,2.3801643133883683,8854
4092403486,5.4819054700315455,1.869014521155988,3561
4092510652,8.53448275862069,2.2549149909759154,7606
4092690383,4.816913580246914,1.7607698084054964,14623
4092958843,12.338664495114006,2.5906669226658114,2787
4093131618,0.0,0.0,6897
4093335401,9.767333333333333,2.3765168591482118,10015
4093405538,6.036231884057971,1.9510727831341201,12059
4093623411,7.133418562091503,2.095981322521819,7024
4093676502,6.314472173243503,1.9898548751008573,1307
4094032134,18.146137787056368,2.952101013148029,13793
4094228556,4.545454545454546,1.7129785913749407,13712
4094248426,4.318181818181818,1.6711314814394402,8093
4094468457,7.175350702987698,2.1011236153111987,3818
4094485061,0.0,0.0,11233
4094719832,7.295917894736843,2.115763573908246,13599
4095441514,1.931994740740741,1.075682990278165,13961
4096290802,4.659285789473684,1.733297698647662,12776
4096462437,10.069264069264069,2.404172264769393,1598
4096642757,6.380424911368421,1.9988312130211248,9054
4096768155,9.191995899280577,2.3216026964828447,6583
4096950245,0.0,0.0,14634
4097686285,2.64258,1.292692221783584,6863
4097706907,8.397757358490566,2.2404710819275064,1275
4097959056,5.945805,1.9381378802163196,11505
4098495647,9.0,2.302585092994046,2311
4099265560,11.727045,2.543729256793712,9628
4099443563,0.0,0.0,1255
4099755197,7.932203389830509,2.1896631046356427,8845
4100009918,7.92774,2.1891632833511063,5517
4100010913,1.5,0.9162907318741551,5975
4100161038,3.5063527272727275,1.505488118412138,14398
4100826536,11.10899976923077,2.493948958714567,4299
4101844482,7.712549864070797,2.1647644993495527,5308
4102253985,0.0,0.0,12526
4102256391,10.230736121495328,2.4186543161564216,13564
4102653912,4.2766934557979335,1.6632996621161436,894
4103194780,8.50374222,2.251685638935947,8409
4103306466,0.57266,0.45276845322403086,14251
4103358857,11.511896421428572,2.5266799054301803,8505
4103784131,7.383512544802867,2.1262669847628133,8187
4104364720,5.892995907692308,1.9305058102129726,3953
4104474864,7.553199105145414,2.146305377311139,9291
4104507150,11.999024390243902,2.5648743077410616,9082
4104519345,5.28516,1.838191299156521,14479
4104535580,2.8029992,1.3357900185858584,7226
4104578478,11.104737543424319,2.4935969084882483,11608
4105058761,1.8888888888888888,1.0608719606852626,6708
4105365706,6.562407,2.023189525760684,11971
4105618772,7.492721893491124,2.1392095488821385,8021
4106864418,7.886545138888888,2.1845383506951217,8233
4107410774,2.697363661971831,1.3076200418930601,3350
4107479309,4.276315789473684,1.663228087020238,4699
4107494835,6.866724223602485,2.0626417398963266,11612
4107855413,7.916666666666667,2.187922184673906,11658
4108228731,4.0628157935483875,1.6219228094596914,2789
4108378251,10.70999818181818,2.4604430223421656,11031
4109423868,10.252747252747254,2.4206122990826033,9737
4109651908,5.353208292682926,1.848959928254553,9154
4109652057,1.9687221000000001,1.088131590861917,9214
4109894157,8.263144384615384,2.226043557391627,235
4111217346,1.8533035323529412,1.0484774571621702,5866
4111312798,0.0412573673870334,0.04042898999564472,4536
4111460277,9.060702341137125,2.3086369774570024,11819
4111645737,9.285713684210526,2.330755911481208,6989
4111999365,6.033704,1.950713451847041,3830
4112317032,2.7201701500000004,1.3137694064863596,13959
4112348658,8.28277475,2.22816050533831,13420
4112907308,3.5654657633587785,1.5185205380556197,14162
4112908684,4.064498046357616,1.622255030392368,172
4113364948,6.476130986301371,2.0117154103469126,13657
4113557689,9.253246153846153,2.3275943533824215,11966
4114532033,6.640503865979382,2.0334635520481763,8185
4115378764,8.781766865895955,2.280520128864024,5805
4115787147,0.11842105263157894,0.1119179162039854,12513
4115834571,5.2816829210526315,1.837637925638933,4440
4116271520,1.2706922535211267,0.8200847425015185,9364
4116529491,8.503269325513196,2.251635878931775,7555
4116648766,8.692982456140351,2.2714021655573577,2140
4116673641,8.086206896551724,2.206757537994943,13270
4117125314,2.829429090909091,1.3427157296558223,10169
4117263287,9.73913043478261,2.3738941206988278,13203
4117265535,5.7167436,1.9046034537532774,14205
4117351214,6.140749426229509,1.9658177325001978,8678
4117605793,5.989999999999999,1.9444805562457188,5251
4117621954,5.21234249880478,1.8265380387963064,12424
4117730964,1.2782044565217392,0.8233876136408954,2555
4117801043,6.162132043478261,1.9688077080829505,4614
4119202716,8.449095,2.2459189697239137,1277
4119519040,11.416202105263158,2.519002241116303,10879
4119751105,1096.4272904347827,7.000723892581368,12093
4119960094,8.5923,2.260960693299513,2988
4120961698,4.024202090829695,1.6142666534424188,11268
4121428360,11.506025564981506,2.526210573360313,169
4121521584,7.720523056097561,2.1656792196193773,12535
4121989065,2.5428571428571427,1.264933504115623,1769
4122082807,8.8293476713948,2.2853725709596096,14384
4122181823,2.4433519411764704,1.236445398469108,89
4122444704,7.490723076923077,2.1389741647676956,411
4122527581,9.75984375,2.3758210332527376,8257
4123646390,10.82299326923077,2.470046217586284,10256
4123864475,6.68905935483871,2.039798455468644,5242
4124730801,5.463163880597015,1.8661189626971766,11613
4124805170,13.212900000000001,2.654150002919839,919
4124833862,4.264326666666666,1.660953248835165,13710
4124937401,0.0,0.0,1414
4124939261,7.92774,2.1891632833511063,2229
4124974385,1.0,0.6931471805599453,3329
4125195507,8.61425,2.263246372878217,14264
4125512108,0.0,0.0,9370
4126065524,6.606450000000001,2.028996571573997,7807
4126501237,3.5714285714285716,1.519825753744413,12068
4126700837,8.0,2.1972245773362196,13340
4126904406,8.27896174863388,2.227749660003873,1838
4127024752,5.777777777777778,1.9136492868370918,11685
4127422861,7.039735099337748,2.084396134804519,13856
4127950119,0.007874015748031496,0.007843177461025879,592
4128081628,11.040625,2.488286348832385,781
4128229364,0.0,0.0,8325
4128280272,5.386154975375722,1.854132361986809,1652
4128680201,16.452424060150378,2.8594785536224916,4695
4129130650,7.95046439628483,2.1917054187936893,960
4129283022,3.049794395604396,1.3986661133123515,10498
4129714035,3.8993418837209304,1.5891008866515517,12727
4129732482,3.1269711863777094,1.4175437690106008,6443
4129857340,13.212900000000001,2.654150002919839,3573
4129878762,0.49471887474332654,0.401938145510277,13115
4131357360,2.919057513043478,1.3658511945483103,305
4131395952,5.596051764705883,1.886471252560112,2900
4131538356,9.99,2.39698576841553,8067
4132344829,8.46732109090909,2.247845983431112,2230
4132416368,8.422558922558922,2.2431066995287146,4974
4132500824,6.028066378066378,1.9499116150819533,13354
4132591409,2.446843609756097,1.2374589165478644,9986
4132871996,2.256544502617801,1.1806666646925497,3574
4133218318,1.4720141860465115,0.9050332782709325,11871
4133473093,8.9346730875,2.2960309703290274,8687
4133625066,2.961105267857143,1.376523094367718,3295
4133826462,4.948189787234043,1.7830869358282828,5506
4133851170,11.731453636363637,2.544075595866622,1814
4134540506,2.4647140384615387,1.2426301006536673,2341
4135194393,6.285022953658536,1.9858205904532593,1677
4135569554,9.194202898550724,2.3218192154426225,8404
4135845483,5.827586206896552,1.9209712007080613,14452
4136330906,0.15932203389830507,0.14783538072278526,11701
4136798962,6.501887482014389,2.01515465314871,1209
4136953164,8.78048780487805,2.2803893606022614,11578
4138610959,5.975267967032966,1.9423707451820804,5660
4139188716,7.503801665478842,2.140513318269889,219
4140115319,6.699,2.0410904502959126,4279
4140336309,9.600440528634362,2.360895559559586,528
4140389323,10.409522068965517,2.434448275964754,9603
4140549620,6.363209606986899,1.9964959255879178,8100
4141255602,3.5303217187500002,1.5107929565647824,1288
4142627396,12.36311872983871,2.5924985787283004,13943
4143085546,4.8088235294117645,1.759378059725015,13672
4143258354,8.01948,2.1993866827453203,3079
4143631781,6.899877272727273,2.0668472242544915,8936
4143801398,4.239130434782608,1.65615553700156,11458
4144334358,3.4353540000000002,1.4896074321928123,694
4144376572,6.9085563636363645,2.0679452573652664,4919
4144824136,8.712264150943396,2.273389432355777,14561
4144937925,6.859478289928058,2.0617202289109566,6951
4145158214,0.0,0.0,2756
4145515872,10.245885947046842,2.420002368172384,1490
4145560650,17.721359424742268,2.9296650872558954,7007
4145913237,10.105244427480915,2.4074174676832625,3380
4146135484,12.244456531190925,2.5835790898845326,198
4146190573,7.851614320241692,2.180599851452185,10187
4146458431,2.158107,1.149972797463388,12706
4146664869,6.440275490797546,2.0069078764924724,2431
4146709957,0.3709090909090909,0.3154740897814394,8071
4146875828,11.399364705882354,2.5176452379019314,8941
4146925380,4.0,1.6094379124341003,1699
4147285723,0.0,0.0,1658
4147859662,20.684736842105263,3.0766086417331895,9276
4148635060,5.2678673111782475,1.8354361550256453,4307
4149051216,7.782691185410334,2.172782873826153,14564
4149386157,8.64138481707317,2.266064751528676,3159
4149770218,8.191326,2.218260213227959,13671
4149919228,0.8584070796460177,0.6197197120051281,7211
4150262149,6.4041276,2.0020376284903554,13851
4150584982,9.186528497409327,2.321066111802226,11698
4150784796,8.486931268421053,2.249915195567489,13136
4150991514,3.9161125301204818,1.5925180820277431,3036
4151152804,6.3855656534954415,1.9995275079716242,1884
4152622745,0.0,0.0,14467
4152812774,9.403175064935064,2.342111054259676,11544
4153293015,7.547981395348837,2.14569516096282,6598
4153422333,8.56091016068053,2.2576829276236983,5764
4153610380,5.151819615037594,1.8167479104206667,1868
4153945525,6.979186206896551,2.0768364271758517,5264
4153971866,5.142769911007026,1.8152757660036807,2306
4155802643,2.588682217302053,1.2777850647239608,464
4155830049,9.0,2.302585092994046,12690
4156163289,6.0,1.9459101490553132,547
4156774342,5.0,1.791759469228055,10055
4157142609,0.029789122426868903,0.029354045772475017,13476
4157701513,9.396348684210528,2.341454656444806,14338
4158441229,22.14904,3.141953310989888,8220
4158688496,3.923758865248227,1.5940722358087407,1431
4158712473,4.847795719844359,1.7660647902101922,12184
4158961104,8.644374545454546,2.266374796712703,6238
4159255659,6.006961851428572,1.9469042050220096,6071
4159290027,8.109764705882354,2.2093468828244136,6808
4159422348,3.6043956043956045,1.5270114134052877,7391
4159470103,8.207692285714286,2.220039252715471,13924
4159529536,8.809042702702703,2.2833046849933063,11231
4159974434,5.564537142857143,1.8816820015155808,5058
4160428875,1.7647058823529411,1.0169342576538425,3121
4160488752,4.83366935483871,1.763646194288966,594
4160700172,11.191019023255814,2.5006995350161954,7338
4160937208,4.769887571428572,1.7526525953091279,10622
4161033352,8.034375,2.2010367462225737,9685
4161167923,2.294844213333333,1.1923588871200068,11223
4161593163,7.457467924528301,2.1350498291178908,10888
4161595467,5.28516,1.838191299156521,11912
4162142150,4.850637881147541,1.7665506948117897,7416
4162651086,7.93647201946472,2.1901408826038065,437
4162783305,6.8859573461538455,2.065083626634549,926
4163236688,4.648651764705882,1.7314168909669303,13164
4163379396,11.89161,2.556576712176964,3745
4163433254,8.277961445783134,2.227641850876117,13141
4163644545,5.664215423529412,1.8967522308020486,5110
4164150619,9.91277661971831,2.389934269730428,11584
4164348874,6.3873886883273165,1.9997743150487932,12313
4164404869,7.875706214689266,2.183317905681792,8157
4164954858,5.0,1.791759469228055,4907
4165272142,6.273076923076923,1.9841794376429298,264
4165280993,2.7157256487804875,1.3125739885114287,4222
4165709441,97.6246985167464,4.591321722296945,5372
4166022838,7.255616789189189,2.1108937916238184,13532
4166268805,10.672809639863013,2.4572621748071515,6446
4166397827,8.148580375782881,2.213598717062731,5492
4166503454,9.351164102564102,2.3370989870643792,8770
4166565019,4.4160254347826084,1.689362231829118,7046
4167052074,2.80302,1.335795487938342,4941
4167765300,7.164720790243902,2.0998225299092472,1464
4167825468,8.91625,2.2941748256340757,13708
4167830252,2.6684876470588237,1.2997794918659356,1207
4167908620,21.760497352173914,3.125026461048109,7096
4168235493,7.44666,2.133771096958589,6724
4168375159,4.558973294117647,1.715413431879499,10464
4168612972,8.14459930313589,2.2131634649327334,14192
4168764010,9.937972380952381,2.392240439866756,8600
4168919306,8.474626407369499,2.2486173208897626,4698
4169398232,10.57032,2.44844319855864,13660
4169428194,4.825192802056555,1.7621920979695052,12434
4169448834,6.484963189330545,2.012896099934388,7151
4169792606,4.0,1.6094379124341003,14186
4169873655,13.367089337175793,2.6649401282298792,6620
4169926795,0.0,0.0,953
4170330843,7.082138181818182,2.0896564639882436,5876
4170469685,10.0,2.3978952727983707,9327
4170665303,5.7574365595463135,1.910643610969948,8906
4170908410,2.4163636363636365,1.2285767211869487,339
4170931931,3.59625776,1.5252424419647996,10829
4171166006,9.599827882960414,2.3608377635296276,12928
4171765695,6.632040527272728,2.0323552443091306,2701
4172410346,0.16346153846153846,0.1513996464553685,12555
4172553825,5.306644390243902,1.8416037427470433,3481
4173288772,8.892857142857142,2.2918129960121347,9771
4173583294,8.125,2.211017899468555,9597
4174043566,7.773309421487603,2.1717140922709617,10254
4174380840,5.650793650793651,1.894736193530605,14539
4174906333,6.041095890410959,1.9517638243067739,442
4175475122,4.97034,1.7868038772066255,5735
4175602726,11.89161,2.556576712176964,4122
4176491855,4.503396749999999,1.7053654925167343,6170
4176496415,5.070644682352942,1.8034648073976285,8231
4176749773,11.995771403571428,2.5646240278992614,4210
4176750145,9.484848484848484,2.349931213591244,4362
4177188251,8.847523133333333,2.2872199650181573,9811
4177712828,29.457246847227534,3.4163239575391438,9936
4178202983,9.43672131147541,2.3453304825053074,9346
4178596435,11.51043962264151,2.526563465559327,9452
4179268454,1.3095238095238095,0.8370413602200144,2161
4179940957,3.777534230769231,1.5639245621027986,9898
4180359450,6.708188153310105,2.0422831603878384,6631
4180504052,8.184014395121952,2.217464406989087,12562
4180844887,0.0,0.0,3806
4181260535,9.90668957142857,2.3893763231340883,13780
4181268208,2.9568422857142855,1.3754463045744245,2600
4182083763,4.8162102631578945,1.7606488921151957,975
4182242832,15.979101700201209,2.8319832760798334,13446
4182516561,5.787878787878788,1.9151384903885595,4033
4182846982,10.551444428571429,2.446810487899382,5311
4182847464,8.445496884422111,2.2455381077668632,5534
4182890452,6.831678321678322,2.0581768320760268,10061
4183219484,2.675090909090909,1.3015778695264357,10635
4183521590,21.823044878048783,3.1277707657716793,13810
4183658369,5.060259574468086,1.8017526332345117,1737
4183989583,8.16612192,2.2155142873294764,3341
4184160922,4.043064037854889,1.6180138413790033,6798
4184517423,3.3685251009273567,1.4744254466310824,4944
4184597394,7.336380271280789,2.1206291019264927,11368
4184679807,0.0,0.0,4283
4185152369,7.609756097560975,2.152895990228989,10462
4185662596,9.1465,2.3171288184348864,4168
4185696134,8.502794869109847,2.2515859520875225,4523
4185879107,2.588072679045093,1.277615200135514,13043
4186318695,7.317913846153846,2.1184114837477064,4507
4186633685,9.587932305194807,2.359714890804069,13401
4187383115,16.133142391304347,2.8410147392545095,11579
4187454727,7.345356023076924,2.1217052192447303,14275
4187493393,2.4602458994413405,1.2413396557470364,2243
4187637784,8.925585738539898,2.2951158413094217,8340
4187765274,4.775862068965517,1.7536875212786471,6743
4187767724,7.102968,2.0922304143161563,7836
4188820934,4.324221818181818,1.6722665634857294,9829
4189111819,13.567005720000001,2.6787590891350934,8110
4189144035,6.51863337614679,2.017384389551133,7863
4189381112,5.480515173333334,1.8688000092616754,11195
4190057869,8.074074074074074,2.205421344540398,6199
4190094728,10.02744702886248,2.400387349436337,8054
4190335933,5.677333333333333,1.8987187062495783,13204
4191017599,6.397600935483871,2.0011557497390364,10341
4191650199,3.4055326027397257,1.4828611607602593,175
4191816107,6.022793142857143,1.9491610225009148,1079
4192044832,9.463963963963964,2.3479373508981296,824
4192445572,6.5932371000000005,2.027257995872901,4167
4192680385,8.596606917293233,2.261409589881702,6701
4192895757,1.2565083870967741,0.8138186571389794,350
4193293448,6.8738399999999995,2.063545872274451,2298
4194139688,7.0596194594594595,2.0868663419373776,14416
4194312915,10.480142258064516,2.440618782632109,3973
4194318753,10.428571428571429,2.436116485618568,6688
4194530158,4.4145425581395354,1.6890884000867186,13178
4194651370,12.110740740740741,2.573431798142876,8864
4195141223,0.0,0.0,8146
4195273544,6.167903110600706,1.9696131586449894,8690
4195805723,9.0,2.302585092994046,12129
4196128222,2.79,1.332366019094335,9841
4196458474,9.414172173913043,2.343167587532122,10960
4197170866,1.4166666666666667,0.8823891801984738,7287
4197842267,0.33819241982507287,0.29131976289460515,14315
4197988889,10.01639344262295,2.399384476349838,6741
4198186438,5.913461538461538,1.933470458579674,7187
4198915865,7.102968,2.0922304143161563,10860
4199067931,10.16030534351145,2.4123633171085723,5670
4199151343,4.873908103448276,1.7705201880248833,13554
4199476690,8.857142857142858,2.2881963555419462,12549
4199980899,7.691210076923077,2.1623121789412454,3595
4199985282,7.7948365041031655,2.17416478837525,5598
4200470894,14.398437208860761,2.7342660243260393,2898
4200507889,8.739921672765291,2.276233075811563,4796
4200649485,5.989320538922156,1.9443833467888663,9522
4200883364,10.99699836,2.48465648183194,11516
4200979984,4.013550135501355,1.6121442740318435,10737
4201032064,1.0,0.6931471805599453,4744
4201320837,3.96387,1.6021856784418196,1968
4202341225,10.345744680851064,2.4288427556414014,4041
4202564262,5.440425353846154,1.8625945866690157,1182
4202865468,12.05342366197183,2.5690504489374555,4024
4202898696,6.1150394805194805,1.9622107804399105,4243
4203685760,11.854359157894736,2.5536829878917704,4519
4203694845,5.82783267857143,1.9210072994432186,8653
4203755613,6.849372384937238,2.0604335776346594,6553
4204364083,12.871043867403314,2.629803492302525,137
4204490135,9.577078651685394,2.3586892684235337,12519
4204587276,5.765761967213114,1.9118748890144335,12015
4204941869,6.338362068965517,1.9931156663573575,9428
4205032161,6.4022091450777205,2.00177848877659,5880
4205470674,4.699511246546053,1.7403804249440966,11402
4205559692,6.304257,1.9884573288729903,7392
4205563421,0.23284629981024668,0.20932556094592675,8993
4205880658,3.3710429447852763,1.47500164076663,4267
4206379774,129.3514205042017,4.870234037935796,7742
4206411161,7.475741630769231,2.137208157493274,7162
4206722645,10.55141414141414,2.4468078659591406,14445
4206974536,9.92888,2.391408826672686,9888
4207101794,6.301019999999999,1.9880140644209705,8260
4207484141,12.540981012658227,2.60572071778851,3298
4207961057,6.01085086875,1.9474590729602306,11411
4208977598,10.093002309468822,2.4063144869480473,11721
4209122388,4.455258842975207,1.696580068750529,3239
4209362095,5.256465882352941,1.8336154701558531,7955
4209577263,10.628528181081082,2.453461404874614,1462
4210300201,4.072046736842105,1.623744431769541,2383
4210336751,12.434899886685551,2.5978557903601636,4095
4210391568,6.129656713483145,1.964263086490554,13917
4210601864,1.8857852427572428,1.0597970441238316,5494
4210863474,11.24876404494382,2.5054250376102645,5229
4211102055,6.339207999999999,1.9932309348972375,9345
4211433729,4.091571428571429,1.6275865115150585,11086
4211454876,1.0,0.6931471805599453,5971
4211586354,9.141782888888889,2.3166638100138246,6160
4211701651,7.528491428571429,2.1434124910647423,13627
4211974783,3.2192000607594937,1.4396455510175994,3935
4212668178,0.0,0.0,6389
4212703622,6.050199408284024,1.9530559012871502,7585
4212918209,7.753052093023256,2.169402450180467,885
4213258617,0.716025,0.5400105697242159,6673
4213497920,4.608597272727272,1.7243006477571916,11001
4213669446,6.669479734982333,2.037248781915859,14436
4214061517,10.206892285714286,2.4165289716838503,13895
4214898477,4.4499069473684205,1.6955985346520384,7348
4215009855,274.90921530612246,5.620071881557514,13039
4215207105,5.747984745762713,1.9092439041243667,13301
4215393858,7.721813471502591,2.1658271832142018,9013
4215683450,11.306923076923077,2.510161955819084,6674
4215783805,5.243960412371134,1.8316146625259657,7581
4215822082,11.312965136436597,2.5106527833632595,9965
4215829032,0.0,0.0,13029
4216193537,9.618003343448276,2.3625509890463685,228
4216390407,6.593430656934307,2.0272834862487246,348
4217184865,9.210191082802547,2.323386347261245,3917
4217660501,0.14285714285714285,0.13353139262452257,11472
4217849218,6.866666666666666,2.0626344233634546,8051
4218849426,8.6596261682243,2.2679549485340194,957
4219119816,0.19491791666666666,0.17807749404240886,4665
4219470716,8.32258064516129,2.232439483627286,395
4220011744,9.525974025974026,2.353845919322047,7973
4220454507,17.868928959999998,2.9375165988930894,732
4220792925,3.4369199999999998,1.4899604420336403,5585
4221052196,3.7957951807228913,1.5677395299820385,4255
4221133010,14.197752857142858,2.7211475785772006,11054
4221519768,2.2518030338983053,1.17920962216932,8281
4221592389,0.16108990858258632,0.14935914035699213,11330
4221615669,2.018399977777778,1.1047268823057115,7239
4221642318,10.549872935779817,2.446674435676104,4374
4221690507,10.481308411214954,2.4407203574993277,11255
4221777153,7.427232704402516,2.1314684505542614,6139
4221820286,7.1602500000000004,2.0992748057616066,10681
4222479599,7.220430107526882,2.106622532215861,12441
4222561415,4.3016746389290885,1.6680227402594539,5114
4222668270,9.947126825938566,2.3930770315069005,8972
4222781759,6.939305142857142,2.071825757935452,1028
4223340561,10.266440329218106,2.421828424496421,1807
4223588861,7.801355739130436,2.174905770882765,10291
4224099385,10.683636363636364,2.458189261449287,4126
4224552267,7.384615384615385,2.126398524767607,1474
4225165331,9.0,2.302585092994046,11875
4225589530,3.7480954475806447,1.5577435792371606,11094
4225597834,7.2972644550000005,2.1159258767429567,170
4225715092,0.0,0.0,8721
4225758376,6.75,2.0476928433652555,13291
4226182687,7.934902550335569,2.189965242042186,12587
4226238725,11.156172712844038,2.497837082986193,8449
4226875008,7.915330909090909,2.187772368864142,14458
4227167761,11.227272000000001,2.5036688667639675,13445
4227736649,3.6622918032786886,1.539507130520647,4135
4227924472,4.58256,1.7196474525472347,224
4228563670,5.271601895734597,1.836031807776993,7723
4229185702,0.0,0.0,7498
4230072708,0.6170022154798762,0.4805739507114562,8503
4230502085,7.811601774193548,2.1760692366108985,9937
4230541674,6.5562015503875966,2.0223686235010345,12948
4230582350,0.8298370883054892,0.6042269401066807,1834
4231180824,5.159178878718536,1.8179434697510106,5778
4231749569,8.766392352941176,2.2789471402309,10940
4232387933,9.27510144,2.3297236328396482,3355
4232512036,9.379927499999999,2.339873893127608,248
4232786839,9.413786046511628,2.343130509735309,5968
4233407481,3.9576654545454546,1.600934955448027,5038
4233879642,10.243369411764705,2.4197785692735327,11009
4233954639,8.01948,2.1993866827453203,610
4233958962,5.214238095238096,1.8268431261747164,2504
4234290165,4.166666666666667,1.6422277352570913,4098
4234375208,7.967667135678392,2.1936255681852015,12797
4234500863,2.64258,1.292692221783584,10409
4234634196,9.593785052307693,2.360267513347657,11405
4234961055,10.841217106109324,2.4715864202967985,11039
4235109068,2.64258,1.292692221783584,3966
4235440120,12.9848673675,2.637975842697617,5541
4235601458,10.05,2.402430427963762,4357
4236044479,9.330479383561643,2.335098688982334,11967
4237225962,11.687731153846155,2.540635475658399,12770
4237811226,11.139387287671234,2.496455313819882,10746
4238087821,5.560304482758621,1.8810370169335202,2549
4239224325,4.430621953818828,1.6920536676847318,12568
4240109309,7.133084577114428,2.0959402583823095,12673
4240199168,9.341000000000001,2.336116576202838,8981
4240875750,0.0,0.0,3759
4241258677,8.850470127326151,2.2875191827075745,13765
4241551073,6.755704460431655,2.0484286320169187,12661
4241894949,7.8144865714285725,2.1763965692787277,5322
4241983810,8.268939393939394,2.2266689602963554,1030
4242763281,9.411961637579617,2.3429553026825443,12576
4243035473,1.0473863636363636,0.7165640351494023,2399
4243060343,6.0,1.9459101490553132,13492
4243074225,7.873582580115037,2.183078613323781,5129
4243209069,5.142857142857143,1.8152899666382492,6904
4243889011,11.568543633802816,2.5311971554127095,3132
4244041551,5.0,1.791759469228055,12713
4244147215,7.026860454545456,2.0827934744892276,1339
4244170741,5.804644549763033,1.9176054010526538,11857
4244791093,8.169189131474104,2.2158488561288934,10871
4244824612,7.883720930232558,2.184220492913013,11212
4245275647,5.553896949152543,1.8800598268012463,7877
4245727667,0.9921203438395415,0.6891995709116471,4767
4246120755,3.978895846153846,1.605208148813782,4715
4246364477,7.152937685459941,2.098378314509156,11115
4246790965,20.096799389312977,3.049121341265991,11321
4246799038,8.786533665835412,2.281007324982667,310
4247173682,4.975418514705883,1.7876541396668266,6754
4247761746,4.205882352941177,1.6497892079576677,5938
4247884386,9.036408620689656,2.3062193431685127,2058
4247908403,9.793200282352942,2.3789163323608293,12803
4248028159,6.044238620689655,1.9522100657969381,7878
4248757427,6.6202293577981655,2.030806468694154,11522
4248784272,5.777183228571428,1.9135615626147275,8929
4248808392,5.347540168421053,1.8480673628037,5008
4249363959,8.16097312413793,2.2149524093029664,4330
4250326361,6.951376231578947,2.0733450245747127,9781
4250652210,4.933333333333334,1.7805861686299298,9003
4250677316,5.413843429923123,1.8584586902968598,5572
4250844781,4.172413793103448,1.6433394641097818,7263
4250953163,7.144230769230769,2.097309795510682,11621
4251131852,8.441988021006566,2.245166553430912,3630
4251702605,11.161243781094527,2.498254155936789,9776
4251787659,3.3222573839662446,1.463777808362963,3834
4252398111,11.29072283076923,2.5088447363943454,13023
4253047401,2.9647355163727958,1.377439148290158,10332
4253076496,7.48,2.1377104498038118,8766
4253272167,5.727289316375198,1.9061722863504234,8381
4253988943,11.816107714285714,2.550702794963415,6544
4254110949,4.693428387096775,1.7393125951788408,2348
4254267510,6.072463768115942,1.9562089012558879,13729
4254506876,9.158205521472391,2.318281804648527,3604
4254583539,2.033333333333333,1.1096621248546947,8650
4254737966,69.65217391304348,4.257768878834688,4356
4254777612,9.791666666666666,2.378774231351592,7526
4255037552,4.743942906976744,1.7481458921033397,6563
4255162400,5.926469048780488,1.9353501665835415,3666
4255551302,10.264133333333334,2.4216236364668404,1705
4255876883,28.641,3.389158538050399,811
4255881440,4.58256,1.7196474525472347,2836
4255895448,29.91709459459459,3.4313092540582404,9138
4256644299,9.617175572519084,2.3624730268184178,7068
4257172972,9.106149,2.3131440504776335,8969
4257347195,14.091950606060607,2.714161529240931,13493
4257382022,1.8322861325966853,1.0410842062491572,14461
4257751107,6.537692458536585,2.0199160951981874,3687
4258645071,8.138367169811321,2.212481722877891,7920
4258836629,3.5547047348684213,1.5161607064085494,5606
4258858199,9.332495209756097,2.3352938037942645,545
4259262005,1.6330708661417324,0.9681507947519554,5331
4259701437,4.676056338028169,1.7362566849053676,11281
4259823318,7.871989795918368,2.1828990999029463,7305
4259854260,2.7600000000000002,1.3244189574018033,6469
4259909208,4.6203125,1.7263872673419063,1593
4259960538,2.782051282051282,1.330266529650228,9945
4260163895,11.473247647058823,2.5235861625972227,12929
4260386226,12.318840579710145,2.5891796177584276,9815
4260977688,7.9393939393939394,2.1904677948733395,10538
4261103315,11.786302826975476,2.548374506326188,8197
4261399601,2.5580640987158914,1.2692166044596402,8776
4261477471,5.883838383838384,1.9291764010019974,14187
4261553233,5.545939090909091,1.878844871255542,4140
4261630486,8.440944881889763,2.245056068568923,9418
4262110429,5.88066985645933,1.9287160100632577,4220
4262410041,6.997987421383648,2.0791899377031657,6407
4263431734,4.719329791666667,1.743851629237805,9005
4263744752,0.13821901960784314,0.12946477729840797,2361
4263800917,10.426829268292684,2.435964034974169,12818
4264840736,6.169717437037037,1.9698662447745863,8996
4264863151,5.321078431372549,1.8438898314771832,4306
4264919403,4.197549836065574,1.6481873291726667,157
4265959310,8.393939393939394,2.240064736012712,10912
4266189744,11.934799120879122,2.5599212856278872,11383
4266265384,5.699559,1.9020417033351078,1235
4266909099,5.83560375,1.92214479838898,10698
4267559996,8.826086956521738,2.285040783343136,8780
4267765738,9.466028285714286,2.348134610575285,12771
4268041157,11.222249366754617,2.5032580093700174,4077
4268731762,7.776095717488789,2.1720316296464492,5228
4269266901,0.0,0.0,10063
4269343192,5.0,1.791759469228055,212
4269639302,12.608514,2.6106956262791035,747
4270261399,9.249030000000001,2.3271830669599827,516
4270324844,7.03795293,2.084174440075551,14195
4270368848,5.768539436619719,1.912285323120003,4611
4270478621,2.8125,1.33828514193353,9754
4271443560,8.274066666666666,2.2272219744992507,1599
4271454642,9.627831715210355,2.363476193674573,6694
4272314116,4.185992307692308,1.6459612038319764,9966
4272585682,3.4369199999999998,1.4899604420336403,14123
4272977169,5.168701395348837,1.8194883449951729,13331
4273495871,2.691823899371069,1.3061206176078648,10878
4273631000,5.602459024390243,1.8874421590949577,12686
4273742943,10.31076,2.425754485041046,4149
4274123200,11.838662306181819,2.552461111072978,12987
4275376869,2.292616702702703,1.1916825990193498,2108
4275459674,9.141975757575757,2.3166828270698088,9896
4276323842,0.0,0.0,683
4276736607,7.1841590086956515,2.102200457675592,9457
4276839118,6.077934000000001,1.9569820572118115,11285
4277172225,4.437837837837838,1.6933815255813598,13680
4277876665,7.713480814772728,2.164871345334157,6471
4277909707,3.3032250000000003,1.4593647415900628,6596
4278110654,8.933333333333334,2.295896104843249,8533
4278368273,6.0212765957446805,1.9489450527504673,6513
4278522685,0.0,0.0,2139
4278669886,2.972179245283019,1.3793148723759576,9440
4279681302,4.1787219,1.6445582883749612,7534
4280687330,10.398886153846153,2.4335156448239577,3071
4281256649,7.675788,2.1605361574424777,8632
4282050417,11.441392666666665,2.521029031741699,11790
4282239012,12.274504461538463,2.5858452377336016,8349
4282423081,9.249030000000001,2.3271830669599827,2635
4282460045,6.0,1.9459101490553132,4528
4282810991,4.867898838655463,1.7694966206391993,278
4282873567,5.551947692307692,1.8797623630493783,13546
4283195781,8.166872280701753,2.2155961463748626,11144
4283259603,5.77890225,1.913815178813962,10391
4283389194,7.7006432812500005,2.1633969633006465,9741
4283467941,10.647058823529411,2.455053686638319,968
4284045401,8.46875,2.2479969027096427,10123
4284187809,7.232816548347613,2.1081281855886935,518
4284982218,10.86363104477612,2.4734775056312297,4080
4285122414,241.14001474421056,5.489516132170856,8263
4285499186,9.042374201680671,2.306813560578933,831
4286003490,13.39430210625,2.666832441211199,6634
4286247039,10.36704867052023,2.4307187024337926,12839
4286519769,5.3475,1.8480610345966966,2952
4286713323,5.428151428571429,1.8606870052473579,1550
4287533940,13.0,2.6390573296152584,2167
4287675257,4.497697777777778,1.7043294187483238,6912
4287791246,9.565813355555557,2.357623633959523,66
4288128388,3.7174848979591837,1.5512757969749318,4286
4288496495,9.99,2.39698576841553,7802
4288847820,5.115279857142857,1.8107905337734982,3629
4288888263,1.6579180487804877,0.9775431279047124,7188
4289352950,10.636262172701949,2.454126271549805,9732
4289426997,5.814990909090909,1.91912473119176,13461
4289582419,5.479674796747967,1.8686703234177975,9779
4289684281,0.8440640425531913,0.6119718547662408,11323
4290077214,7.1564312,2.098806720368147,11209
4290748253,9.799331395348839,2.379484224375734,3590
4290837853,2.961397735234216,1.376596926432431,14316
4291192796,11.891610000000002,2.556576712176964,11844
4291295043,6.0,1.9459101490553132,13590
4291422335,0.0,0.0,11942
4291533519,2.0,1.0986122886681098,3064
4291733909,4.303030303030303,1.6682784124570338,4755
4291850595,2.6708801194029848,1.300431447866788,12944
4291937065,15.798470280991737,2.8212878275606093,7765
4292367429,6.048811953284671,1.952859085358962,9655
4292468070,11.4564,2.522234547053978,10665
4292789223,6.646892655367232,2.0342993764805266,7865
4293118098,8.238987341772152,2.223432284601313,8403
4293574702,8.887525056000001,2.2912738671992847,7459
4293763323,4.666666666666667,1.7346010553881064,3767
4293912671,131.11429084745762,4.883667387716825,11923
4294175702,8.565217391304348,2.258133330423212,12321
4294305890,5.1690185714285715,1.8195397606668948,11925
4294461063,8.043279069767442,2.202021837590417,8158
4294476790,9.296692100840337,2.3318226883959765,454
4294587522,5.610526315789474,1.888663274867658,6088
4294743266,2.822755909090909,1.3409716046745737,2344
